id,split
11537,train
97894,train
20906,train
66602,train
13431,train
10492,train
36855,train
34074,train
14881,train
14114,train
83228,train
97239,train
76553,train
58707,train
33470,train
12216,train
91670,train
53894,train
49608,train
63536,train
50972,train
20433,train
28809,train
89589,train
86442,train
39160,train
72082,train
89302,train
92107,train
76535,train
8770,train
13558,train
83358,train
11512,train
28645,train
3903,train
90526,train
8552,train
34248,train
47043,train
8215,train
73261,train
69953,train
17277,train
5187,train
48478,train
49952,train
10949,train
79241,train
47613,train
87563,train
19135,train
56978,train
59659,train
46012,train
12612,train
44297,train
65371,train
80127,train
5030,train
67220,train
35719,train
51027,train
54201,train
93876,train
7996,train
95076,train
95370,train
59953,train
28200,train
54405,train
79658,train
73177,train
49626,train
24347,train
95004,train
11024,train
67521,train
2768,train
46415,train
82572,train
95540,train
91711,train
82116,train
63125,train
45264,train
74340,train
11945,train
66230,train
66911,train
60543,train
83081,train
21851,train
11748,train
43285,train
29694,train
857,train
9562,train
23657,train
43638,train
46949,train
41436,train
71463,train
92271,train
14897,train
17397,train
21729,train
58499,train
35919,train
43085,train
92747,train
70654,train
403,train
60808,train
29697,train
64651,train
52787,train
81150,train
91601,train
18727,train
21007,train
24433,train
32833,train
87304,train
43851,train
44169,train
84851,train
97117,train
13465,train
15759,train
9980,train
8567,train
5805,train
41694,train
2315,train
17127,train
1573,train
80469,train
82765,train
31306,train
13246,train
26980,train
55539,train
47453,train
89673,train
4643,train
48764,train
46745,train
78445,train
93888,train
43460,train
97840,train
45636,train
19922,train
69665,train
76681,train
49273,train
8391,train
15550,train
7053,train
14545,train
56037,train
54263,train
31436,train
44690,train
18973,train
2191,train
38499,train
48757,train
26858,train
86393,train
86923,train
43846,train
81401,train
76621,train
35767,train
94547,train
39221,train
62849,train
77740,train
25050,train
5514,train
90488,train
69573,train
57415,train
83350,train
54239,train
94719,train
32872,train
88450,train
30443,train
26635,train
20485,train
91451,train
12532,train
39984,train
72146,train
17769,train
22326,train
72469,train
4440,train
10374,train
71435,train
51360,train
73781,train
28936,train
1542,train
8161,train
64681,train
80236,train
75042,train
14824,train
81930,train
14204,train
28867,train
16803,train
11454,train
88292,train
74698,train
72389,train
62417,train
5493,train
14724,train
7003,train
21460,train
10034,train
22428,train
54670,train
91960,train
21875,train
99088,train
38274,train
74838,train
86133,train
31660,train
87895,train
53183,train
48168,train
32981,train
81161,train
15765,train
37264,train
77107,train
66378,train
76503,train
97272,train
89659,train
7005,train
64847,train
79529,train
41630,train
69697,train
24280,train
88528,train
22029,train
96220,train
18263,train
27262,train
31392,train
46094,train
55812,train
89047,train
75419,train
93336,train
765,train
54519,train
36707,train
84913,train
61248,train
49643,train
94499,train
8881,train
4192,train
35051,train
21900,train
12196,train
63097,train
55736,train
47545,train
9710,train
49743,train
61741,train
7716,train
69585,train
62621,train
767,train
2306,train
1564,train
94046,train
11468,train
26782,train
64163,train
25856,train
23020,train
39935,train
69970,train
63664,train
9084,train
93369,train
78104,train
3349,train
17619,train
92819,train
67816,train
85429,train
66288,train
20070,train
80708,train
6526,train
12211,train
7422,train
5865,train
16317,train
29441,train
31096,train
3498,train
89163,train
65861,train
29842,train
43245,train
26571,train
96508,train
80451,train
28272,train
76904,train
9311,train
68521,train
71157,train
1066,train
39588,train
75496,train
27006,train
29667,train
4628,train
10544,train
38926,train
60186,train
90517,train
58904,train
63438,train
2454,train
8300,train
86071,train
66365,train
43493,train
10972,train
57406,train
93913,train
33182,train
54125,train
89875,train
54051,train
24418,train
29816,train
6485,train
16035,train
42108,train
74175,train
62501,train
16882,train
61742,train
88955,train
26536,train
73849,train
3996,train
54121,train
54821,train
89522,train
58539,train
99007,train
25880,train
7057,train
83515,train
48651,train
56626,train
908,train
98312,train
86642,train
23138,train
66037,train
70283,train
29368,train
88276,train
94550,train
98161,train
919,train
29414,train
22498,train
96743,train
16835,train
46638,train
64571,train
67661,train
14974,train
84817,train
75154,train
60666,train
42091,train
10760,train
34607,train
61398,train
48552,train
96930,train
4268,train
45943,train
91992,train
37062,train
85309,train
84939,train
33187,train
15160,train
26442,train
68856,train
96442,train
9215,train
42086,train
46682,train
16211,train
79060,train
2656,train
4176,train
12261,train
5442,train
35069,train
44909,train
23908,train
48671,train
55493,train
47459,train
81889,train
12361,train
73864,train
53080,train
52110,train
3817,train
46428,train
62673,train
83359,train
61193,train
9115,train
48162,train
24342,train
80278,train
17402,train
56178,train
1486,train
99321,train
9569,train
34085,train
69294,train
43241,train
63911,train
672,train
8455,train
44786,train
573,train
32744,train
57565,train
19405,train
40742,train
61442,train
90804,train
75429,train
62032,train
6943,train
63858,train
3518,train
62252,train
7029,train
38435,train
1918,train
37808,train
90985,train
80602,train
64039,train
82563,train
29821,train
37806,train
19975,train
13677,train
20685,train
58867,train
56137,train
23206,train
43810,train
86664,train
53557,train
29849,train
40549,train
78948,train
8724,train
36243,train
69155,train
53243,train
33325,train
62035,train
17873,train
36297,train
90271,train
86613,train
70742,train
97348,train
69492,train
61246,train
84006,train
89055,train
9038,train
13125,train
80747,train
12115,train
44630,train
81768,train
52617,train
16610,train
12740,train
79922,train
7264,train
33758,train
90632,train
49463,train
63482,train
49934,train
4566,train
89327,train
29951,train
84467,train
95476,train
55377,train
52586,train
50080,train
91390,train
44258,train
42362,train
88024,train
17047,train
48863,train
37770,train
30862,train
56510,train
4099,train
65868,train
48949,train
92625,train
66581,train
2810,train
53362,train
76007,train
80225,train
28037,train
99398,train
90696,train
59361,train
25646,train
12760,train
55129,train
15481,train
69646,train
7230,train
72310,train
87811,train
95470,train
57307,train
89536,train
88363,train
71275,train
48460,train
37014,train
79910,train
82270,train
42930,train
21173,train
61294,train
52238,train
50565,train
86078,train
16275,train
87976,train
58931,train
81697,train
39972,train
34010,train
77652,train
28463,train
81732,train
18603,train
67668,train
26520,train
28289,train
82460,train
33003,train
81835,train
16206,train
26394,train
28265,train
71871,train
46156,train
18643,train
64424,train
79661,train
21478,train
65322,train
59410,train
64324,train
9950,train
78214,train
99577,train
20358,train
51437,train
32409,train
35746,train
63331,train
47253,train
4040,train
86477,train
95504,train
99861,train
70796,train
11191,train
25645,train
8937,train
79352,train
90891,train
87264,train
20643,train
31929,train
1208,train
9275,train
99173,train
37736,train
60662,train
61231,train
80473,train
58798,train
59416,train
34562,train
34352,train
184,train
41957,train
53967,train
90059,train
82220,train
82746,train
26063,train
56640,train
64789,train
38444,train
60771,train
40906,train
92508,train
2329,train
23596,train
65847,train
94467,train
78776,train
62726,train
53314,train
4684,train
85606,train
25731,train
75198,train
70926,train
91393,train
12432,train
83722,train
2175,train
92135,train
25855,train
81074,train
62142,train
89771,train
62152,train
87943,train
54937,train
28310,train
47392,train
43832,train
40104,train
6375,train
44774,train
66783,train
88475,train
55617,train
77623,train
96866,train
21623,train
72507,train
46708,train
93341,train
36477,train
95304,train
74460,train
44121,train
48147,train
404,train
77391,train
53058,train
27630,train
76111,train
57194,train
53822,train
53657,train
46261,train
34032,train
12876,train
5759,train
92526,train
85009,train
15741,train
48968,train
70047,train
87736,train
61865,train
59589,train
6163,train
260,train
52677,train
14557,train
21045,train
47899,train
6739,train
1815,train
97031,train
84494,train
91206,train
83666,train
52765,train
82198,train
52774,train
10112,train
75213,train
58568,train
26629,train
86595,train
10763,train
3767,train
4395,train
10744,train
664,train
23636,train
91054,train
33000,train
32257,train
37100,train
93739,train
96856,train
57142,train
33368,train
41940,train
62469,train
71421,train
19911,train
56727,train
43844,train
64707,train
53462,train
24314,train
49027,train
95818,train
32904,train
33402,train
11275,train
89843,train
42457,train
57728,train
99316,train
8883,train
50619,train
18346,train
55903,train
45572,train
14533,train
25082,train
68882,train
17068,train
21810,train
18313,train
35774,train
12279,train
89168,train
53899,train
9465,train
22162,train
73088,train
36459,train
56814,train
20078,train
61182,train
63304,train
70202,train
70381,train
40707,train
98964,train
41179,train
10614,train
22895,train
65674,train
42900,train
59264,train
95956,train
77860,train
17681,train
63161,train
5490,train
74424,train
91217,train
38413,train
16598,train
83386,train
67639,train
92204,train
7294,train
34112,train
37563,train
83819,train
684,train
3497,train
12518,train
97081,train
28296,train
77577,train
87036,train
11811,train
69180,train
72192,train
43527,train
37730,train
76047,train
30531,train
78462,train
75276,train
98225,train
84570,train
8232,train
6431,train
62518,train
17255,train
1518,train
35355,train
66424,train
94174,train
53998,train
86249,train
93348,train
54805,train
18737,train
98404,train
73153,train
30282,train
61931,train
26153,train
71056,train
54102,train
46684,train
15792,train
83437,train
73109,train
46388,train
62752,train
72789,train
22384,train
20219,train
7302,train
35745,train
51902,train
20921,train
46082,train
11458,train
44871,train
41440,train
84964,train
21734,train
4130,train
69619,train
22680,train
5511,train
92999,train
62707,train
4067,train
18772,train
98926,train
24053,train
33838,train
97100,train
19921,train
94176,train
23972,train
94260,train
74494,train
25568,train
37486,train
59464,train
66854,train
4981,train
59189,train
83100,train
82235,train
7929,train
93356,train
73042,train
5664,train
19426,train
18302,train
40363,train
64935,train
32464,train
21105,train
90337,train
23347,train
66342,train
9750,train
23903,train
68903,train
93395,train
95299,train
93082,train
55430,train
25301,train
39255,train
9155,train
22097,train
43386,train
38043,train
88393,train
42157,train
24850,train
38563,train
33192,train
41401,train
28917,train
73982,train
55720,train
1221,train
31965,train
78073,train
37043,train
89799,train
25891,train
29964,train
45858,train
62854,train
36654,train
10655,train
14812,train
82090,train
92382,train
6236,train
31639,train
86123,train
20978,train
66825,train
26388,train
4570,train
59028,train
52279,train
41028,train
58765,train
24239,train
76003,train
14377,train
11840,train
15407,train
50880,train
4708,train
22927,train
79756,train
66308,train
76691,train
45892,train
76147,train
92145,train
6987,train
72197,train
47798,train
36457,train
22087,train
71803,train
79692,train
47927,train
47684,train
32493,train
77987,train
65361,train
9619,train
68764,train
25012,train
27378,train
2718,train
67117,train
61370,train
38072,train
67457,train
70029,train
57209,train
22003,train
53711,train
47086,train
5423,train
15105,train
50990,train
26355,train
5179,train
45670,train
46372,train
88197,train
65607,train
76161,train
18192,train
2463,train
61502,train
30360,train
37462,train
55150,train
53029,train
47055,train
45054,train
15057,train
13521,train
26953,train
35426,train
66426,train
92655,train
33882,train
6041,train
76043,train
59225,train
83683,train
33296,train
64167,train
46235,train
9991,train
69451,train
38216,train
39305,train
31319,train
30985,train
53057,train
91162,train
14313,train
60781,train
27963,train
99147,train
67212,train
37828,train
8337,train
72056,train
98158,train
72024,train
3442,train
83402,train
3365,train
55044,train
50455,train
31608,train
93963,train
29320,train
72943,train
11934,train
3901,train
12411,train
13714,train
7605,train
83778,train
28255,train
81576,train
62319,train
85718,train
96206,train
41199,train
88015,train
97083,train
2301,train
83045,train
86660,train
6872,train
93432,train
64642,train
23463,train
80113,train
43929,train
73567,train
68116,train
7077,train
1763,train
72856,train
74140,train
16725,train
12229,train
75517,train
60752,train
87506,train
71719,train
80036,train
75269,train
59367,train
18471,train
75857,train
22286,train
32041,train
16151,train
47650,train
43062,train
70531,train
13269,train
63012,train
12993,train
81644,train
30759,train
44547,train
48386,train
96535,train
98635,train
32261,train
58832,train
1827,train
41461,train
3375,train
61545,train
14859,train
6628,train
52933,train
64447,train
30905,train
93537,train
71089,train
5153,train
6413,train
21500,train
33911,train
22303,train
44140,train
23992,train
7722,train
24738,train
87497,train
5215,train
31148,train
32487,train
38549,train
3421,train
40956,train
53919,train
4222,train
32938,train
1409,train
77347,train
57810,train
36352,train
94576,train
97803,train
66916,train
61533,train
32694,train
96112,train
48485,train
6586,train
56009,train
74619,train
15149,train
96219,train
62773,train
33571,train
64242,train
88347,train
77919,train
10407,train
9323,train
2143,train
75620,train
30884,train
87966,train
18551,train
58025,train
22387,train
7755,train
5917,train
42081,train
12353,train
68920,train
3198,train
70168,train
40382,train
53670,train
77840,train
41449,train
46536,train
49098,train
12560,train
52791,train
26950,train
70955,train
95746,train
34391,train
22083,train
39410,train
30372,train
87819,train
32282,train
1333,train
58779,train
74193,train
29093,train
14017,train
35558,train
1042,train
95298,train
22189,train
21455,train
31992,train
96030,train
16110,train
99063,train
15979,train
12953,train
23617,train
70206,train
60992,train
66096,train
8125,train
47135,train
65752,train
36539,train
68184,train
8802,train
70692,train
11543,train
57651,train
38111,train
7821,train
13781,train
92392,train
9309,train
17061,train
91167,train
60661,train
93597,train
92456,train
18171,train
1554,train
34002,train
39279,train
84610,train
56093,train
13866,train
25921,train
17531,train
42355,train
46599,train
16062,train
87813,train
84839,train
53605,train
56003,train
31042,train
77435,train
35217,train
34207,train
48521,train
80030,train
34875,train
30951,train
36348,train
78377,train
94989,train
56772,train
2520,train
9301,train
44032,train
34800,train
4129,train
10886,train
88862,train
35275,train
2921,train
71211,train
45628,train
53748,train
12806,train
23268,train
36051,train
25923,train
12807,train
97420,train
29693,train
89172,train
81902,train
51638,train
50644,train
48434,train
32903,train
28309,train
18764,train
11911,train
48246,train
28665,train
5212,train
21724,train
18468,train
38378,train
72922,train
13298,train
60245,train
35139,train
65848,train
56103,train
34399,train
7154,train
55119,train
54734,train
38268,train
546,train
40919,train
22386,train
4600,train
39559,train
30453,train
92853,train
61859,train
57585,train
12999,train
61247,train
19220,train
59608,train
50735,train
43554,train
69138,train
7943,train
21406,train
5680,train
93427,train
21821,train
19474,train
68534,train
11533,train
91664,train
85697,train
78416,train
23018,train
63196,train
35759,train
9623,train
24731,train
68570,train
99494,train
14845,train
37368,train
7757,train
2547,train
95302,train
65343,train
22750,train
59290,train
83017,train
79474,train
81897,train
47581,train
51380,train
94636,train
24295,train
31547,train
65582,train
89713,train
76865,train
8496,train
82203,train
25467,train
28629,train
66813,train
48399,train
13755,train
26418,train
68603,train
83369,train
75266,train
11039,train
96864,train
68500,train
50723,train
77393,train
89103,train
88027,train
49374,train
5039,train
11495,train
63881,train
81924,train
53990,train
89381,train
96236,train
69993,train
12583,train
78850,train
92548,train
60949,train
32985,train
1210,train
37635,train
44306,train
22022,train
95142,train
58132,train
69278,train
57793,train
20458,train
5397,train
23230,train
38277,train
22728,train
9450,train
34424,train
52762,train
39669,train
48900,train
75643,train
52012,train
46781,train
71392,train
6003,train
62002,train
30518,train
59118,train
43117,train
2285,train
56229,train
57174,train
61791,train
36327,train
17602,train
50977,train
58348,train
87949,train
6054,train
12640,train
63459,train
22461,train
20969,train
8685,train
14641,train
81508,train
66874,train
32786,train
75459,train
32103,train
4698,train
63055,train
90084,train
97281,train
81177,train
39220,train
60025,train
89156,train
18682,train
57863,train
37432,train
39047,train
48436,train
50494,train
90918,train
40229,train
14425,train
62806,train
94483,train
31726,train
27031,train
57332,train
69307,train
69494,train
90359,train
40778,train
25178,train
30689,train
56202,train
72618,train
15946,train
79815,train
57148,train
40546,train
49813,train
18624,train
30564,train
31853,train
7243,train
17711,train
92891,train
57745,train
59457,train
7046,train
23162,train
55290,train
58788,train
72195,train
92688,train
41316,train
1920,train
59201,train
24663,train
47918,train
13830,train
83794,train
44931,train
99359,train
48337,train
99896,train
191,train
40930,train
53395,train
72892,train
52987,train
90763,train
41916,train
84925,train
7209,train
71920,train
10702,train
9787,train
11716,train
14437,train
85512,train
93274,train
57436,train
50249,train
65001,train
81170,train
46120,train
71531,train
80918,train
98266,train
76377,train
11929,train
8169,train
61440,train
32533,train
82760,train
85467,train
41903,train
79066,train
90152,train
9885,train
67053,train
74370,train
25649,train
43253,train
11682,train
28715,train
70580,train
26898,train
91920,train
82172,train
67245,train
4913,train
67678,train
39272,train
49752,train
95121,train
14497,train
27381,train
25226,train
11998,train
11034,train
61804,train
61243,train
10464,train
64312,train
63375,train
76996,train
56955,train
98591,train
9626,train
94697,train
16383,train
66172,train
75252,train
92408,train
19166,train
81556,train
32167,train
72009,train
31331,train
44914,train
49874,train
83329,train
96869,train
34551,train
25624,train
66105,train
72360,train
20195,train
78713,train
86070,train
97454,train
58065,train
59780,train
57989,train
34279,train
99221,train
97291,train
33007,train
45637,train
64220,train
37384,train
48186,train
11180,train
97535,train
58672,train
79984,train
78905,train
833,train
75247,train
7006,train
69874,train
12236,train
9118,train
73919,train
36023,train
63507,train
38432,train
74975,train
91094,train
19303,train
64123,train
99493,train
8971,train
14902,train
63210,train
91166,train
51986,train
62576,train
37560,train
89744,train
38213,train
24057,train
95995,train
25351,train
89324,train
75962,train
83117,train
68822,train
16928,train
19360,train
61734,train
73258,train
86821,train
33252,train
98541,train
64417,train
15300,train
63101,train
17915,train
88157,train
1565,train
37453,train
90885,train
95466,train
3744,train
36353,train
25397,train
50712,train
83272,train
79728,train
29886,train
46327,train
84554,train
62350,train
98914,train
90255,train
50777,train
86234,train
7889,train
61462,train
72773,train
69343,train
91689,train
40561,train
72699,train
79122,train
91342,train
89969,train
53821,train
80698,train
86338,train
51510,train
9303,train
61845,train
650,train
94039,train
58040,train
74825,train
74164,train
29071,train
27748,train
65222,train
88154,train
92959,train
71297,train
34387,train
22215,train
77977,train
93164,train
81848,train
22446,train
57044,train
84575,train
82294,train
93286,train
15090,train
24211,train
90103,train
40428,train
10137,train
15280,train
77200,train
28408,train
59513,train
61697,train
22642,train
18379,train
86999,train
99049,train
8682,train
51068,train
43966,train
90548,train
92875,train
86350,train
59128,train
97524,train
37995,train
40108,train
49012,train
40815,train
84847,train
4460,train
63217,train
5078,train
77158,train
94234,train
37753,train
1393,train
48062,train
95621,train
9322,train
11587,train
71499,train
72429,train
23780,train
80532,train
5706,train
82525,train
75760,train
61317,train
45463,train
18571,train
26486,train
43679,train
2222,train
37514,train
6503,train
43307,train
93713,train
10082,train
83208,train
73969,train
97657,train
61236,train
52486,train
46114,train
44207,train
88882,train
84149,train
12313,train
63384,train
58671,train
76749,train
32569,train
26241,train
90071,train
18707,train
27212,train
25246,train
73589,train
16354,train
52084,train
91333,train
87476,train
62517,train
89638,train
89682,train
1683,train
88322,train
93064,train
50162,train
83675,train
84621,train
50441,train
28634,train
3488,train
68309,train
55276,train
13430,train
44571,train
32301,train
33736,train
14275,train
87720,train
36870,train
38029,train
58429,train
69734,train
72180,train
52477,train
27380,train
59122,train
65240,train
80795,train
8116,train
92176,train
91475,train
79150,train
32035,train
77360,train
88004,train
57741,train
52502,train
20085,train
76216,train
75617,train
10002,train
4185,train
11446,train
86492,train
43000,train
70737,train
84162,train
24934,train
66975,train
91934,train
43551,train
24615,train
46096,train
62750,train
49137,train
98892,train
97214,train
88658,train
29099,train
37259,train
36544,train
94608,train
78113,train
18717,train
9057,train
59376,train
33291,train
17261,train
21986,train
84304,train
98234,train
43677,train
77932,train
11973,train
66646,train
68608,train
21119,train
86750,train
85707,train
37060,train
7532,train
36771,train
70668,train
8545,train
16618,train
22896,train
85393,train
21427,train
56249,train
28503,train
42582,train
49120,train
40495,train
44934,train
71412,train
41665,train
4411,train
32778,train
99269,train
70599,train
40429,train
12767,train
56818,train
48187,train
52758,train
85194,train
45949,train
57496,train
25002,train
85762,train
52414,train
55167,train
77275,train
43557,train
84699,train
3297,train
29545,train
72939,train
92557,train
56622,train
42587,train
15573,train
85595,train
64833,train
59758,train
40911,train
76481,train
73298,train
96467,train
79716,train
47179,train
92848,train
23439,train
22134,train
7877,train
75273,train
62430,train
2510,train
24864,train
94794,train
61480,train
84815,train
95474,train
87555,train
25330,train
62604,train
58751,train
88828,train
73391,train
78059,train
67138,train
23805,train
7266,train
97483,train
23527,train
88506,train
16639,train
32807,train
89848,train
41839,train
75735,train
88732,train
69149,train
47231,train
44792,train
89273,train
15228,train
11575,train
26535,train
25475,train
18808,train
72431,train
79882,train
42946,train
73768,train
31336,train
6531,train
76838,train
16926,train
13061,train
25243,train
55373,train
78241,train
68191,train
92590,train
62287,train
84379,train
63004,train
42062,train
41283,train
76126,train
75128,train
89887,train
42222,train
66080,train
9253,train
11909,train
19141,train
1086,train
68867,train
11755,train
1397,train
8866,train
46154,train
16898,train
75409,train
26808,train
42414,train
36347,train
91518,train
94529,train
62539,train
92074,train
24962,train
98947,train
41992,train
52159,train
4860,train
87611,train
37466,train
95231,train
16397,train
48964,train
69273,train
75624,train
28454,train
78282,train
23115,train
28102,train
73446,train
15803,train
14318,train
43468,train
18915,train
75724,train
30716,train
42134,train
9351,train
74478,train
66182,train
39374,train
7715,train
22092,train
75585,train
17864,train
10862,train
80571,train
66070,train
42512,train
88470,train
75723,train
27952,train
95769,train
95328,train
55858,train
83360,train
68768,train
93475,train
22074,train
4107,train
3205,train
98333,train
85633,train
17153,train
6950,train
5365,train
54137,train
35985,train
3971,train
21689,train
67024,train
73742,train
62947,train
1732,train
47914,train
44307,train
1062,train
28913,train
66600,train
892,train
23140,train
91717,train
33795,train
7667,train
83120,train
43496,train
26711,train
11643,train
31796,train
84337,train
16750,train
50895,train
74646,train
84393,train
68089,train
8292,train
69354,train
21801,train
20687,train
14280,train
18909,train
29713,train
34599,train
9252,train
69787,train
70711,train
90299,train
57679,train
20415,train
90908,train
55759,train
41087,train
3893,train
33233,train
59130,train
92748,train
5891,train
86102,train
55206,train
65208,train
99694,train
61382,train
38085,train
91709,train
65030,train
50174,train
20902,train
13445,train
93901,train
58058,train
80165,train
20048,train
71281,train
53868,train
13497,train
92960,train
13832,train
10902,train
52824,train
725,train
8121,train
66789,train
98557,train
73318,train
74129,train
80117,train
68147,train
57339,train
59683,train
77036,train
95671,train
94898,train
94771,train
18589,train
56243,train
10447,train
91663,train
61233,train
93284,train
54298,train
50449,train
94390,train
34493,train
33806,train
8311,train
3645,train
7117,train
61417,train
51127,train
81043,train
21378,train
30468,train
42747,train
12293,train
35628,train
80122,train
53116,train
14351,train
62796,train
26584,train
60382,train
46946,train
49334,train
37884,train
65005,train
44721,train
91898,train
77560,train
31769,train
91839,train
5345,train
44843,train
14389,train
83147,train
25765,train
11003,train
97182,train
84361,train
73008,train
99910,train
80810,train
8899,train
76561,train
24007,train
78605,train
58841,train
23722,train
7195,train
83839,train
46249,train
58774,train
91628,train
24845,train
52195,train
15248,train
44448,train
10589,train
55077,train
45804,train
27759,train
354,train
17710,train
37247,train
63184,train
9402,train
41373,train
49412,train
42420,train
60014,train
69764,train
31512,train
87537,train
96056,train
99909,train
53059,train
6325,train
79828,train
4232,train
24462,train
56577,train
51421,train
78494,train
86091,train
99103,train
85690,train
48087,train
9439,train
89803,train
36534,train
94282,train
98154,train
81885,train
66592,train
41945,train
2054,train
9082,train
16829,train
89006,train
8439,train
67879,train
46145,train
41617,train
44924,train
86031,train
56162,train
98945,train
63968,train
52898,train
47362,train
95645,train
83269,train
58044,train
41248,train
41808,train
83009,train
21323,train
2239,train
24429,train
28056,train
36636,train
33250,train
92536,train
74251,train
92309,train
3182,train
29303,train
64425,train
36616,train
60431,train
97438,train
89902,train
92701,train
27134,train
38903,train
55220,train
44623,train
95890,train
77124,train
46872,train
67043,train
78698,train
40418,train
17344,train
57587,train
70900,train
90400,train
73124,train
46810,train
80463,train
45354,train
59302,train
54414,train
8896,train
55852,train
96651,train
96464,train
3431,train
95316,train
2464,train
32750,train
76084,train
31557,train
46506,train
43421,train
11897,train
76974,train
61501,train
70605,train
70545,train
81544,train
18619,train
29316,train
83845,train
96428,train
61322,train
65193,train
34319,train
41781,train
16393,train
28118,train
15785,train
94242,train
43911,train
13055,train
94270,train
53335,train
89766,train
64040,train
4295,train
23198,train
16034,train
23127,train
2554,train
53790,train
64333,train
92773,train
5306,train
76432,train
46035,train
64435,train
66013,train
10334,train
12431,train
5809,train
34616,train
95310,train
18849,train
82622,train
70753,train
85973,train
44026,train
52681,train
27801,train
49541,train
26125,train
22398,train
86839,train
37151,train
31183,train
94178,train
22919,train
53826,train
50323,train
46521,train
21009,train
4777,train
30445,train
13408,train
82764,train
85415,train
22259,train
51458,train
15180,train
57515,train
2482,train
39922,train
23603,train
55586,train
27384,train
94460,train
69710,train
41275,train
23208,train
86269,train
47870,train
89543,train
31107,train
93077,train
85576,train
57551,train
77487,train
8494,train
27276,train
30823,train
86416,train
93435,train
42032,train
8602,train
33521,train
55025,train
41126,train
72567,train
23874,train
3563,train
85666,train
55879,train
36792,train
35197,train
3933,train
85267,train
40351,train
99432,train
34469,train
42295,train
38484,train
95027,train
10015,train
95856,train
23304,train
78187,train
35068,train
57067,train
52693,train
40856,train
49884,train
89618,train
75910,train
74942,train
31961,train
33276,train
28109,train
35011,train
54451,train
58300,train
9462,train
39906,train
49308,train
26640,train
680,train
818,train
16762,train
48180,train
63702,train
86295,train
39493,train
23634,train
846,train
12624,train
45138,train
51556,train
4155,train
25826,train
2683,train
8906,train
34585,train
31025,train
98882,train
28125,train
51772,train
76875,train
44686,train
9064,train
91130,train
18464,train
74055,train
37871,train
95943,train
18452,train
75398,train
78358,train
10771,train
44938,train
44471,train
7552,train
29214,train
30205,train
42135,train
3637,train
10145,train
21859,train
29424,train
78220,train
75907,train
90717,train
62743,train
9654,train
93260,train
27116,train
16634,train
45151,train
27815,train
87185,train
28470,train
40684,train
61627,train
31309,train
16453,train
50270,train
67336,train
73965,train
36538,train
91695,train
5729,train
75160,train
72460,train
44485,train
9933,train
51459,train
44062,train
74495,train
96371,train
63436,train
99226,train
63768,train
30027,train
49464,train
65278,train
42225,train
87894,train
73223,train
29,train
46551,train
18285,train
88140,train
33928,train
31909,train
50319,train
81297,train
33146,train
15036,train
34517,train
81962,train
27175,train
724,train
12660,train
85685,train
99172,train
29508,train
29825,train
75995,train
47421,train
80616,train
11450,train
71950,train
99490,train
25982,train
21165,train
76285,train
43925,train
7619,train
86414,train
64570,train
14991,train
38553,train
36245,train
80496,train
94885,train
59303,train
40353,train
53241,train
77531,train
20562,train
42803,train
31924,train
4735,train
38847,train
69742,train
78181,train
77249,train
82661,train
75331,train
36437,train
71525,train
42767,train
22668,train
87594,train
56696,train
71818,train
78639,train
34975,train
87384,train
68437,train
13839,train
1087,train
61747,train
55547,train
56669,train
51954,train
96156,train
41661,train
3733,train
75863,train
44440,train
70743,train
70000,train
31400,train
97793,train
34700,train
58047,train
8639,train
16425,train
89259,train
844,train
55905,train
37864,train
36590,train
35088,train
53287,train
85221,train
45383,train
98229,train
21633,train
27291,train
41835,train
56888,train
77197,train
41082,train
7831,train
92575,train
76151,train
88035,train
17443,train
25193,train
68295,train
27998,train
28145,train
97785,train
5135,train
60565,train
2929,train
22415,train
41310,train
29481,train
74158,train
42625,train
6418,train
1307,train
8720,train
15074,train
35380,train
74532,train
11540,train
4722,train
4550,train
4715,train
29003,train
37219,train
58480,train
9125,train
84376,train
98009,train
87280,train
66608,train
69655,train
17727,train
48926,train
47426,train
59339,train
54549,train
4546,train
12729,train
76975,train
35560,train
59014,train
4672,train
94887,train
68049,train
79897,train
1238,train
80736,train
72315,train
11733,train
18685,train
12310,train
33922,train
83476,train
67553,train
4784,train
57878,train
15966,train
25135,train
98378,train
60044,train
88352,train
92047,train
66089,train
12492,train
73213,train
92509,train
32898,train
85126,train
49776,train
20037,train
5068,train
56810,train
32551,train
78172,train
24075,train
62641,train
91895,train
6130,train
37687,train
90618,train
38190,train
98750,train
2003,train
70472,train
51709,train
43613,train
92360,train
90456,train
94343,train
47120,train
13500,train
61109,train
14381,train
79399,train
23422,train
69620,train
98956,train
18487,train
75671,train
42227,train
43950,train
15676,train
71151,train
68427,train
42908,train
33186,train
18797,train
68957,train
20697,train
5855,train
79009,train
86246,train
78745,train
98043,train
31600,train
99963,train
60779,train
35920,train
66543,train
16957,train
80610,train
52795,train
82247,train
15324,train
41942,train
85223,train
48473,train
21136,train
36240,train
45457,train
51939,train
24696,train
99882,train
99176,train
26516,train
15367,train
89503,train
94942,train
89347,train
33315,train
80193,train
66084,train
59612,train
17638,train
24727,train
87935,train
66025,train
33547,train
25089,train
69054,train
80900,train
90851,train
15349,train
89889,train
36815,train
92298,train
22622,train
53413,train
59727,train
40298,train
30565,train
89336,train
39738,train
46579,train
86580,train
62684,train
93890,train
1232,train
36966,train
82046,train
48830,train
49224,train
9343,train
24856,train
40948,train
99703,train
58153,train
66476,train
50160,train
21437,train
63083,train
7754,train
34950,train
30808,train
27704,train
28062,train
8230,train
39723,train
89339,train
63303,train
7286,train
42551,train
92160,train
70393,train
74692,train
60616,train
57287,train
71014,train
62841,train
5211,train
58983,train
61915,train
17803,train
68168,train
60392,train
38395,train
1431,train
73389,train
71070,train
14670,train
16995,train
29325,train
76141,train
3516,train
84541,train
82401,train
75542,train
66127,train
22194,train
80101,train
71781,train
53146,train
80190,train
48849,train
97397,train
95692,train
23105,train
70377,train
26903,train
57420,train
48025,train
42484,train
15620,train
56813,train
80643,train
51052,train
90349,train
44781,train
65268,train
5950,train
55643,train
65507,train
37154,train
60915,train
80241,train
89451,train
31739,train
37773,train
79332,train
57488,train
97701,train
1379,train
88170,train
77638,train
15768,train
15829,train
46971,train
64693,train
56855,train
35978,train
4688,train
78465,train
9023,train
96753,train
65453,train
75454,train
54628,train
63640,train
15261,train
6924,train
19855,train
35007,train
81169,train
23378,train
90142,train
63347,train
76459,train
97202,train
18069,train
14523,train
42002,train
81937,train
27035,train
80830,train
45688,train
65567,train
57614,train
34158,train
12425,train
58007,train
92381,train
3317,train
1794,train
59447,train
74630,train
1752,train
32610,train
37382,train
15312,train
13879,train
37706,train
62056,train
69736,train
27953,train
27807,train
95332,train
57238,train
1050,train
81261,train
86037,train
82371,train
31078,train
41367,train
94693,train
55542,train
16043,train
35980,train
22600,train
67803,train
17132,train
47525,train
65632,train
2216,train
56388,train
30320,train
23354,train
56261,train
56773,train
47510,train
73747,train
99975,train
48692,train
20375,train
6019,train
44452,train
59795,train
14770,train
86904,train
88092,train
38749,train
36637,train
38330,train
85135,train
18757,train
55697,train
15919,train
25115,train
84690,train
28277,train
85828,train
77908,train
91910,train
12325,train
44142,train
79901,train
50017,train
27365,train
86423,train
40981,train
64983,train
23428,train
95802,train
95045,train
97373,train
93853,train
44138,train
15080,train
19555,train
67496,train
24861,train
65651,train
67654,train
11141,train
83761,train
64154,train
80818,train
75304,train
33741,train
60916,train
69337,train
61381,train
50438,train
77494,train
21241,train
66484,train
1,train
97453,train
38611,train
49693,train
39378,train
66245,train
19399,train
63213,train
59343,train
6396,train
6891,train
60942,train
78392,train
50420,train
8477,train
14300,train
33454,train
58317,train
55587,train
81143,train
88458,train
17701,train
71609,train
35589,train
26761,train
44079,train
84119,train
223,train
62019,train
84151,train
51730,train
72549,train
72416,train
91984,train
27688,train
84634,train
49680,train
15696,train
85043,train
84932,train
70191,train
50505,train
1502,train
41036,train
51722,train
9968,train
96642,train
95592,train
75161,train
88052,train
8299,train
15516,train
55577,train
40812,train
27490,train
34964,train
38758,train
99668,train
66011,train
42750,train
73071,train
87105,train
26716,train
21867,train
42213,train
82461,train
80487,train
36668,train
28295,train
7102,train
98193,train
5771,train
18141,train
95260,train
46606,train
34211,train
4627,train
73199,train
33669,train
3105,train
26480,train
89790,train
80338,train
72782,train
27602,train
91617,train
8194,train
26121,train
3799,train
67869,train
43941,train
88594,train
79167,train
14573,train
25785,train
20122,train
77462,train
71472,train
24445,train
14610,train
27551,train
62894,train
35564,train
95044,train
28046,train
9071,train
78890,train
24436,train
71557,train
97867,train
45067,train
85362,train
93919,train
78810,train
56476,train
74718,train
80782,train
40994,train
50970,train
31453,train
28727,train
21580,train
29748,train
17931,train
84150,train
55222,train
85099,train
33887,train
76745,train
82583,train
40534,train
94028,train
56566,train
69919,train
44496,train
8120,train
88237,train
30456,train
57296,train
19347,train
4669,train
96475,train
61296,train
68382,train
32269,train
54394,train
29017,train
19480,train
11210,train
24894,train
6614,train
83772,train
93066,train
41054,train
82210,train
32405,train
75689,train
45282,train
97615,train
55157,train
24245,train
47251,train
70968,train
91227,train
43338,train
23808,train
81618,train
26481,train
18449,train
36402,train
30993,train
74943,train
19577,train
93664,train
72233,train
42800,train
33179,train
35649,train
44620,train
45673,train
99399,train
12280,train
28582,train
24439,train
55128,train
1743,train
60702,train
5890,train
4548,train
94137,train
64477,train
42677,train
16668,train
24411,train
34747,train
16737,train
22753,train
16415,train
13481,train
85088,train
45647,train
66561,train
57430,train
62225,train
39499,train
98965,train
38527,train
10844,train
88870,train
39395,train
82819,train
15275,train
60302,train
34180,train
96351,train
69119,train
54430,train
3511,train
19936,train
28427,train
3565,train
98292,train
89502,train
67507,train
11554,train
55652,train
28114,train
21707,train
43999,train
24094,train
47188,train
15076,train
21661,train
43769,train
73558,train
13339,train
28631,train
10007,train
86166,train
10588,train
94246,train
27230,train
94998,train
3254,train
65260,train
53067,train
11802,train
84190,train
7254,train
59523,train
15215,train
64926,train
583,train
93296,train
3290,train
40413,train
74687,train
98437,train
84892,train
68954,train
9486,train
99515,train
89211,train
54900,train
47778,train
33361,train
43359,train
28871,train
45410,train
48295,train
52044,train
54623,train
29505,train
5523,train
70018,train
86405,train
77204,train
37778,train
86799,train
17403,train
3271,train
77238,train
22196,train
63907,train
45893,train
77495,train
52298,train
34132,train
72045,train
7639,train
45290,train
63519,train
11601,train
47402,train
53744,train
32459,train
99962,train
6557,train
42872,train
79835,train
67254,train
82686,train
94602,train
92354,train
58324,train
44831,train
64830,train
34376,train
84622,train
56087,train
79308,train
88987,train
82892,train
42391,train
83251,train
28330,train
43990,train
34434,train
23063,train
95770,train
61095,train
73566,train
46320,train
64481,train
1345,train
26948,train
92872,train
3745,train
68310,train
20218,train
85522,train
11819,train
28,train
60800,train
55258,train
6039,train
94694,train
94638,train
289,train
95574,train
89964,train
8733,train
40594,train
19233,train
88245,train
8845,train
67677,train
64767,train
35864,train
5683,train
25329,train
8785,train
80997,train
89697,train
20071,train
722,train
59917,train
22787,train
83847,train
68688,train
90903,train
60202,train
8021,train
94665,train
55847,train
90754,train
64844,train
90016,train
40925,train
30546,train
67579,train
35063,train
92420,train
28581,train
72387,train
29252,train
39200,train
17520,train
16887,train
80764,train
414,train
15617,train
60491,train
68663,train
71602,train
6274,train
11778,train
40237,train
90671,train
57394,train
22135,train
63876,train
53506,train
49239,train
36577,train
35790,train
93351,train
37095,train
60493,train
91734,train
53503,train
22603,train
45470,train
90816,train
79537,train
94906,train
84764,train
41518,train
93347,train
9098,train
35436,train
4369,train
25105,train
79101,train
67095,train
86086,train
49760,train
3280,train
24229,train
65391,train
6489,train
15371,train
69083,train
98875,train
76825,train
58011,train
33868,train
22875,train
51587,train
86193,train
29197,train
89918,train
163,train
76506,train
64458,train
5612,train
97089,train
48211,train
71204,train
74214,train
57038,train
29753,train
45752,train
49150,train
13554,train
87876,train
70105,train
12945,train
5853,train
76024,train
96040,train
99617,train
13499,train
52003,train
20931,train
29755,train
68189,train
21452,train
69725,train
53787,train
75554,train
7775,train
38241,train
11277,train
52150,train
68425,train
93101,train
42885,train
34212,train
65281,train
48722,train
35517,train
34937,train
22834,train
48248,train
51670,train
60559,train
53829,train
78758,train
27661,train
23107,train
76490,train
10510,train
94587,train
51444,train
7481,train
75807,train
30167,train
86766,train
88632,train
52769,train
95704,train
82804,train
90529,train
65057,train
84966,train
39943,train
45516,train
32830,train
92126,train
98295,train
48999,train
77258,train
32495,train
33271,train
7657,train
98894,train
30353,train
95062,train
97787,train
22177,train
92836,train
82903,train
17461,train
39993,train
38564,train
96366,train
48653,train
40098,train
18091,train
17650,train
99266,train
85343,train
45524,train
31578,train
80978,train
64992,train
24130,train
36282,train
44329,train
1014,train
42691,train
2991,train
49590,train
10089,train
66653,train
5361,train
25877,train
10096,train
67523,train
25153,train
8282,train
27335,train
14065,train
58175,train
85995,train
67840,train
52981,train
75457,train
82341,train
65131,train
69882,train
41875,train
56391,train
96604,train
97142,train
84807,train
24846,train
89316,train
76004,train
45546,train
64184,train
88699,train
63961,train
39407,train
79143,train
15111,train
40972,train
41328,train
55695,train
62329,train
49928,train
57211,train
99785,train
68749,train
3759,train
72708,train
30409,train
4368,train
55634,train
32831,train
57493,train
18042,train
6657,train
69067,train
78244,train
71534,train
7406,train
18792,train
23471,train
64560,train
4710,train
75573,train
2748,train
33945,train
73825,train
13664,train
14453,train
80868,train
4024,train
26421,train
66194,train
22777,train
10455,train
42585,train
89782,train
50312,train
30874,train
15465,train
97313,train
58475,train
94770,train
99906,train
93561,train
90352,train
88509,train
17784,train
87176,train
42669,train
37525,train
34663,train
70707,train
63922,train
47895,train
86341,train
48754,train
90691,train
68447,train
95547,train
61686,train
22413,train
22562,train
47528,train
53877,train
70773,train
22489,train
17813,train
99957,train
48888,train
83486,train
21115,train
79655,train
33336,train
81300,train
94726,train
43220,train
90948,train
88739,train
25466,train
88990,train
63716,train
17025,train
34854,train
88778,train
90976,train
21682,train
99478,train
25724,train
24714,train
20213,train
57216,train
9198,train
55289,train
92856,train
42913,train
63285,train
78398,train
16382,train
89484,train
61885,train
43560,train
45281,train
43209,train
62667,train
76321,train
23074,train
67749,train
43488,train
46754,train
33980,train
73639,train
92158,train
26581,train
71884,train
59601,train
23700,train
71345,train
96439,train
75112,train
30242,train
5431,train
84692,train
52325,train
87432,train
48307,train
18442,train
64041,train
10590,train
50057,train
47692,train
68656,train
21547,train
57385,train
10381,train
93983,train
99421,train
64768,train
91723,train
20328,train
97284,train
74542,train
27563,train
50706,train
60160,train
90407,train
70823,train
75282,train
74944,train
49000,train
5869,train
62164,train
75228,train
20283,train
5091,train
47817,train
89869,train
37530,train
10574,train
95009,train
69618,train
91402,train
82562,train
47512,train
46801,train
22831,train
12355,train
72683,train
23237,train
25084,train
30273,train
33803,train
24327,train
40830,train
16184,train
76480,train
33353,train
69152,train
41332,train
12784,train
24420,train
58331,train
92024,train
6353,train
18595,train
58849,train
20241,train
90801,train
26563,train
35,train
50762,train
40634,train
70722,train
64225,train
18962,train
1242,train
4625,train
41585,train
34196,train
18090,train
57698,train
27020,train
41700,train
53132,train
2151,train
76080,train
81872,train
30981,train
40117,train
23462,train
22477,train
26209,train
78677,train
94716,train
2550,train
41284,train
35018,train
59132,train
10956,train
19650,train
17879,train
15736,train
60712,train
61578,train
29407,train
78126,train
40372,train
27660,train
99809,train
92395,train
42210,train
58905,train
32784,train
90823,train
52462,train
37979,train
38258,train
76045,train
13091,train
9245,train
86311,train
29777,train
20288,train
35578,train
15285,train
21894,train
18210,train
35923,train
64330,train
15848,train
51046,train
23341,train
43894,train
49582,train
39934,train
37424,train
86481,train
69845,train
99148,train
49759,train
64905,train
64266,train
10990,train
42867,train
36628,train
48925,train
16815,train
40061,train
10998,train
41542,train
71370,train
59099,train
81788,train
36145,train
18946,train
24157,train
54860,train
7079,train
44997,train
78812,train
80167,train
67176,train
72582,train
42871,train
22754,train
22576,train
60129,train
21841,train
31198,train
98252,train
67456,train
61909,train
18774,train
78920,train
47641,train
48998,train
84183,train
30499,train
41596,train
31751,train
41703,train
56399,train
84181,train
30851,train
36101,train
61744,train
72796,train
30575,train
66580,train
63882,train
86719,train
24122,train
9992,train
15499,train
60102,train
20362,train
92166,train
737,train
96463,train
3500,train
53607,train
51549,train
90512,train
43301,train
76610,train
21819,train
14379,train
59856,train
80098,train
93793,train
60313,train
38156,train
77536,train
67978,train
35709,train
10746,train
61757,train
3826,train
35523,train
37051,train
60172,train
67168,train
79657,train
71827,train
38255,train
77769,train
41247,train
42552,train
97457,train
89383,train
1141,train
67565,train
35752,train
78795,train
20573,train
75746,train
82158,train
59860,train
1077,train
71394,train
1601,train
64348,train
46973,train
47621,train
51602,train
12201,train
4573,train
3768,train
18317,train
19725,train
48832,train
30235,train
13502,train
9389,train
57015,train
94754,train
41435,train
10923,train
71105,train
96322,train
63170,train
71257,train
48097,train
27838,train
57281,train
20547,train
47040,train
83298,train
45061,train
71750,train
26332,train
79585,train
17256,train
71308,train
20760,train
19980,train
20601,train
32407,train
24800,train
66015,train
5411,train
98652,train
12217,train
84834,train
24226,train
6227,train
69531,train
46687,train
9516,train
13675,train
54464,train
94787,train
70625,train
8870,train
19778,train
46309,train
20621,train
79844,train
30392,train
93659,train
24234,train
2839,train
60682,train
5727,train
12284,train
23065,train
53950,train
23850,train
34923,train
72820,train
81892,train
21599,train
69259,train
65028,train
37786,train
54889,train
38642,train
74627,train
85882,train
606,train
64354,train
9938,train
30978,train
90310,train
90941,train
62109,train
48910,train
86270,train
62499,train
98549,train
97714,train
86909,train
82307,train
95794,train
48158,train
47987,train
30004,train
78417,train
22145,train
25718,train
78516,train
53784,train
37103,train
45887,train
75642,train
98672,train
95693,train
14409,train
83764,train
39704,train
15466,train
22272,train
86017,train
35082,train
92683,train
86710,train
9559,train
69470,train
26868,train
20609,train
32815,train
46036,train
42514,train
98424,train
20378,train
14782,train
3943,train
55731,train
87954,train
96069,train
24814,train
42752,train
34345,train
45201,train
33032,train
43807,train
55857,train
46339,train
25698,train
64364,train
93787,train
58669,train
70390,train
56095,train
23047,train
86902,train
17757,train
16203,train
77552,train
10630,train
12296,train
92842,train
58482,train
90560,train
47686,train
92498,train
61566,train
71268,train
62910,train
12897,train
73715,train
24326,train
19720,train
14142,train
15749,train
906,train
38594,train
29930,train
59156,train
77108,train
69024,train
92716,train
41571,train
90915,train
49260,train
39702,train
28042,train
13777,train
40478,train
85341,train
33925,train
55800,train
34907,train
34909,train
3048,train
86342,train
99586,train
10773,train
54891,train
35276,train
36505,train
62624,train
391,train
2757,train
61930,train
66396,train
51719,train
5019,train
46093,train
86016,train
85864,train
86165,train
88141,train
32486,train
46040,train
85961,train
62953,train
877,train
98608,train
50911,train
35605,train
71156,train
2537,train
74470,train
42822,train
85727,train
47730,train
55479,train
83532,train
22301,train
16336,train
63010,train
95356,train
24072,train
20572,train
85183,train
46236,train
57566,train
48374,train
8142,train
76989,train
52050,train
97874,train
10213,train
13311,train
59366,train
84715,train
66391,train
66806,train
81918,train
61099,train
5251,train
28654,train
70996,train
16461,train
78593,train
37578,train
71361,train
12286,train
78711,train
52035,train
69327,train
90505,train
30806,train
14922,train
23420,train
8113,train
81554,train
69566,train
40740,train
54922,train
66915,train
75021,train
35033,train
28532,train
7873,train
56529,train
18807,train
38048,train
52668,train
43538,train
70339,train
11410,train
68406,train
6833,train
22981,train
95043,train
15425,train
45341,train
14159,train
89113,train
39584,train
70039,train
27705,train
82866,train
83002,train
25662,train
21462,train
54188,train
96233,train
18139,train
7071,train
48131,train
13035,train
94877,train
47181,train
17766,train
67672,train
81845,train
5676,train
88438,train
68567,train
19389,train
49579,train
93062,train
36165,train
86155,train
97791,train
97589,train
32676,train
95728,train
19856,train
88043,train
98546,train
51517,train
70246,train
80367,train
13413,train
9729,train
15912,train
24564,train
63668,train
66856,train
15012,train
12650,train
66923,train
66142,train
33156,train
65214,train
56710,train
6005,train
13054,train
79685,train
8298,train
27853,train
6141,train
7508,train
39683,train
89737,train
40097,train
70928,train
34321,train
80639,train
52800,train
16788,train
50609,train
27988,train
39694,train
50491,train
16764,train
60675,train
79917,train
95970,train
41729,train
54644,train
94678,train
8604,train
24652,train
74502,train
10891,train
54957,train
47082,train
21652,train
89239,train
92365,train
27017,train
13952,train
86478,train
7954,train
6245,train
40715,train
29412,train
88501,train
60818,train
61745,train
85026,train
1505,train
24018,train
28321,train
86962,train
44061,train
50207,train
54643,train
2534,train
65491,train
10938,train
35945,train
28323,train
72645,train
57112,train
97734,train
85106,train
19634,train
10050,train
73616,train
58675,train
99715,train
83679,train
23482,train
76928,train
39985,train
93449,train
39216,train
48046,train
97761,train
46127,train
87684,train
6033,train
8020,train
92036,train
28164,train
67396,train
87157,train
80869,train
88644,train
30693,train
66408,train
60739,train
60393,train
20832,train
37991,train
28449,train
18916,train
51738,train
37087,train
26794,train
96513,train
70334,train
66910,train
71461,train
92556,train
54400,train
82064,train
70376,train
46700,train
70122,train
72365,train
23203,train
32564,train
66063,train
45932,train
23401,train
63792,train
1746,train
26204,train
65204,train
34805,train
6332,train
49266,train
80878,train
45268,train
97774,train
33099,train
49730,train
73296,train
42812,train
494,train
26773,train
51991,train
6928,train
93053,train
75110,train
28334,train
45318,train
88957,train
29592,train
55448,train
53232,train
19024,train
85287,train
24874,train
18397,train
17904,train
93322,train
39256,train
57182,train
1006,train
2938,train
60987,train
24080,train
79321,train
84027,train
93790,train
76695,train
84659,train
59687,train
46207,train
37877,train
96800,train
4296,train
88511,train
29759,train
53634,train
31328,train
84737,train
34823,train
92192,train
68858,train
77783,train
67070,train
7522,train
80275,train
18818,train
36140,train
27193,train
69850,train
13688,train
85130,train
98052,train
80719,train
32320,train
88006,train
42387,train
39116,train
97317,train
82389,train
95275,train
27628,train
59945,train
11924,train
66764,train
37515,train
79959,train
72178,train
65591,train
7566,train
34373,train
77920,train
41581,train
66302,train
58194,train
62370,train
86625,train
84401,train
79862,train
38454,train
50465,train
4772,train
51335,train
91712,train
9678,train
14079,train
58109,train
50026,train
24571,train
78136,train
88083,train
11349,train
74296,train
9588,train
9012,train
38397,train
84087,train
34121,train
78162,train
85766,train
73378,train
61127,train
10131,train
57277,train
97969,train
26695,train
63584,train
49181,train
38810,train
55890,train
4385,train
2221,train
5828,train
70618,train
74423,train
52511,train
10682,train
48173,train
43341,train
12460,train
39840,train
98720,train
85814,train
84443,train
60854,train
74458,train
25723,train
3613,train
22167,train
67712,train
41595,train
73265,train
84195,train
9629,train
4967,train
93590,train
76512,train
26375,train
53082,train
46169,train
86483,train
87354,train
63596,train
49950,train
8838,train
34135,train
8134,train
54299,train
58426,train
57343,train
14242,train
96646,train
95615,train
54510,train
58297,train
29330,train
9002,train
59934,train
11735,train
75073,train
51071,train
84035,train
75417,train
40497,train
99304,train
52499,train
72275,train
56006,train
74102,train
21005,train
14018,train
3829,train
81347,train
26376,train
88103,train
4936,train
76485,train
14483,train
20563,train
41409,train
32658,train
25772,train
7073,train
47309,train
16186,train
95527,train
75000,train
74369,train
53134,train
54862,train
54849,train
25748,train
30840,train
1884,train
14528,train
66231,train
33858,train
61312,train
99491,train
67241,train
5977,train
19866,train
68030,train
42154,train
38017,train
66289,train
32171,train
44858,train
6216,train
86147,train
94940,train
2411,train
8143,train
60876,train
10996,train
85197,train
23479,train
44342,train
95123,train
95500,train
1349,train
1959,train
99027,train
34726,train
93792,train
35569,train
61244,train
95820,train
95050,train
64837,train
50782,train
23332,train
4755,train
53658,train
71580,train
17356,train
68117,train
52248,train
31933,train
50584,train
14913,train
54895,train
17663,train
81725,train
48675,train
89251,train
73762,train
11971,train
90415,train
76607,train
12306,train
18138,train
30447,train
50280,train
13963,train
25220,train
61619,train
82772,train
24133,train
38825,train
24118,train
41251,train
94351,train
929,train
88038,train
57730,train
82715,train
44563,train
96980,train
62575,train
49529,train
66776,train
75263,train
39658,train
65162,train
53505,train
97417,train
49111,train
5872,train
46025,train
61532,train
30982,train
14028,train
45209,train
46418,train
51810,train
12884,train
12412,train
67203,train
17339,train
68691,train
46185,train
51653,train
96970,train
29662,train
48376,train
73908,train
32248,train
97413,train
80368,train
65473,train
7054,train
83785,train
9926,train
43289,train
86111,train
8828,train
10419,train
59094,train
2503,train
67984,train
77187,train
28388,train
28353,train
90580,train
33469,train
64078,train
6410,train
9602,train
20968,train
7150,train
86035,train
18181,train
28325,train
51990,train
91526,train
43592,train
95607,train
54330,train
55889,train
25331,train
74858,train
78386,train
27341,train
78087,train
28435,train
19524,train
43248,train
35764,train
19687,train
10331,train
88923,train
16960,train
48009,train
60085,train
88601,train
30602,train
33441,train
78438,train
76542,train
79161,train
73880,train
41115,train
73371,train
55862,train
44197,train
58955,train
2713,train
70092,train
44967,train
25273,train
93098,train
61517,train
44008,train
7393,train
17837,train
66613,train
43849,train
79608,train
53863,train
87634,train
64806,train
21361,train
3714,train
75171,train
97346,train
49653,train
19608,train
848,train
1696,train
43335,train
8694,train
16602,train
1256,train
75086,train
36009,train
78239,train
4902,train
56996,train
37547,train
37277,train
45797,train
6775,train
76738,train
13138,train
72265,train
66791,train
10274,train
44351,train
14834,train
73135,train
51132,train
50688,train
1106,train
49499,train
26232,train
64131,train
26185,train
96860,train
9995,train
24043,train
11396,train
8695,train
39892,train
93915,train
92080,train
35415,train
84598,train
61213,train
30569,train
61691,train
78733,train
41637,train
63477,train
14293,train
11488,train
74057,train
9900,train
52957,train
1875,train
28842,train
83723,train
96697,train
38895,train
74879,train
49837,train
93068,train
19950,train
92051,train
34618,train
74577,train
83608,train
47628,train
4868,train
43742,train
81372,train
5696,train
20561,train
21127,train
48586,train
53649,train
4036,train
41576,train
51995,train
93757,train
51848,train
30017,train
5495,train
55269,train
80848,train
66256,train
67239,train
77630,train
18830,train
54758,train
14840,train
57035,train
88060,train
72191,train
78879,train
95315,train
59142,train
60194,train
92691,train
60628,train
30517,train
23452,train
32781,train
43146,train
43944,train
97358,train
21953,train
54586,train
13275,train
84660,train
57116,train
41802,train
71865,train
56488,train
29557,train
83163,train
71734,train
57085,train
22350,train
5323,train
75791,train
94857,train
38094,train
38919,train
81250,train
69038,train
93152,train
33046,train
3141,train
46675,train
3501,train
10351,train
81495,train
25156,train
93810,train
48613,train
1443,train
52400,train
19916,train
3694,train
77427,train
11563,train
49719,train
19828,train
83411,train
69786,train
92991,train
45600,train
59329,train
1101,train
64982,train
43033,train
34317,train
13831,train
75759,train
24973,train
77815,train
49656,train
16810,train
12475,train
78160,train
62004,train
63475,train
1754,train
54741,train
52194,train
7621,train
42643,train
56175,train
54193,train
52465,train
13119,train
59708,train
19257,train
17683,train
94139,train
65077,train
70835,train
79687,train
75606,train
8297,train
62025,train
13799,train
51246,train
89109,train
59786,train
22419,train
24041,train
70780,train
26600,train
78902,train
67463,train
61755,train
85668,train
17219,train
81690,train
9960,train
5050,train
86988,train
86778,train
66361,train
55437,train
93871,train
18508,train
99239,train
31391,train
63416,train
1860,train
47698,train
88585,train
49947,train
51652,train
1893,train
95748,train
73231,train
94322,train
69076,train
55140,train
9724,train
31988,train
56595,train
79611,train
82898,train
30925,train
39854,train
76201,train
22113,train
85331,train
69979,train
40855,train
53920,train
63972,train
8707,train
49342,train
97749,train
24116,train
61659,train
68400,train
37879,train
68195,train
25739,train
79452,train
16652,train
1317,train
23764,train
21692,train
59247,train
82240,train
43996,train
70523,train
24358,train
21685,train
81776,train
45578,train
94065,train
31573,train
62659,train
4920,train
73511,train
50698,train
5307,train
8967,train
79842,train
81577,train
94790,train
64261,train
23196,train
39266,train
95865,train
16870,train
14208,train
25163,train
55401,train
40030,train
51381,train
71888,train
46234,train
43170,train
28254,train
6877,train
65794,train
39387,train
90854,train
10149,train
44453,train
64472,train
66251,train
91032,train
9197,train
98410,train
48767,train
27069,train
426,train
43415,train
61820,train
32432,train
91737,train
88179,train
8600,train
3359,train
34292,train
41137,train
75185,train
37375,train
39389,train
3413,train
6260,train
28417,train
69667,train
26274,train
68370,train
72222,train
83992,train
61848,train
83310,train
41908,train
66348,train
941,train
36781,train
89435,train
62844,train
60216,train
50253,train
35151,train
65991,train
35194,train
45387,train
52240,train
41286,train
41547,train
48899,train
6523,train
70442,train
70881,train
50255,train
59563,train
30561,train
28206,train
13859,train
36592,train
89864,train
58736,train
15047,train
50665,train
62132,train
37756,train
4738,train
71003,train
45234,train
11618,train
60105,train
93075,train
69713,train
91068,train
55328,train
42201,train
83612,train
5695,train
7113,train
82151,train
77482,train
37771,train
40668,train
68424,train
43651,train
12685,train
79888,train
35554,train
36554,train
88713,train
45810,train
62085,train
89122,train
26413,train
7245,train
17355,train
35557,train
95324,train
21250,train
69563,train
78673,train
12819,train
7882,train
40641,train
28904,train
63283,train
22342,train
1299,train
39400,train
81490,train
17878,train
29326,train
7021,train
20607,train
8058,train
74760,train
52992,train
31154,train
74714,train
6959,train
58783,train
87871,train
67706,train
5181,train
26902,train
37224,train
91913,train
13221,train
67206,train
9571,train
45851,train
80313,train
86879,train
26753,train
24065,train
80671,train
51957,train
93478,train
11853,train
15546,train
48465,train
80221,train
90070,train
51096,train
90111,train
35799,train
69998,train
5889,train
41067,train
39361,train
72297,train
97476,train
75152,train
79920,train
618,train
78399,train
26973,train
33807,train
62688,train
705,train
40705,train
31813,train
18794,train
97071,train
96961,train
47462,train
5844,train
89389,train
43121,train
66249,train
10027,train
61604,train
91483,train
85816,train
14677,train
9176,train
76396,train
31625,train
46098,train
63492,train
68275,train
72050,train
12263,train
82167,train
16637,train
11279,train
40595,train
15699,train
2014,train
23831,train
64540,train
54634,train
61809,train
36197,train
51067,train
63137,train
22524,train
33984,train
19085,train
63355,train
27440,train
92237,train
26525,train
47720,train
72539,train
34869,train
35991,train
33416,train
45597,train
41533,train
92266,train
58170,train
69967,train
32649,train
66972,train
24262,train
44250,train
50254,train
49549,train
62404,train
42772,train
7854,train
76605,train
31765,train
69110,train
98653,train
55509,train
162,train
78412,train
3690,train
73692,train
18613,train
42451,train
48674,train
54676,train
1275,train
43249,train
7017,train
16437,train
22684,train
78004,train
98215,train
99814,train
33905,train
27841,train
88927,train
84967,train
93938,train
96016,train
38234,train
77079,train
56543,train
47644,train
97191,train
21289,train
60732,train
68044,train
95903,train
10727,train
22824,train
95098,train
11673,train
20784,train
1391,train
65865,train
96235,train
51326,train
89585,train
80105,train
90694,train
6535,train
12833,train
5199,train
78063,train
83161,train
98124,train
55919,train
32696,train
83762,train
37177,train
2038,train
2604,train
30634,train
37331,train
79801,train
13898,train
80966,train
25584,train
5485,train
35539,train
1313,train
11372,train
90611,train
79846,train
69022,train
44363,train
27039,train
28479,train
6725,train
39821,train
94692,train
38214,train
1566,train
42127,train
24989,train
29165,train
40744,train
66603,train
5707,train
21809,train
42198,train
74076,train
47930,train
88611,train
69629,train
51539,train
33304,train
89633,train
4805,train
54619,train
35407,train
84030,train
55614,train
52789,train
68063,train
43387,train
94823,train
35465,train
20610,train
11174,train
17197,train
66554,train
58560,train
89104,train
32927,train
73771,train
50802,train
95444,train
68391,train
93396,train
20567,train
98580,train
8902,train
18410,train
95308,train
49850,train
9829,train
68290,train
90180,train
25104,train
66111,train
36527,train
43358,train
94112,train
48522,train
16997,train
64086,train
26662,train
6836,train
80561,train
16099,train
3035,train
75543,train
56549,train
74676,train
26443,train
85902,train
12292,train
84750,train
68629,train
91527,train
22193,train
27701,train
91184,train
87378,train
57302,train
75966,train
17972,train
10893,train
45657,train
76175,train
91421,train
23444,train
87913,train
52257,train
28507,train
15216,train
73788,train
49607,train
73225,train
4242,train
13386,train
83504,train
32568,train
70146,train
66732,train
13494,train
82496,train
29852,train
68046,train
94522,train
11359,train
3166,train
30810,train
28498,train
34781,train
39927,train
82743,train
89837,train
18888,train
45205,train
7887,train
15310,train
1245,train
75549,train
25784,train
75974,train
87540,train
73345,train
1360,train
11328,train
60898,train
19385,train
79734,train
28683,train
50636,train
12102,train
85971,train
92537,train
548,train
27730,train
11826,train
33825,train
65241,train
76215,train
4516,train
29763,train
19194,train
34023,train
33362,train
53064,train
64496,train
7276,train
82796,train
25125,train
12930,train
86618,train
16495,train
56806,train
17580,train
31823,train
9043,train
65203,train
63046,train
62553,train
84014,train
20424,train
85516,train
50305,train
16385,train
6824,train
36688,train
98415,train
30417,train
68014,train
11870,train
21591,train
82500,train
94003,train
30005,train
41765,train
57904,train
2671,train
81510,train
53388,train
95882,train
97240,train
73571,train
55811,train
97780,train
23955,train
20077,train
96167,train
2135,train
39756,train
30281,train
1892,train
66104,train
59406,train
26591,train
34420,train
80985,train
54604,train
41722,train
2106,train
24377,train
38174,train
9134,train
77952,train
1587,train
94371,train
98567,train
49045,train
86978,train
23459,train
53161,train
89861,train
38314,train
13013,train
49335,train
49605,train
57230,train
55141,train
51628,train
99203,train
92914,train
74938,train
88171,train
40637,train
25871,train
9289,train
50562,train
45969,train
99548,train
55518,train
3438,train
32399,train
53535,train
77492,train
52953,train
16135,train
21083,train
55180,train
65382,train
91102,train
16721,train
46989,train
55521,train
29731,train
57464,train
86927,train
83848,train
13060,train
11651,train
74688,train
80459,train
96399,train
40024,train
58791,train
4835,train
72774,train
74764,train
27435,train
5020,train
74897,train
87838,train
2348,train
39601,train
76247,train
13361,train
567,train
64121,train
38781,train
24854,train
99778,train
71690,train
93992,train
15675,train
84782,train
18431,train
6945,train
50471,train
23379,train
82040,train
93312,train
79919,train
57066,train
27574,train
80796,train
72489,train
26517,train
82218,train
65373,train
65048,train
86543,train
22549,train
34096,train
17287,train
53484,train
8709,train
2931,train
58986,train
93839,train
43297,train
43598,train
76466,train
96488,train
90311,train
33797,train
6463,train
65448,train
59140,train
80283,train
7107,train
56215,train
40027,train
13763,train
27337,train
23442,train
50272,train
3286,train
26790,train
76220,train
88755,train
39793,train
87437,train
66792,train
14816,train
29918,train
93776,train
87635,train
13656,train
16651,train
61346,train
35683,train
83740,train
8296,train
19537,train
90401,train
30263,train
30801,train
8488,train
58903,train
91193,train
21100,train
29352,train
21039,train
38887,train
65290,train
42674,train
48824,train
75420,train
93405,train
22086,train
47403,train
52045,train
18087,train
59292,train
28172,train
70070,train
81990,train
95465,train
70611,train
73299,train
12732,train
43514,train
4542,train
98682,train
4853,train
62495,train
91792,train
85538,train
89994,train
43069,train
7590,train
34574,train
52982,train
20259,train
62924,train
42110,train
99003,train
82687,train
4525,train
19676,train
21065,train
53373,train
52106,train
54120,train
23393,train
3909,train
30970,train
82945,train
49104,train
2596,train
40643,train
2638,train
81735,train
37186,train
46123,train
14619,train
40982,train
21961,train
29571,train
13684,train
88350,train
84542,train
95028,train
59266,train
4694,train
78044,train
86852,train
27858,train
54522,train
47772,train
28563,train
1063,train
19491,train
91117,train
53978,train
99571,train
11856,train
49971,train
39449,train
81417,train
30416,train
42161,train
37009,train
60339,train
33576,train
39833,train
71088,train
42,train
37939,train
33076,train
90106,train
81894,train
85901,train
86626,train
46113,train
21577,train
52737,train
26017,train
85983,train
97412,train
28550,train
16214,train
85031,train
48611,train
43135,train
57562,train
15586,train
12599,train
64675,train
66116,train
39558,train
17989,train
22582,train
18628,train
1389,train
3461,train
55973,train
63311,train
92067,train
72,train
88550,train
17060,train
73229,train
47552,train
81901,train
21389,train
64034,train
89222,train
27523,train
40261,train
40758,train
74127,train
84526,train
75093,train
67190,train
6894,train
27734,train
88262,train
13455,train
34831,train
47059,train
66002,train
32008,train
13676,train
66131,train
86411,train
30039,train
80364,train
44288,train
38316,train
87336,train
45388,train
53923,train
66250,train
46561,train
1546,train
24156,train
23359,train
67939,train
40293,train
65147,train
34773,train
5145,train
18934,train
61057,train
53407,train
42493,train
95185,train
18945,train
82044,train
72867,train
72446,train
87859,train
54565,train
32026,train
78119,train
26653,train
13570,train
60582,train
17545,train
38704,train
21947,train
30410,train
93606,train
91607,train
7069,train
38990,train
50070,train
47883,train
48054,train
44980,train
57850,train
44562,train
98756,train
95022,train
8623,train
9165,train
11898,train
94404,train
92472,train
20762,train
10982,train
12371,train
52590,train
19726,train
85536,train
36685,train
97744,train
39737,train
84283,train
42027,train
74867,train
65877,train
60483,train
78134,train
75475,train
35440,train
67519,train
97529,train
85445,train
19674,train
7642,train
26114,train
90659,train
53458,train
44964,train
37744,train
91497,train
91946,train
3577,train
39226,train
17338,train
36901,train
25488,train
31607,train
33044,train
14589,train
67990,train
68047,train
16727,train
75309,train
96512,train
31465,train
33042,train
96924,train
47680,train
51174,train
96665,train
48988,train
41917,train
13154,train
43403,train
40170,train
91835,train
91744,train
46333,train
98344,train
97484,train
82089,train
3477,train
46391,train
59304,train
51098,train
58277,train
47978,train
21471,train
80493,train
68287,train
63832,train
62527,train
41591,train
92568,train
9553,train
76850,train
12826,train
47008,train
66931,train
15880,train
53290,train
36268,train
65680,train
71647,train
78364,train
77934,train
85850,train
97579,train
95567,train
98943,train
78737,train
55941,train
88277,train
79194,train
81739,train
51452,train
81232,train
44723,train
1700,train
55691,train
73540,train
49052,train
13049,train
6842,train
65784,train
76976,train
91110,train
91231,train
13189,train
82736,train
5918,train
8660,train
8534,train
36561,train
85123,train
17322,train
14162,train
73675,train
74652,train
40909,train
72831,train
23766,train
9643,train
74725,train
50753,train
93264,train
70716,train
55531,train
58910,train
10908,train
75390,train
10168,train
93517,train
5449,train
36008,train
17107,train
89708,train
94725,train
37000,train
21101,train
80031,train
84352,train
37869,train
58225,train
37193,train
35277,train
49053,train
66462,train
65888,train
96711,train
93166,train
26139,train
12480,train
79653,train
8617,train
68061,train
26641,train
44715,train
53742,train
70035,train
21806,train
44415,train
33230,train
49465,train
20400,train
27965,train
57013,train
73685,train
1034,train
46862,train
98806,train
80961,train
13778,train
49526,train
3024,train
78423,train
56127,train
78714,train
54995,train
1342,train
13107,train
96744,train
90615,train
96907,train
40172,train
4664,train
77974,train
76902,train
17818,train
87191,train
1828,train
8872,train
70411,train
42815,train
1652,train
55012,train
51054,train
54639,train
11128,train
35561,train
651,train
45381,train
83574,train
2947,train
67346,train
77490,train
20581,train
7261,train
33970,train
43970,train
80702,train
78279,train
67367,train
56135,train
27954,train
50186,train
75028,train
81424,train
73282,train
16944,train
77242,train
6822,train
39811,train
70918,train
57895,train
47075,train
16698,train
9797,train
69511,train
26405,train
2102,train
50806,train
54737,train
90414,train
24444,train
10593,train
21701,train
65,train
4561,train
85064,train
93145,train
76549,train
80917,train
31733,train
97668,train
63067,train
69541,train
95485,train
90314,train
44180,train
50676,train
17905,train
82685,train
46140,train
4367,train
14374,train
2359,train
94097,train
14438,train
55300,train
3304,train
51852,train
16391,train
78568,train
42033,train
65420,train
71953,train
58268,train
84040,train
60323,train
53575,train
61625,train
6684,train
20778,train
10850,train
78746,train
24001,train
6451,train
96018,train
74654,train
19497,train
11751,train
40270,train
41139,train
21350,train
40881,train
78982,train
85691,train
69178,train
89715,train
44091,train
96669,train
85125,train
39136,train
6729,train
60417,train
35622,train
54207,train
69745,train
26549,train
87944,train
39829,train
90446,train
4437,train
19839,train
48822,train
77123,train
14654,train
33359,train
88331,train
63065,train
65835,train
22258,train
30222,train
67935,train
7884,train
49742,train
25927,train
39665,train
91179,train
85609,train
29637,train
21210,train
30427,train
15747,train
77256,train
98912,train
28012,train
26747,train
42436,train
33014,train
20147,train
20850,train
56970,train
25547,train
30857,train
39158,train
56182,train
97917,train
54242,train
1968,train
63133,train
928,train
79026,train
521,train
56664,train
34347,train
17499,train
18148,train
32308,train
20767,train
36701,train
46805,train
25896,train
13709,train
22283,train
60688,train
16697,train
9298,train
8057,train
87897,train
80443,train
72853,train
75486,train
92485,train
71548,train
94092,train
49555,train
84838,train
57881,train
44211,train
19083,train
50405,train
88504,train
18363,train
58239,train
32317,train
48373,train
93175,train
77829,train
40503,train
84662,train
14252,train
25541,train
54883,train
13526,train
96192,train
90211,train
67915,train
84196,train
60078,train
95725,train
3318,train
63169,train
11087,train
98531,train
56339,train
36810,train
73611,train
62325,train
13704,train
35357,train
38218,train
58334,train
39792,train
18100,train
66955,train
20699,train
68212,train
23411,train
65023,train
47765,train
23861,train
69927,train
30632,train
39926,train
32768,train
2366,train
40993,train
86425,train
72442,train
52598,train
95898,train
58994,train
41668,train
6781,train
94575,train
2521,train
63679,train
71100,train
33427,train
36436,train
19781,train
50814,train
97405,train
48507,train
90459,train
42952,train
28808,train
91277,train
53709,train
69809,train
59426,train
39398,train
38644,train
28071,train
70613,train
49811,train
49523,train
40145,train
38422,train
89142,train
30933,train
82665,train
33354,train
85202,train
53984,train
29658,train
24554,train
88281,train
35411,train
48088,train
29727,train
87097,train
76863,train
60123,train
48045,train
23646,train
48864,train
22118,train
8520,train
30259,train
97687,train
88298,train
13838,train
29625,train
32982,train
13383,train
29707,train
83831,train
71512,train
63910,train
81364,train
17342,train
67437,train
83151,train
16673,train
60744,train
70222,train
51070,train
79064,train
85822,train
73249,train
88914,train
19654,train
35909,train
19616,train
39749,train
1204,train
28668,train
57053,train
72784,train
30931,train
18577,train
30685,train
82311,train
53867,train
39717,train
97703,train
23813,train
2445,train
28045,train
2551,train
9740,train
50981,train
41148,train
29897,train
35350,train
21407,train
38278,train
53745,train
81153,train
9344,train
34798,train
44477,train
54507,train
29744,train
44552,train
714,train
20417,train
83426,train
10584,train
74592,train
8088,train
32463,train
80410,train
30736,train
9154,train
69623,train
67347,train
88223,train
9044,train
57682,train
75812,train
99813,train
75425,train
15999,train
69634,train
89986,train
83999,train
26815,train
23893,train
25128,train
81742,train
63787,train
17483,train
9778,train
91460,train
38908,train
56927,train
54852,train
70455,train
86243,train
57583,train
89929,train
77048,train
88697,train
25803,train
83736,train
88919,train
37030,train
81641,train
81350,train
10264,train
33245,train
18013,train
86349,train
14433,train
4048,train
52490,train
91801,train
1618,train
84215,train
60655,train
75336,train
1823,train
74186,train
31699,train
4673,train
32516,train
3940,train
26919,train
73185,train
93157,train
48724,train
37161,train
4778,train
57894,train
13404,train
65016,train
84489,train
73664,train
27419,train
8159,train
8341,train
52797,train
46253,train
66623,train
80676,train
74303,train
58620,train
22798,train
82882,train
12906,train
29797,train
48982,train
53757,train
7747,train
48247,train
86247,train
29535,train
33899,train
9977,train
51305,train
24189,train
51859,train
30361,train
27021,train
7663,train
91449,train
18709,train
62753,train
75080,train
39724,train
59844,train
38403,train
58032,train
5748,train
67585,train
8519,train
74781,train
86118,train
92951,train
19543,train
79848,train
39082,train
68766,train
83510,train
76207,train
59027,train
56846,train
20965,train
91025,train
52596,train
80992,train
29586,train
42834,train
72907,train
45465,train
81668,train
30493,train
17241,train
47595,train
53500,train
7860,train
79456,train
86284,train
33514,train
30740,train
19367,train
59890,train
67112,train
80004,train
20272,train
49301,train
87077,train
51643,train
29652,train
91994,train
14267,train
59269,train
86494,train
2923,train
27760,train
96204,train
26929,train
68207,train
99576,train
29716,train
16238,train
5501,train
39675,train
64382,train
49490,train
99455,train
75811,train
29547,train
74054,train
80066,train
6066,train
14892,train
54388,train
38672,train
83070,train
31155,train
46058,train
24627,train
20726,train
89546,train
3426,train
88678,train
96956,train
21013,train
51125,train
54171,train
74680,train
32634,train
56795,train
18686,train
8873,train
83589,train
45832,train
85423,train
196,train
38286,train
31919,train
43193,train
73174,train
50741,train
99734,train
12994,train
91531,train
86588,train
30990,train
62931,train
30181,train
21720,train
67713,train
6034,train
93466,train
3203,train
40592,train
40090,train
32599,train
30303,train
92706,train
562,train
53979,train
11356,train
2197,train
69405,train
90785,train
58866,train
31787,train
3676,train
8277,train
41271,train
6249,train
34606,train
23951,train
7807,train
20001,train
85010,train
16308,train
63859,train
92276,train
77820,train
83196,train
45165,train
27750,train
21056,train
27211,train
11974,train
88198,train
89301,train
93981,train
46475,train
17425,train
23166,train
20535,train
71642,train
56483,train
81234,train
29339,train
24219,train
65930,train
47816,train
50535,train
75061,train
91233,train
50111,train
11768,train
66038,train
24976,train
62009,train
3153,train
65619,train
55356,train
84169,train
56425,train
82269,train
51346,train
65211,train
58537,train
35050,train
11559,train
14495,train
80952,train
63541,train
61102,train
23880,train
54818,train
85775,train
91551,train
53592,train
78077,train
93755,train
41084,train
9074,train
30901,train
85383,train
84447,train
31470,train
46130,train
62477,train
85622,train
30914,train
48617,train
74736,train
1403,train
70641,train
72555,train
5479,train
67745,train
35942,train
78163,train
55758,train
79112,train
90498,train
97169,train
24008,train
42592,train
41399,train
65095,train
27189,train
76510,train
67625,train
58414,train
13209,train
71400,train
10466,train
30245,train
70138,train
77900,train
92964,train
29094,train
54017,train
20466,train
51727,train
1390,train
24891,train
67912,train
20625,train
84703,train
42122,train
10624,train
35077,train
91729,train
62080,train
54241,train
3416,train
72779,train
121,train
50960,train
71553,train
74666,train
1252,train
35433,train
98508,train
21811,train
23762,train
19977,train
74080,train
43396,train
54934,train
33193,train
65549,train
98966,train
5848,train
94646,train
63009,train
9860,train
39348,train
99305,train
95524,train
80404,train
30286,train
62797,train
94372,train
67810,train
89731,train
17643,train
79656,train
87772,train
45418,train
69252,train
78298,train
7592,train
60065,train
4674,train
79473,train
78576,train
46188,train
6101,train
54308,train
22532,train
92525,train
35080,train
94865,train
47671,train
50430,train
22793,train
28612,train
68986,train
1708,train
64224,train
89456,train
75416,train
32413,train
18863,train
66848,train
47936,train
69342,train
18631,train
31163,train
84093,train
42259,train
33526,train
30425,train
42840,train
39284,train
29452,train
56241,train
93111,train
64585,train
52895,train
73516,train
27718,train
75023,train
85136,train
81717,train
64180,train
68797,train
80816,train
13741,train
91411,train
89512,train
29958,train
88962,train
60494,train
91705,train
66821,train
93631,train
91579,train
28311,train
88114,train
29104,train
78657,train
95799,train
81526,train
63367,train
59368,train
10215,train
13937,train
14876,train
49609,train
78693,train
53773,train
55352,train
74554,train
40195,train
40267,train
99480,train
22340,train
25046,train
36659,train
5086,train
81216,train
91271,train
33041,train
28625,train
64343,train
32177,train
77649,train
33419,train
3948,train
8004,train
25832,train
14604,train
14982,train
25086,train
90544,train
43705,train
45046,train
78867,train
35285,train
11100,train
54848,train
38693,train
28504,train
49712,train
46439,train
92907,train
23538,train
39708,train
35823,train
27822,train
71851,train
3006,train
89605,train
92500,train
8328,train
71199,train
82187,train
63095,train
74824,train
2441,train
95163,train
22836,train
28216,train
68430,train
14145,train
3664,train
40695,train
99095,train
42196,train
91478,train
84256,train
62946,train
81276,train
14443,train
53718,train
93424,train
27981,train
43450,train
85027,train
10582,train
66208,train
33337,train
57892,train
45257,train
3602,train
44130,train
29271,train
53052,train
18758,train
27615,train
74766,train
49861,train
32532,train
75492,train
14844,train
96733,train
65086,train
42418,train
72888,train
27905,train
97057,train
77787,train
31906,train
61490,train
28666,train
92644,train
57176,train
17719,train
27546,train
38569,train
66336,train
68261,train
98764,train
79069,train
37825,train
95351,train
99409,train
29420,train
16953,train
51674,train
50109,train
34177,train
54552,train
37817,train
15042,train
5052,train
96887,train
58014,train
46621,train
33680,train
91667,train
62209,train
55565,train
26942,train
16763,train
89072,train
77715,train
47158,train
92054,train
39560,train
41337,train
92383,train
22989,train
33208,train
86886,train
56472,train
2131,train
25024,train
92661,train
3625,train
11176,train
97341,train
94957,train
35973,train
39104,train
26539,train
77480,train
37775,train
42898,train
87570,train
81724,train
72801,train
28008,train
23345,train
26056,train
99775,train
90044,train
87417,train
21895,train
43998,train
57552,train
84961,train
34378,train
2538,train
65857,train
27099,train
43771,train
50702,train
61125,train
47699,train
12718,train
16318,train
42808,train
54956,train
92711,train
62005,train
41962,train
71616,train
60413,train
36945,train
85479,train
14979,train
74373,train
94082,train
63111,train
50744,train
83568,train
11355,train
18936,train
65986,train
25947,train
15935,train
63985,train
23259,train
49965,train
62355,train
84121,train
74293,train
35618,train
37149,train
62331,train
6198,train
38894,train
57311,train
58629,train
49453,train
4683,train
93244,train
83375,train
48727,train
3609,train
63984,train
258,train
81799,train
79211,train
59252,train
82106,train
85178,train
56864,train
4452,train
63523,train
81756,train
67259,train
19988,train
31152,train
79670,train
63026,train
79464,train
90772,train
93712,train
33863,train
84236,train
17571,train
63203,train
90551,train
17822,train
31996,train
56524,train
16565,train
62935,train
86951,train
84992,train
23511,train
63756,train
23264,train
74227,train
7282,train
84650,train
16694,train
58295,train
2544,train
35717,train
95357,train
53556,train
92576,train
1948,train
25699,train
59573,train
43628,train
73767,train
95384,train
33106,train
29632,train
12180,train
25099,train
21736,train
80920,train
3598,train
43879,train
96704,train
9811,train
6479,train
53318,train
6305,train
78295,train
88952,train
84076,train
36205,train
55465,train
18950,train
40649,train
94682,train
68866,train
90830,train
90708,train
87619,train
44230,train
59930,train
13467,train
82708,train
41980,train
76266,train
88358,train
78171,train
68471,train
18663,train
49447,train
8855,train
42101,train
83139,train
11362,train
72950,train
98469,train
2305,train
77882,train
61112,train
26724,train
48893,train
68937,train
23191,train
63537,train
76442,train
30196,train
44939,train
52100,train
18940,train
488,train
11264,train
1990,train
83535,train
21537,train
22007,train
94833,train
68070,train
26023,train
87847,train
35785,train
86813,train
29237,train
45475,train
20758,train
56433,train
53997,train
8381,train
67516,train
89830,train
28795,train
16219,train
72286,train
22136,train
98636,train
29885,train
88810,train
60521,train
58446,train
93684,train
61849,train
82689,train
45958,train
7319,train
73967,train
63440,train
68902,train
16949,train
26594,train
7148,train
57573,train
28349,train
74800,train
83340,train
87146,train
89061,train
5557,train
34978,train
66763,train
4879,train
64077,train
30113,train
23122,train
23791,train
22093,train
86515,train
77387,train
41531,train
3332,train
40386,train
90550,train
14288,train
77692,train
22518,train
67696,train
67442,train
65561,train
38506,train
27,train
48382,train
86658,train
8778,train
93945,train
21327,train
64454,train
64613,train
92662,train
29098,train
45308,train
13510,train
23377,train
15854,train
81928,train
49198,train
61020,train
20801,train
42688,train
20414,train
48699,train
54772,train
33294,train
86459,train
87700,train
62650,train
49518,train
58264,train
23135,train
14648,train
60387,train
92558,train
24743,train
18706,train
65253,train
41795,train
59015,train
29775,train
50677,train
97285,train
62478,train
10712,train
48042,train
68341,train
77028,train
25540,train
13178,train
73336,train
45140,train
58358,train
67130,train
79599,train
38084,train
67416,train
21312,train
24354,train
16806,train
9769,train
69903,train
81039,train
5245,train
33327,train
6062,train
77723,train
88359,train
30769,train
37251,train
73722,train
64169,train
11282,train
40841,train
78998,train
82477,train
64116,train
84127,train
95391,train
71016,train
63757,train
60377,train
30399,train
50882,train
95481,train
76534,train
1953,train
47934,train
69762,train
55097,train
19402,train
22810,train
50050,train
4425,train
15177,train
72625,train
39846,train
33664,train
46976,train
82565,train
48105,train
57295,train
91314,train
95041,train
1889,train
31188,train
29372,train
26239,train
22905,train
96308,train
21138,train
25492,train
669,train
84478,train
50660,train
2613,train
26194,train
85452,train
31004,train
62211,train
72511,train
84872,train
896,train
19086,train
50547,train
19529,train
17492,train
66770,train
56131,train
3474,train
76273,train
55186,train
25434,train
25398,train
50274,train
46191,train
7220,train
30860,train
14375,train
92704,train
79261,train
74231,train
99498,train
12379,train
78560,train
60256,train
76357,train
5042,train
59506,train
6758,train
63173,train
93153,train
51473,train
75051,train
92459,train
10315,train
62372,train
16209,train
73156,train
84532,train
44866,train
52704,train
78194,train
57948,train
2343,train
3232,train
61813,train
8882,train
99142,train
4888,train
75004,train
25459,train
2469,train
63439,train
17615,train
47908,train
4535,train
18156,train
11508,train
94741,train
61258,train
89870,train
42465,train
97075,train
74093,train
55595,train
41859,train
42537,train
34619,train
17552,train
89181,train
76067,train
88288,train
13613,train
66601,train
46785,train
97531,train
27739,train
17786,train
73141,train
4619,train
53296,train
98524,train
50149,train
67474,train
49375,train
45566,train
10613,train
69723,train
64414,train
78716,train
96346,train
49122,train
32869,train
21374,train
1212,train
62391,train
84716,train
7432,train
18028,train
80150,train
73578,train
66403,train
36278,train
88748,train
12901,train
41766,train
52909,train
3573,train
32510,train
45309,train
36007,train
4033,train
41414,train
23586,train
78623,train
41834,train
6010,train
20437,train
24431,train
53153,train
63322,train
41627,train
36202,train
43445,train
97845,train
24881,train
55364,train
69699,train
3283,train
16641,train
26632,train
32366,train
4234,train
5697,train
74913,train
45401,train
39544,train
30478,train
1714,train
97273,train
36653,train
11617,train
84615,train
67226,train
30694,train
37910,train
51129,train
47254,train
85683,train
86834,train
42113,train
94832,train
93504,train
48026,train
57018,train
9013,train
15297,train
25618,train
6904,train
59105,train
25183,train
47775,train
57735,train
13477,train
85684,train
24764,train
63667,train
96809,train
84069,train
78269,train
34990,train
11072,train
66742,train
10100,train
86135,train
74239,train
88440,train
45376,train
89151,train
3067,train
31691,train
33789,train
86503,train
91043,train
11424,train
95320,train
74633,train
88082,train
31485,train
90824,train
51011,train
73255,train
68930,train
22646,train
68678,train
17752,train
40254,train
38289,train
24895,train
81613,train
3460,train
95030,train
20364,train
86587,train
92792,train
71276,train
60097,train
75653,train
41075,train
27171,train
39806,train
16287,train
70177,train
59073,train
71510,train
84787,train
49589,train
90429,train
62131,train
8609,train
67635,train
5724,train
18615,train
57744,train
8334,train
5404,train
55177,train
51348,train
60619,train
74506,train
18569,train
32176,train
91308,train
59205,train
40851,train
95569,train
74345,train
55485,train
19310,train
40341,train
11688,train
44345,train
55043,train
54236,train
58344,train
77342,train
71474,train
12469,train
29365,train
27097,train
8555,train
77386,train
55229,train
24492,train
28766,train
9189,train
98603,train
38044,train
34009,train
10525,train
19560,train
51509,train
69821,train
4331,train
62472,train
3102,train
18203,train
89792,train
57963,train
23026,train
30130,train
69283,train
83367,train
75403,train
13228,train
63891,train
46016,train
24830,train
74544,train
17839,train
3299,train
71168,train
72775,train
83343,train
5249,train
89921,train
69792,train
46664,train
10325,train
9444,train
90623,train
83354,train
86067,train
27339,train
79094,train
71796,train
66631,train
27014,train
89030,train
60150,train
82425,train
45425,train
71603,train
68433,train
10505,train
52335,train
83758,train
55984,train
89358,train
53113,train
37322,train
36681,train
49538,train
48927,train
71414,train
22325,train
98908,train
15758,train
57714,train
41110,train
72367,train
7234,train
46159,train
29914,train
92645,train
67722,train
55233,train
7711,train
5046,train
17216,train
86034,train
23553,train
50157,train
83303,train
9142,train
20549,train
91076,train
74372,train
45955,train
98994,train
42179,train
23759,train
68394,train
60817,train
15233,train
75680,train
29095,train
63042,train
89842,train
35582,train
51367,train
37111,train
49185,train
11731,train
893,train
47947,train
97613,train
5378,train
17762,train
47915,train
5846,train
19118,train
56981,train
96771,train
21557,train
42092,train
74268,train
73384,train
77289,train
80672,train
12666,train
21412,train
34587,train
86143,train
92608,train
93443,train
59961,train
93099,train
69500,train
16535,train
30917,train
63464,train
7171,train
34985,train
70720,train
53356,train
11186,train
17424,train
69306,train
26685,train
778,train
89174,train
24381,train
51578,train
92198,train
82521,train
47294,train
37860,train
35713,train
43324,train
85003,train
18399,train
52751,train
75291,train
48370,train
13114,train
1073,train
61144,train
88378,train
1225,train
14455,train
68244,train
16942,train
33177,train
58400,train
23860,train
2680,train
62272,train
49210,train
4655,train
81481,train
44115,train
17141,train
61750,train
71147,train
66548,train
51630,train
88519,train
85347,train
92564,train
61973,train
25600,train
41506,train
87728,train
51343,train
66564,train
90775,train
47766,train
42498,train
90014,train
91273,train
86431,train
85375,train
69049,train
40680,train
5156,train
27789,train
62822,train
34055,train
67569,train
77843,train
64810,train
11316,train
74305,train
10557,train
90738,train
20700,train
77804,train
75430,train
19184,train
48663,train
70761,train
3045,train
91928,train
43113,train
69892,train
34991,train
25484,train
72612,train
6993,train
66158,train
1786,train
89534,train
69518,train
48646,train
33308,train
2959,train
14187,train
99629,train
46425,train
56714,train
99451,train
49209,train
22443,train
21142,train
18780,train
69169,train
98383,train
60064,train
55310,train
69837,train
26912,train
90118,train
45342,train
22974,train
76281,train
7868,train
90256,train
34719,train
95336,train
95940,train
87946,train
51504,train
36405,train
80350,train
65846,train
23932,train
44727,train
82144,train
51737,train
93893,train
9847,train
73670,train
10847,train
15872,train
60831,train
65819,train
7698,train
98353,train
31431,train
24950,train
73338,train
48298,train
5148,train
53194,train
47244,train
13245,train
70779,train
14008,train
55115,train
80714,train
35988,train
8422,train
98989,train
14601,train
28242,train
1369,train
25509,train
99010,train
83306,train
41742,train
46791,train
55394,train
71312,train
84567,train
54455,train
97893,train
31477,train
59674,train
43555,train
81758,train
61124,train
40389,train
17561,train
96877,train
58632,train
4795,train
56253,train
11721,train
78898,train
32654,train
53230,train
15185,train
15570,train
27104,train
12388,train
73233,train
89925,train
83971,train
52728,train
35073,train
6172,train
46608,train
25274,train
9664,train
87416,train
16546,train
88738,train
11833,train
99313,train
26202,train
13999,train
21718,train
34182,train
73877,train
46717,train
24837,train
83710,train
9943,train
48842,train
34159,train
83787,train
82248,train
63538,train
377,train
89250,train
1207,train
47081,train
14885,train
23665,train
24903,train
88010,train
25169,train
4515,train
2455,train
55074,train
37503,train
78007,train
22841,train
78381,train
17855,train
79723,train
36017,train
6886,train
94104,train
72100,train
43284,train
64326,train
45545,train
98163,train
20961,train
55799,train
90397,train
68197,train
11982,train
2154,train
73997,train
22813,train
71583,train
98561,train
19829,train
27942,train
19746,train
33872,train
51026,train
7856,train
28280,train
61472,train
11030,train
29156,train
59616,train
5842,train
47576,train
59775,train
63853,train
93635,train
68862,train
25194,train
87257,train
38603,train
81008,train
93873,train
22994,train
18215,train
73050,train
84998,train
17694,train
57703,train
72743,train
82601,train
7769,train
47221,train
84810,train
67878,train
60797,train
97203,train
2369,train
51357,train
19925,train
23785,train
75356,train
71643,train
99941,train
19311,train
39308,train
70914,train
81531,train
41447,train
22792,train
79877,train
38457,train
19374,train
75678,train
97820,train
54284,train
10719,train
37999,train
38124,train
31732,train
47125,train
35012,train
30721,train
57023,train
24932,train
86756,train
55196,train
46876,train
56796,train
54712,train
2868,train
24543,train
48081,train
98794,train
2225,train
60410,train
89836,train
85513,train
57975,train
43516,train
49407,train
35297,train
62338,train
78691,train
73279,train
13020,train
3150,train
79878,train
36326,train
17795,train
74859,train
692,train
72984,train
69679,train
53538,train
90645,train
54326,train
95972,train
46829,train
8051,train
71775,train
33425,train
85726,train
69991,train
35993,train
56419,train
81586,train
63991,train
22106,train
45224,train
65886,train
13357,train
19630,train
17058,train
49701,train
41227,train
241,train
48395,train
93694,train
41720,train
87575,train
43594,train
85198,train
17806,train
9217,train
71225,train
67652,train
67789,train
19142,train
92330,train
63857,train
39089,train
11161,train
60047,train
87994,train
45352,train
47345,train
30122,train
27451,train
4808,train
3055,train
40087,train
27162,train
15293,train
56297,train
7509,train
49761,train
23989,train
9412,train
16401,train
91441,train
89207,train
13174,train
93000,train
20598,train
96656,train
64257,train
53095,train
40691,train
89127,train
90733,train
2842,train
35117,train
3207,train
12708,train
85152,train
14420,train
80899,train
49205,train
6868,train
33884,train
14362,train
39690,train
84137,train
50020,train
71007,train
70400,train
9939,train
98777,train
11185,train
5645,train
17649,train
11470,train
22157,train
3023,train
68831,train
47128,train
30159,train
4932,train
46395,train
92826,train
57564,train
5620,train
69324,train
36864,train
52408,train
2487,train
70321,train
69221,train
13668,train
5023,train
59650,train
58593,train
79578,train
36044,train
48304,train
72106,train
13518,train
29618,train
73447,train
6480,train
52501,train
90969,train
41951,train
57485,train
67267,train
44617,train
90805,train
65212,train
26668,train
18910,train
46945,train
37788,train
40241,train
76496,train
78000,train
65495,train
87047,train
86689,train
16755,train
84975,train
83833,train
62875,train
50898,train
5744,train
32962,train
8515,train
51601,train
91638,train
12128,train
37240,train
52602,train
3323,train
56588,train
36276,train
66262,train
10147,train
43045,train
83922,train
63104,train
15517,train
9,train
98529,train
39820,train
14372,train
33261,train
51658,train
15822,train
24792,train
94329,train
45139,train
61352,train
56148,train
48678,train
30584,train
22842,train
8176,train
64305,train
71900,train
60179,train
31355,train
60913,train
80286,train
13975,train
35627,train
62938,train
26596,train
35708,train
51494,train
49769,train
55503,train
96975,train
13649,train
12139,train
37272,train
8412,train
17768,train
7896,train
68773,train
40892,train
10328,train
98518,train
24993,train
79683,train
68416,train
61620,train
95894,train
87491,train
83629,train
15957,train
87774,train
71336,train
79277,train
93621,train
82253,train
37715,train
43870,train
29211,train
34872,train
49938,train
43286,train
58696,train
15864,train
54,train
93899,train
60598,train
39271,train
90546,train
98281,train
24452,train
78885,train
97255,train
10356,train
44862,train
7169,train
59894,train
10389,train
77212,train
68538,train
12404,train
62838,train
73539,train
37985,train
60004,train
7394,train
57150,train
15972,train
99258,train
26145,train
60091,train
95490,train
62220,train
99736,train
10076,train
28266,train
17934,train
36103,train
27533,train
23311,train
69347,train
63452,train
23048,train
44386,train
61093,train
4194,train
39452,train
20688,train
74832,train
6528,train
44687,train
6105,train
19858,train
54157,train
77962,train
39888,train
86219,train
96510,train
33865,train
63705,train
58204,train
41207,train
98293,train
36793,train
33002,train
35651,train
64743,train
28990,train
13422,train
66917,train
8172,train
89414,train
90207,train
61474,train
63366,train
1583,train
26325,train
69037,train
38568,train
83747,train
50019,train
14033,train
89509,train
84391,train
83844,train
25061,train
28166,train
25625,train
68455,train
64884,train
14004,train
93349,train
64127,train
95936,train
89856,train
39519,train
18897,train
97414,train
55084,train
76788,train
25068,train
89276,train
73062,train
25059,train
8086,train
60846,train
24667,train
9188,train
54830,train
78769,train
48255,train
20330,train
97225,train
94556,train
62636,train
49436,train
58369,train
73007,train
15459,train
46500,train
25056,train
21766,train
17314,train
1081,train
8335,train
57634,train
1510,train
70013,train
79652,train
22430,train
35430,train
25031,train
44161,train
12113,train
60348,train
24413,train
73627,train
13844,train
18351,train
63631,train
87601,train
95762,train
61014,train
86844,train
81110,train
5104,train
70608,train
4666,train
77548,train
4699,train
38355,train
27638,train
77745,train
59078,train
43066,train
76572,train
12118,train
99742,train
83394,train
50965,train
68007,train
98917,train
40898,train
82684,train
43096,train
10567,train
46478,train
66859,train
97290,train
60871,train
86668,train
84054,train
18020,train
29682,train
50728,train
9209,train
29734,train
65195,train
29788,train
18437,train
63963,train
77023,train
15383,train
77527,train
42523,train
10245,train
33229,train
75189,train
91685,train
80638,train
46462,train
58418,train
65435,train
39941,train
77246,train
32336,train
62473,train
55870,train
28240,train
73857,train
32716,train
55483,train
25419,train
31567,train
69417,train
63058,train
89346,train
41301,train
33153,train
20551,train
17869,train
3721,train
73108,train
54007,train
89133,train
41543,train
50553,train
64703,train
50987,train
3597,train
67631,train
76674,train
37951,train
19660,train
74926,train
43823,train
33646,train
86006,train
1398,train
44502,train
68911,train
31820,train
33259,train
99373,train
3093,train
29436,train
5056,train
15554,train
58238,train
47931,train
77303,train
49243,train
42182,train
87211,train
17665,train
29279,train
39067,train
25141,train
56400,train
23954,train
34103,train
34955,train
40767,train
17465,train
92259,train
33962,train
69851,train
49539,train
57165,train
76129,train
22720,train
55908,train
31843,train
43741,train
91181,train
21332,train
54743,train
38383,train
36713,train
3815,train
42833,train
36816,train
36299,train
48244,train
92534,train
7780,train
71045,train
59690,train
35908,train
27142,train
35751,train
53819,train
52604,train
21355,train
14120,train
14712,train
65923,train
78573,train
9092,train
21715,train
89644,train
82923,train
67262,train
53851,train
13286,train
74155,train
92363,train
34914,train
28384,train
79301,train
55199,train
52998,train
33923,train
91520,train
32099,train
2062,train
26189,train
86138,train
18103,train
88441,train
43602,train
20162,train
86877,train
84889,train
43448,train
16181,train
78528,train
12163,train
51800,train
67966,train
19290,train
60617,train
69078,train
93529,train
52554,train
84023,train
14914,train
59400,train
56986,train
49859,train
27410,train
75423,train
15231,train
25364,train
10501,train
98736,train
56411,train
22318,train
27597,train
792,train
19978,train
38950,train
65037,train
3103,train
39001,train
78174,train
41715,train
10601,train
14576,train
44052,train
9759,train
95146,train
86347,train
3069,train
65907,train
63056,train
88797,train
24104,train
16884,train
71740,train
61037,train
45228,train
76140,train
86682,train
13808,train
61643,train
36214,train
1838,train
52095,train
34790,train
12123,train
79638,train
64991,train
35742,train
59499,train
3473,train
26954,train
50783,train
91890,train
40760,train
59929,train
5466,train
89822,train
33684,train
81228,train
33536,train
91306,train
34138,train
70909,train
89469,train
98660,train
74546,train
73518,train
60459,train
25840,train
60516,train
12297,train
3895,train
60506,train
44895,train
6119,train
82639,train
72232,train
39700,train
69857,train
70187,train
25418,train
98979,train
4344,train
67263,train
68526,train
92460,train
21414,train
73585,train
62694,train
16260,train
62092,train
11007,train
66512,train
4435,train
70956,train
52104,train
90725,train
17696,train
3185,train
2158,train
64911,train
91428,train
69232,train
65468,train
17547,train
48615,train
667,train
65026,train
69253,train
73671,train
58438,train
16371,train
11837,train
2976,train
46815,train
64145,train
2857,train
96688,train
49425,train
3120,train
22500,train
65364,train
25201,train
54897,train
21346,train
47413,train
35222,train
54569,train
2805,train
1171,train
12463,train
85879,train
89670,train
38575,train
3328,train
50030,train
80578,train
24826,train
96005,train
27761,train
968,train
4366,train
23373,train
59928,train
39764,train
40469,train
33287,train
18484,train
69415,train
76980,train
30234,train
56989,train
35653,train
34962,train
46775,train
80423,train
34361,train
44182,train
43547,train
48068,train
65429,train
74998,train
62795,train
1191,train
1589,train
48483,train
82540,train
85702,train
90258,train
71316,train
7805,train
15491,train
60029,train
12082,train
65125,train
7147,train
56169,train
63296,train
14966,train
36536,train
37554,train
12134,train
87078,train
31995,train
8224,train
6255,train
8848,train
8576,train
98463,train
16173,train
51675,train
75289,train
80881,train
51624,train
90803,train
98528,train
67772,train
19624,train
50389,train
94179,train
25078,train
71468,train
43310,train
78203,train
38180,train
27651,train
17063,train
96084,train
8912,train
11308,train
24315,train
22705,train
87930,train
16624,train
57727,train
1119,train
51041,train
24957,train
7732,train
46165,train
59466,train
67478,train
37626,train
81041,train
90642,train
59041,train
43047,train
44442,train
10259,train
84672,train
33407,train
72811,train
94815,train
65746,train
18785,train
48402,train
31177,train
27542,train
59846,train
71102,train
63102,train
56285,train
80700,train
73520,train
47547,train
7045,train
3875,train
29935,train
6570,train
4950,train
3326,train
92221,train
39555,train
65372,train
28100,train
51468,train
41832,train
44548,train
51004,train
28924,train
33641,train
17442,train
2223,train
1247,train
48952,train
44521,train
42035,train
76099,train
6376,train
7751,train
21416,train
72502,train
9096,train
51159,train
5214,train
14537,train
97632,train
68196,train
38570,train
87202,train
18783,train
14029,train
75737,train
14049,train
53555,train
77016,train
54675,train
61515,train
5012,train
48297,train
27740,train
41220,train
19675,train
61972,train
18986,train
70180,train
22480,train
78617,train
17825,train
23940,train
25852,train
19852,train
74787,train
88248,train
53946,train
93865,train
76597,train
23498,train
21450,train
98575,train
96734,train
82885,train
476,train
2291,train
69819,train
60319,train
73118,train
81854,train
13828,train
3911,train
57605,train
48217,train
1839,train
30750,train
84111,train
18477,train
22617,train
33371,train
95649,train
82131,train
75052,train
32882,train
95343,train
21614,train
97626,train
89990,train
6976,train
11746,train
9696,train
13795,train
77875,train
97853,train
33754,train
10929,train
69696,train
46922,train
51223,train
69860,train
84777,train
87881,train
54946,train
26107,train
68192,train
45799,train
95186,train
43372,train
11865,train
88345,train
56122,train
77109,train
47442,train
4689,train
72531,train
35146,train
2122,train
62312,train
76646,train
13893,train
55098,train
7389,train
21187,train
83159,train
63967,train
45988,train
55137,train
95462,train
65191,train
85587,train
64552,train
56096,train
24451,train
39267,train
79266,train
96228,train
57297,train
60926,train
72530,train
35732,train
94392,train
64682,train
41276,train
16080,train
54061,train
52817,train
22998,train
42801,train
45248,train
36146,train
39964,train
68062,train
74703,train
51572,train
85179,train
37837,train
96555,train
59701,train
741,train
24893,train
92150,train
94473,train
34918,train
21644,train
5235,train
63472,train
39533,train
43583,train
21073,train
26135,train
1470,train
25973,train
13536,train
78806,train
56485,train
3771,train
19940,train
93749,train
94030,train
39379,train
69529,train
20681,train
32363,train
62028,train
77981,train
44702,train
56246,train
48310,train
71465,train
48549,train
44652,train
3856,train
51681,train
59893,train
58211,train
77179,train
47673,train
68009,train
84449,train
61377,train
53906,train
57237,train
81795,train
95841,train
95513,train
72722,train
1837,train
95910,train
16076,train
43887,train
47115,train
42856,train
33982,train
74113,train
9453,train
62185,train
15319,train
68727,train
46037,train
52664,train
90711,train
1834,train
31497,train
15841,train
61800,train
98647,train
34022,train
10070,train
22071,train
63142,train
55178,train
35000,train
70008,train
83374,train
29141,train
26916,train
7288,train
33888,train
35851,train
29895,train
36583,train
6956,train
10342,train
29866,train
107,train
88753,train
8424,train
36324,train
33993,train
40246,train
19664,train
57154,train
777,train
36246,train
74179,train
16457,train
83050,train
96526,train
58080,train
70021,train
19727,train
94596,train
4353,train
34048,train
48351,train
56084,train
19486,train
12659,train
87704,train
46184,train
51286,train
58299,train
10093,train
81342,train
963,train
84326,train
50835,train
7390,train
4213,train
30844,train
84063,train
661,train
21419,train
65542,train
14975,train
72662,train
73676,train
57713,train
52180,train
23499,train
64408,train
87233,train
99760,train
20738,train
28653,train
91866,train
51214,train
79151,train
57946,train
33022,train
99687,train
19253,train
46854,train
33326,train
50792,train
27622,train
19080,train
92009,train
96072,train
7914,train
6862,train
44607,train
61630,train
55606,train
75232,train
32545,train
11804,train
63930,train
8155,train
83018,train
21061,train
74702,train
30351,train
18316,train
98901,train
53614,train
30588,train
15632,train
33476,train
16831,train
68098,train
72551,train
61326,train
46116,train
49100,train
45009,train
35819,train
73462,train
67920,train
70424,train
49058,train
48012,train
5882,train
10090,train
82931,train
45922,train
45937,train
78780,train
12262,train
62886,train
39526,train
76961,train
88381,train
10629,train
76320,train
49637,train
82762,train
63734,train
913,train
59830,train
56345,train
65642,train
89796,train
53648,train
61262,train
35034,train
24784,train
87546,train
11661,train
57758,train
25145,train
98185,train
23222,train
93406,train
91969,train
62613,train
15805,train
25959,train
27136,train
71674,train
31023,train
18335,train
65199,train
43331,train
85066,train
39721,train
78375,train
63280,train
19089,train
57353,train
75190,train
97215,train
65396,train
38169,train
54532,train
31693,train
41677,train
5749,train
74616,train
25805,train
9139,train
23034,train
23876,train
17158,train
20698,train
15328,train
58915,train
7944,train
18056,train
57010,train
33678,train
89361,train
53921,train
13363,train
92057,train
59080,train
85647,train
51137,train
16852,train
10340,train
44379,train
57404,train
25185,train
4179,train
2920,train
40047,train
15204,train
47160,train
81051,train
73133,train
92095,train
51565,train
82573,train
14470,train
42385,train
82230,train
71610,train
25385,train
89067,train
98579,train
25580,train
69331,train
15403,train
40731,train
74632,train
45166,train
15295,train
87896,train
22077,train
89275,train
84656,train
91013,train
22605,train
58939,train
71735,train
6764,train
94434,train
88425,train
3316,train
1093,train
69286,train
78340,train
33319,train
95581,train
8756,train
6011,train
3787,train
10194,train
60654,train
85304,train
61892,train
60141,train
70903,train
1375,train
68630,train
39202,train
60149,train
88100,train
38304,train
1021,train
4844,train
50268,train
39600,train
64203,train
42953,train
71628,train
93567,train
86702,train
73454,train
30223,train
90599,train
5904,train
17591,train
69743,train
57191,train
72444,train
54310,train
82215,train
23248,train
59613,train
44719,train
60460,train
64859,train
47733,train
28106,train
21230,train
35509,train
78830,train
26869,train
70822,train
55602,train
68934,train
11373,train
34774,train
46968,train
77541,train
38619,train
59013,train
23024,train
91470,train
29757,train
12932,train
2465,train
80125,train
66241,train
82231,train
63826,train
82962,train
73435,train
81118,train
64825,train
58157,train
63072,train
23113,train
22747,train
28545,train
2476,train
45877,train
65798,train
47061,train
7418,train
81137,train
70640,train
67123,train
24178,train
18650,train
52346,train
56031,train
27076,train
53902,train
50282,train
14884,train
10151,train
47091,train
9879,train
26735,train
56049,train
73499,train
50982,train
61715,train
76294,train
80121,train
17028,train
5516,train
27295,train
18239,train
55860,train
28374,train
24275,train
96554,train
7733,train
145,train
56759,train
77349,train
81984,train
34898,train
3731,train
5155,train
71852,train
48470,train
28041,train
4938,train
6811,train
52262,train
86729,train
41202,train
89438,train
53891,train
11124,train
57959,train
65456,train
25035,train
51948,train
81019,train
15468,train
12842,train
39627,train
53845,train
85746,train
82376,train
9912,train
25365,train
25633,train
94479,train
26213,train
68056,train
25300,train
3118,train
62358,train
14047,train
43731,train
40567,train
67825,train
55067,train
39875,train
44928,train
33687,train
52217,train
38175,train
10698,train
83919,train
75556,train
68084,train
94162,train
74277,train
12376,train
42546,train
35097,train
54359,train
89557,train
15878,train
96818,train
50031,train
51632,train
5750,train
52450,train
20322,train
66662,train
65424,train
98089,train
78197,train
51403,train
89074,train
80108,train
17421,train
18951,train
29126,train
2814,train
21929,train
36236,train
12487,train
5065,train
46299,train
79738,train
47894,train
45731,train
59553,train
5441,train
31009,train
1474,train
38134,train
6973,train
64191,train
70262,train
8201,train
82628,train
81194,train
54687,train
7037,train
33588,train
68291,train
28762,train
60329,train
84566,train
65529,train
37309,train
14419,train
79594,train
42881,train
53420,train
44473,train
73293,train
55395,train
72282,train
5192,train
60109,train
22035,train
64310,train
82854,train
23505,train
43214,train
59167,train
5754,train
23325,train
45669,train
66579,train
82744,train
24357,train
98480,train
43687,train
34371,train
7534,train
39254,train
85023,train
53907,train
69320,train
41045,train
75091,train
94766,train
52705,train
43481,train
17233,train
51436,train
38127,train
93239,train
14430,train
7506,train
84904,train
93580,train
9391,train
35446,train
95073,train
68156,train
58889,train
80690,train
72063,train
23568,train
80716,train
69426,train
35638,train
7378,train
94734,train
28368,train
58072,train
25055,train
81728,train
43110,train
875,train
7974,train
56849,train
79841,train
77711,train
21827,train
20912,train
93623,train
62698,train
27077,train
82258,train
44199,train
85680,train
86791,train
75181,train
74490,train
4442,train
85801,train
13469,train
92733,train
96582,train
63994,train
35802,train
60884,train
75944,train
55979,train
15081,train
7908,train
78829,train
24161,train
80379,train
8858,train
68901,train
98838,train
38669,train
28738,train
45744,train
43659,train
6259,train
20732,train
67387,train
224,train
46381,train
18407,train
52819,train
78779,train
89832,train
31269,train
77110,train
44033,train
50262,train
40299,train
61929,train
34241,train
76292,train
6867,train
23161,train
88492,train
23577,train
69057,train
4451,train
6459,train
41214,train
99424,train
60577,train
97104,train
42128,train
55379,train
47484,train
17728,train
86392,train
32307,train
18269,train
71462,train
26960,train
30865,train
69094,train
19589,train
91548,train
61245,train
87093,train
53631,train
33908,train
53472,train
76577,train
64440,train
41049,train
37820,train
90886,train
54866,train
65168,train
28757,train
3528,train
81840,train
86859,train
56604,train
59123,train
47629,train
48866,train
19102,train
66805,train
86214,train
22296,train
25744,train
50732,train
78788,train
57288,train
23064,train
3811,train
85597,train
53133,train
31225,train
95641,train
74133,train
50366,train
29922,train
14614,train
46585,train
1807,train
79120,train
79693,train
41616,train
66651,train
55215,train
22414,train
71175,train
99640,train
51617,train
39148,train
27465,train
19918,train
11035,train
80947,train
16707,train
13582,train
72076,train
837,train
12598,train
34065,train
33753,train
1129,train
8398,train
78215,train
66106,train
45902,train
90794,train
60599,train
97234,train
90426,train
52768,train
37616,train
61475,train
85658,train
3738,train
69384,train
82449,train
68824,train
27772,train
32422,train
65210,train
36706,train
85279,train
2642,train
20806,train
9903,train
20165,train
20964,train
24369,train
69592,train
24051,train
80470,train
46353,train
21524,train
90381,train
31260,train
65672,train
76956,train
10518,train
2316,train
52712,train
13847,train
70712,train
10878,train
54381,train
649,train
94880,train
79598,train
14391,train
57865,train
87235,train
89642,train
89819,train
34126,train
54925,train
26031,train
97087,train
71438,train
32586,train
9219,train
72535,train
15895,train
24997,train
68023,train
59455,train
36368,train
8767,train
5034,train
3608,train
95754,train
662,train
43641,train
83973,train
3642,train
21248,train
99260,train
98128,train
55454,train
68519,train
67756,train
99039,train
68700,train
3517,train
96189,train
36940,train
74383,train
47635,train
84599,train
32385,train
42748,train
93770,train
87009,train
86942,train
91909,train
90777,train
98606,train
31886,train
67904,train
65677,train
4338,train
72067,train
35013,train
53789,train
47110,train
60419,train
88077,train
6794,train
9148,train
97033,train
23510,train
55174,train
89769,train
17981,train
94838,train
84327,train
26183,train
48354,train
26018,train
27940,train
61027,train
52912,train
63703,train
31837,train
91567,train
98325,train
86215,train
97393,train
51185,train
39652,train
66671,train
7126,train
94710,train
77003,train
30936,train
71723,train
99158,train
55405,train
6888,train
92965,train
31457,train
46819,train
29049,train
99386,train
21508,train
62167,train
99511,train
98030,train
31990,train
25277,train
48769,train
95789,train
52864,train
71128,train
67858,train
50259,train
40700,train
26849,train
345,train
95101,train
57073,train
21578,train
24888,train
62980,train
35662,train
85132,train
38598,train
17871,train
7965,train
82001,train
55802,train
82137,train
75638,train
33225,train
94135,train
40971,train
68953,train
13392,train
3935,train
96946,train
70430,train
16075,train
63219,train
69649,train
54287,train
51734,train
81823,train
98573,train
92617,train
95588,train
47046,train
65064,train
23456,train
87271,train
5379,train
45900,train
60100,train
73344,train
90362,train
16482,train
18369,train
64434,train
3936,train
41785,train
17154,train
30129,train
97611,train
36179,train
64210,train
97315,train
54953,train
74499,train
22575,train
75307,train
90927,train
4280,train
89940,train
80940,train
76013,train
15853,train
10738,train
61802,train
26062,train
27261,train
88495,train
4314,train
12300,train
39663,train
28676,train
15318,train
75780,train
49634,train
60031,train
31559,train
61759,train
37283,train
98028,train
10285,train
31721,train
2081,train
62832,train
17510,train
3222,train
55344,train
71441,train
23742,train
4788,train
89195,train
61010,train
54810,train
49596,train
81206,train
75376,train
5586,train
7470,train
70675,train
28061,train
10484,train
36204,train
54844,train
43534,train
48993,train
22490,train
46151,train
96094,train
7749,train
20976,train
18883,train
94477,train
27250,train
76134,train
37851,train
71402,train
36630,train
25182,train
32047,train
68739,train
25386,train
24266,train
91808,train
19631,train
31586,train
68031,train
31088,train
23727,train
68079,train
60421,train
87640,train
63594,train
59185,train
40960,train
46026,train
44747,train
20582,train
75085,train
20872,train
6287,train
28691,train
88880,train
97970,train
21433,train
46221,train
17666,train
13213,train
25209,train
41044,train
72169,train
55296,train
41912,train
29611,train
81693,train
60809,train
62013,train
81060,train
70312,train
76105,train
57903,train
64068,train
12276,train
28943,train
83674,train
71987,train
67204,train
86628,train
10237,train
98846,train
76439,train
47449,train
79872,train
60825,train
50945,train
31354,train
54974,train
76943,train
74999,train
82780,train
40946,train
82658,train
91403,train
62699,train
1949,train
91238,train
70108,train
627,train
80608,train
74664,train
72977,train
30550,train
28474,train
22749,train
3651,train
20740,train
85109,train
85448,train
63336,train
30715,train
76759,train
9409,train
28689,train
57278,train
99735,train
80760,train
62337,train
56458,train
88285,train
31690,train
10248,train
22388,train
68968,train
92783,train
25902,train
32252,train
65274,train
49116,train
94886,train
38267,train
19993,train
20645,train
90624,train
10896,train
46086,train
60665,train
33639,train
98143,train
14714,train
81932,train
59146,train
24025,train
9336,train
12439,train
1695,train
39143,train
88954,train
45606,train
90395,train
98983,train
10318,train
24788,train
55422,train
90389,train
12567,train
7125,train
36551,train
41119,train
94793,train
96769,train
66068,train
86498,train
19927,train
60855,train
22290,train
41462,train
2274,train
57204,train
76228,train
79569,train
4827,train
18903,train
77233,train
90351,train
12854,train
64661,train
88792,train
81085,train
77525,train
23232,train
32018,train
57833,train
44679,train
94712,train
19191,train
74436,train
96963,train
81942,train
71540,train
123,train
3047,train
56407,train
23485,train
63198,train
53702,train
45355,train
34525,train
63670,train
39347,train
96807,train
86291,train
86549,train
21475,train
64415,train
47431,train
13031,train
29337,train
99194,train
49251,train
74392,train
47497,train
34589,train
66566,train
2766,train
20201,train
53375,train
1820,train
41329,train
31140,train
84696,train
46167,train
76796,train
60785,train
94382,train
77104,train
53340,train
77501,train
37139,train
34275,train
22604,train
44665,train
19872,train
80984,train
7839,train
15994,train
28143,train
35164,train
96144,train
30461,train
32850,train
45727,train
55286,train
97286,train
4426,train
15865,train
37182,train
44392,train
19042,train
72672,train
92450,train
76883,train
42410,train
31704,train
48612,train
73107,train
95506,train
95137,train
74405,train
16129,train
62740,train
54089,train
36902,train
16216,train
17810,train
53470,train
1338,train
97334,train
21673,train
94724,train
25345,train
35883,train
96492,train
66253,train
35353,train
79622,train
86208,train
86364,train
92936,train
76306,train
70834,train
55350,train
1811,train
53694,train
99454,train
3800,train
74540,train
44510,train
91620,train
52857,train
72204,train
46031,train
9228,train
32971,train
9021,train
53930,train
5228,train
47603,train
86865,train
98363,train
46767,train
68078,train
58787,train
33163,train
26482,train
55261,train
46318,train
38408,train
58315,train
33391,train
65142,train
92707,train
44556,train
23434,train
51135,train
68693,train
1223,train
93323,train
88012,train
13109,train
62426,train
86736,train
26144,train
19890,train
74513,train
45609,train
24,train
5639,train
29147,train
51285,train
22572,train
60134,train
51552,train
74920,train
61323,train
59998,train
16236,train
42839,train
66327,train
93993,train
15110,train
48276,train
8633,train
76242,train
81628,train
64103,train
16842,train
55313,train
4849,train
336,train
3944,train
79965,train
84970,train
59903,train
70353,train
57678,train
33190,train
45408,train
3394,train
9966,train
64797,train
17814,train
64288,train
69966,train
14094,train
23611,train
46293,train
5293,train
42786,train
29123,train
85692,train
13756,train
61357,train
91512,train
51236,train
13160,train
65091,train
58513,train
64985,train
6225,train
65654,train
22131,train
39648,train
46000,train
6710,train
87082,train
90067,train
93806,train
53224,train
50538,train
27231,train
22701,train
98140,train
34100,train
49988,train
55536,train
99154,train
30903,train
99060,train
34837,train
60653,train
43501,train
45689,train
20097,train
81167,train
316,train
32867,train
33671,train
17583,train
84645,train
44664,train
19820,train
69255,train
92613,train
41269,train
58745,train
44757,train
34673,train
12622,train
59121,train
99315,train
51974,train
24952,train
50101,train
12183,train
38664,train
54853,train
86470,train
58861,train
53870,train
35318,train
94229,train
72898,train
57753,train
94945,train
34779,train
83133,train
95957,train
52114,train
60271,train
21576,train
64391,train
43192,train
77041,train
32230,train
7964,train
74435,train
89801,train
51422,train
26489,train
48870,train
39250,train
6755,train
79907,train
81729,train
79546,train
96169,train
60117,train
29732,train
94272,train
45967,train
26264,train
14568,train
13111,train
94252,train
39504,train
36837,train
54936,train
84028,train
31283,train
29199,train
43922,train
44427,train
97638,train
79402,train
44271,train
15743,train
55362,train
67537,train
13789,train
66980,train
50530,train
73492,train
11326,train
94352,train
86268,train
24171,train
82280,train
70806,train
2342,train
2115,train
88769,train
31900,train
3980,train
70920,train
24476,train
66090,train
75280,train
40893,train
47534,train
37601,train
61712,train
54637,train
5363,train
28853,train
46797,train
72258,train
36025,train
84509,train
94881,train
60891,train
83060,train
71187,train
99659,train
95082,train
32806,train
9369,train
50112,train
1222,train
80854,train
84448,train
43696,train
83345,train
35254,train
79648,train
67653,train
39156,train
16101,train
93824,train
56718,train
80577,train
47252,train
49349,train
37483,train
4298,train
46848,train
75491,train
2749,train
53305,train
6564,train
15683,train
45656,train
15003,train
52777,train
63900,train
82983,train
72455,train
40064,train
73828,train
98401,train
7784,train
23924,train
98029,train
72845,train
76871,train
98345,train
20459,train
31094,train
61332,train
71894,train
41238,train
66966,train
44455,train
40750,train
2270,train
49280,train
56282,train
40207,train
21615,train
91623,train
86474,train
63706,train
39453,train
73226,train
64597,train
2767,train
87647,train
83112,train
33428,train
65080,train
10218,train
7602,train
62882,train
28396,train
31325,train
69330,train
41684,train
71322,train
89082,train
96643,train
35183,train
93081,train
14673,train
91687,train
46555,train
50285,train
14593,train
45269,train
3590,train
20997,train
62348,train
44412,train
92811,train
22746,train
49397,train
61785,train
4479,train
12785,train
81308,train
20251,train
77611,train
90064,train
19880,train
24798,train
34231,train
12070,train
27798,train
11609,train
57743,train
57306,train
39340,train
46527,train
23730,train
79160,train
55490,train
4518,train
40670,train
91391,train
65883,train
81753,train
61288,train
61174,train
57249,train
67629,train
45028,train
66731,train
75058,train
39989,train
76537,train
89718,train
97497,train
48669,train
90581,train
16907,train
4809,train
1453,train
2973,train
77397,train
65828,train
36425,train
34441,train
36609,train
29181,train
48630,train
27233,train
83605,train
88663,train
83495,train
83656,train
56273,train
65302,train
34050,train
51288,train
65885,train
91397,train
47700,train
34830,train
53629,train
95948,train
49922,train
43784,train
42561,train
29304,train
46857,train
53924,train
94469,train
99495,train
79574,train
89241,train
27430,train
83392,train
96283,train
59736,train
75589,train
34760,train
15989,train
72295,train
2925,train
57101,train
8251,train
98899,train
78696,train
6581,train
61157,train
44951,train
27534,train
30187,train
83613,train
69910,train
94862,train
72882,train
87014,train
76423,train
14465,train
14992,train
2431,train
48222,train
29766,train
50921,train
5543,train
98485,train
2428,train
88131,train
59482,train
56424,train
84398,train
35373,train
68993,train
42791,train
55584,train
70871,train
39775,train
84793,train
7672,train
59359,train
20532,train
11105,train
50061,train
27417,train
42827,train
75108,train
53173,train
6808,train
92717,train
91688,train
64028,train
55259,train
16564,train
95344,train
28843,train
70489,train
80103,train
45622,train
39208,train
76366,train
95424,train
73194,train
83266,train
66924,train
46558,train
65791,train
86171,train
29432,train
30540,train
69574,train
32803,train
67903,train
5229,train
49160,train
24306,train
93965,train
2308,train
19508,train
48040,train
29929,train
8223,train
22891,train
8449,train
78286,train
22163,train
96982,train
48454,train
36257,train
44975,train
33206,train
92233,train
54457,train
54458,train
97947,train
14713,train
31530,train
26437,train
83974,train
5635,train
5923,train
29356,train
62006,train
49694,train
91875,train
14484,train
15874,train
36519,train
92303,train
42057,train
65282,train
78354,train
72541,train
85041,train
88691,train
77120,train
79875,train
11526,train
6839,train
57473,train
69353,train
19280,train
53752,train
49386,train
40259,train
95774,train
87836,train
45520,train
16959,train
98062,train
57268,train
19846,train
5047,train
24851,train
47501,train
94413,train
73198,train
71430,train
63126,train
61234,train
64318,train
76739,train
84956,train
30635,train
57570,train
5849,train
47407,train
699,train
140,train
51049,train
72122,train
95709,train
39245,train
71656,train
50689,train
76699,train
5775,train
93385,train
6594,train
93719,train
18859,train
65015,train
1829,train
10796,train
37191,train
97236,train
18065,train
23816,train
53380,train
73277,train
30820,train
64624,train
9707,train
66134,train
96654,train
7924,train
37873,train
44331,train
42273,train
58552,train
13960,train
57638,train
51099,train
94542,train
83550,train
3267,train
66962,train
1322,train
72484,train
81460,train
29449,train
62161,train
89888,train
21641,train
76907,train
78816,train
97004,train
86526,train
8735,train
49918,train
71253,train
85470,train
6106,train
9686,train
61838,train
67362,train
48793,train
373,train
48821,train
20886,train
44270,train
2838,train
69724,train
67622,train
9627,train
32935,train
65716,train
91044,train
14199,train
20564,train
52975,train
48029,train
170,train
43181,train
52594,train
78121,train
9593,train
22991,train
90333,train
1176,train
85081,train
74940,train
86370,train
29798,train
61542,train
6709,train
1843,train
3802,train
67209,train
72577,train
5224,train
83024,train
90978,train
84081,train
52319,train
69026,train
2246,train
70125,train
76830,train
36542,train
50164,train
24428,train
48072,train
80815,train
24022,train
2716,train
25215,train
55619,train
4918,train
66210,train
5934,train
93232,train
79226,train
12179,train
18594,train
60498,train
10167,train
3556,train
11591,train
1353,train
58617,train
46719,train
66290,train
96681,train
14245,train
79124,train
47016,train
29268,train
42515,train
74439,train
17850,train
46319,train
42802,train
51562,train
63717,train
33563,train
61821,train
63263,train
9681,train
96397,train
94362,train
98348,train
58249,train
73850,train
66247,train
5942,train
25967,train
43137,train
45084,train
78968,train
33367,train
67680,train
45701,train
22374,train
79001,train
98690,train
61333,train
80014,train
60613,train
97441,train
60317,train
58929,train
35248,train
15867,train
56925,train
89717,train
67099,train
25749,train
77441,train
15986,train
96745,train
32874,train
38947,train
40218,train
9687,train
6478,train
62072,train
38446,train
97154,train
12364,train
93786,train
54863,train
97067,train
92927,train
62221,train
21829,train
54765,train
6020,train
84311,train
16817,train
93447,train
83516,train
26546,train
56110,train
3308,train
31736,train
38742,train
28317,train
45736,train
65392,train
12473,train
21089,train
8348,train
25720,train
91259,train
29820,train
25444,train
91327,train
20172,train
9428,train
38502,train
63534,train
46793,train
64814,train
87143,train
15703,train
49818,train
86327,train
28307,train
17641,train
81967,train
23864,train
84349,train
13964,train
99044,train
8262,train
23299,train
48393,train
49064,train
85440,train
79284,train
86149,train
11726,train
45908,train
55674,train
41640,train
53942,train
1329,train
75077,train
26992,train
32926,train
93789,train
90896,train
41798,train
54716,train
46967,train
97711,train
48315,train
42590,train
8190,train
57763,train
82793,train
59678,train
51445,train
14780,train
13433,train
37487,train
27951,train
13190,train
61301,train
26670,train
62872,train
31774,train
4128,train
8368,train
75064,train
16459,train
44731,train
77236,train
56711,train
4332,train
16083,train
11550,train
23104,train
74243,train
22645,train
58432,train
7478,train
73165,train
81997,train
94450,train
76346,train
34362,train
15239,train
52838,train
33786,train
28091,train
21886,train
40425,train
55884,train
95845,train
98490,train
21968,train
76326,train
5186,train
17128,train
2815,train
91433,train
64927,train
59887,train
78537,train
88340,train
59898,train
40732,train
12330,train
31173,train
85424,train
47492,train
34049,train
88382,train
78786,train
23431,train
86808,train
46686,train
59465,train
57269,train
63351,train
19326,train
91669,train
6049,train
78578,train
18788,train
1991,train
90920,train
28269,train
40357,train
87053,train
67574,train
26260,train
75201,train
16540,train
92310,train
89012,train
82679,train
12584,train
58273,train
87712,train
38412,train
57956,train
57726,train
62867,train
98303,train
11519,train
22854,train
23645,train
47326,train
48908,train
29408,train
10618,train
76055,train
87440,train
3665,train
31867,train
92461,train
41827,train
30892,train
57184,train
62260,train
63256,train
83678,train
28244,train
41673,train
93179,train
48182,train
72912,train
34971,train
22584,train
25126,train
88899,train
16312,train
96039,train
77899,train
41905,train
49803,train
98822,train
60880,train
30035,train
90253,train
3910,train
44839,train
67173,train
64014,train
43091,train
70746,train
69815,train
62119,train
55105,train
10645,train
38063,train
69539,train
80474,train
78422,train
56112,train
79681,train
71961,train
57236,train
56125,train
13067,train
7536,train
11586,train
67692,train
26913,train
90372,train
61623,train
23022,train
97789,train
77817,train
50477,train
11957,train
78421,train
89035,train
14101,train
31822,train
78809,train
80727,train
90617,train
3000,train
38710,train
58618,train
32996,train
67839,train
98477,train
77,train
50138,train
23758,train
97530,train
69830,train
43511,train
76583,train
71630,train
97316,train
82844,train
53917,train
83327,train
96369,train
16413,train
95195,train
40439,train
22012,train
64638,train
27028,train
89317,train
82843,train
44328,train
26306,train
91557,train
83353,train
33880,train
74685,train
95124,train
63306,train
44411,train
69099,train
54771,train
98459,train
98563,train
98848,train
35536,train
34118,train
21011,train
1621,train
17451,train
71615,train
61166,train
16222,train
90039,train
98269,train
21636,train
16403,train
59453,train
91234,train
17890,train
58449,train
25842,train
71137,train
26119,train
65574,train
84952,train
73216,train
82947,train
39903,train
94756,train
88991,train
52259,train
89645,train
56252,train
1862,train
62622,train
47971,train
53050,train
84717,train
45878,train
86802,train
95507,train
74301,train
12047,train
37630,train
30463,train
91956,train
88604,train
89614,train
7518,train
84203,train
81384,train
79436,train
84907,train
45724,train
59577,train
9757,train
43596,train
25593,train
85568,train
69150,train
99320,train
29190,train
75188,train
79408,train
57640,train
33950,train
53549,train
75892,train
75753,train
34500,train
72996,train
59111,train
97423,train
79619,train
64580,train
56936,train
50761,train
74740,train
2657,train
45455,train
12643,train
97946,train
38215,train
82625,train
83279,train
93676,train
44356,train
21820,train
27373,train
44422,train
62065,train
24536,train
36704,train
99773,train
87629,train
92663,train
53775,train
12162,train
37211,train
79731,train
30773,train
192,train
45579,train
5062,train
49814,train
45503,train
73032,train
12446,train
46136,train
25303,train
5336,train
69954,train
61495,train
40184,train
47349,train
29995,train
20977,train
71867,train
511,train
33667,train
86050,train
9498,train
49985,train
54999,train
65860,train
69987,train
59729,train
90396,train
66885,train
41300,train
30787,train
73461,train
61646,train
68273,train
24396,train
61902,train
3003,train
98194,train
16549,train
6385,train
76551,train
81688,train
9573,train
21542,train
45456,train
67040,train
89409,train
10391,train
65993,train
70709,train
41526,train
95938,train
3939,train
35888,train
10053,train
30020,train
85695,train
76062,train
92346,train
42458,train
5273,train
27709,train
27350,train
82574,train
18998,train
30786,train
18699,train
50868,train
3095,train
26314,train
86272,train
95014,train
55574,train
78756,train
98035,train
24515,train
84619,train
2807,train
73011,train
33480,train
13710,train
33770,train
79414,train
26720,train
94368,train
61952,train
78670,train
21093,train
46010,train
43965,train
72764,train
94606,train
94419,train
23913,train
57596,train
15797,train
42083,train
56744,train
6417,train
92475,train
71358,train
54390,train
84840,train
88918,train
15623,train
54568,train
87538,train
39090,train
1900,train
396,train
11403,train
60439,train
85036,train
16327,train
68152,train
60888,train
78106,train
29055,train
69672,train
16922,train
9656,train
46212,train
64630,train
17066,train
6170,train
72325,train
37847,train
48387,train
49030,train
53343,train
94247,train
10752,train
68300,train
69947,train
35573,train
39583,train
21259,train
37172,train
70617,train
20399,train
49551,train
20944,train
62231,train
87448,train
62162,train
33040,train
80398,train
92103,train
90083,train
60299,train
92242,train
3963,train
33799,train
59479,train
35437,train
98825,train
14174,train
7719,train
41743,train
72176,train
9564,train
17620,train
5197,train
32567,train
49876,train
46853,train
5049,train
87639,train
28749,train
20529,train
92949,train
51373,train
6083,train
37721,train
19391,train
78463,train
22676,train
14769,train
79755,train
23333,train
63212,train
20321,train
27110,train
62397,train
53,train
9838,train
35116,train
65786,train
82575,train
11689,train
99340,train
81808,train
40842,train
84869,train
44150,train
30528,train
11214,train
417,train
11489,train
27624,train
41306,train
81667,train
71532,train
64386,train
82194,train
9883,train
30252,train
61351,train
36931,train
93738,train
55897,train
61918,train
43957,train
66170,train
83979,train
70963,train
52049,train
32524,train
68170,train
35480,train
97953,train
46042,train
97629,train
14124,train
29996,train
52989,train
27821,train
96574,train
80776,train
12158,train
68093,train
75984,train
90226,train
4205,train
43236,train
68423,train
21510,train
19691,train
27496,train
4116,train
76952,train
85972,train
26734,train
6572,train
98493,train
92149,train
1484,train
31911,train
67489,train
74326,train
38468,train
99021,train
82788,train
88544,train
29256,train
50700,train
12358,train
94956,train
9812,train
22096,train
87167,train
50544,train
78385,train
66953,train
33477,train
22321,train
86176,train
47434,train
37629,train
17979,train
1850,train
58572,train
52684,train
65291,train
48327,train
29142,train
60638,train
93483,train
58659,train
70734,train
14788,train
67981,train
1127,train
54861,train
12091,train
69439,train
41994,train
23256,train
79650,train
3098,train
71558,train
6203,train
45819,train
9126,train
30659,train
56909,train
59643,train
25907,train
57078,train
7982,train
28977,train
98481,train
18337,train
15763,train
85677,train
27389,train
81302,train
9213,train
51108,train
73996,train
47433,train
46960,train
64234,train
72970,train
10720,train
71849,train
46316,train
60076,train
76893,train
59819,train
28865,train
46997,train
52527,train
91431,train
73903,train
47264,train
3515,train
1019,train
33322,train
90779,train
35899,train
53250,train
7408,train
31991,train
72566,train
71983,train
83693,train
57239,train
49009,train
16225,train
62497,train
91248,train
16004,train
89905,train
49597,train
86266,train
7986,train
17493,train
30897,train
41791,train
60895,train
99278,train
6598,train
84534,train
74105,train
26198,train
36553,train
81290,train
98850,train
39076,train
58519,train
94305,train
97221,train
4246,train
93544,train
57413,train
9572,train
12104,train
15496,train
26176,train
76178,train
46163,train
98403,train
45424,train
19333,train
74957,train
20065,train
66520,train
17222,train
99323,train
29220,train
22627,train
65247,train
45477,train
44338,train
33776,train
3401,train
70363,train
43026,train
52393,train
8575,train
40181,train
49862,train
31814,train
75921,train
71568,train
78988,train
89811,train
38137,train
69549,train
82603,train
89660,train
34865,train
67472,train
30859,train
19636,train
81657,train
93639,train
78936,train
13523,train
70901,train
65940,train
83861,train
83487,train
9554,train
23653,train
55039,train
32941,train
96754,train
63540,train
53177,train
66690,train
93820,train
33943,train
49288,train
11010,train
36491,train
18977,train
75260,train
15163,train
45298,train
59723,train
39054,train
89639,train
55153,train
4299,train
87296,train
40887,train
88556,train
712,train
64109,train
74402,train
79514,train
85932,train
92405,train
21028,train
30112,train
50247,train
14322,train
34961,train
18698,train
91153,train
7977,train
89497,train
57694,train
899,train
51404,train
92250,train
67950,train
6471,train
64754,train
62639,train
78029,train
99452,train
22006,train
25978,train
27599,train
25356,train
67100,train
88915,train
24217,train
47771,train
78804,train
1690,train
32661,train
43847,train
97563,train
92140,train
1626,train
72199,train
38417,train
45256,train
34588,train
5893,train
94042,train
16529,train
23993,train
13438,train
21261,train
55453,train
99380,train
11605,train
67446,train
39192,train
12562,train
79778,train
2240,train
68800,train
71579,train
16525,train
11253,train
85581,train
48762,train
59305,train
19445,train
21082,train
52946,train
97145,train
54124,train
27477,train
18018,train
77582,train
67046,train
94025,train
77451,train
26214,train
12997,train
24005,train
43130,train
10515,train
74963,train
57171,train
92349,train
68925,train
42838,train
83115,train
33606,train
17986,train
42260,train
19163,train
60693,train
40466,train
9016,train
10412,train
14657,train
92458,train
70006,train
62421,train
99981,train
55932,train
40227,train
44587,train
80929,train
95118,train
3715,train
54476,train
44291,train
63057,train
10289,train
55100,train
90504,train
13804,train
17866,train
3128,train
49276,train
48277,train
45413,train
7505,train
663,train
91279,train
17399,train
9173,train
73939,train
47538,train
49093,train
62519,train
61874,train
56082,train
58612,train
73911,train
95760,train
15825,train
29598,train
6059,train
76786,train
78234,train
87012,train
62130,train
3362,train
38830,train
31043,train
97467,train
61882,train
65286,train
6607,train
14999,train
78473,train
18072,train
68857,train
35160,train
89483,train
70686,train
9535,train
5978,train
22926,train
2862,train
27918,train
72804,train
79349,train
82662,train
56058,train
76901,train
72613,train
37021,train
92355,train
55240,train
32289,train
28022,train
77969,train
42557,train
13300,train
73290,train
72425,train
44025,train
3618,train
18046,train
92784,train
23327,train
68587,train
1312,train
31685,train
42893,train
78108,train
41566,train
11637,train
63365,train
71917,train
24269,train
87536,train
23832,train
65616,train
62671,train
95965,train
34243,train
57001,train
68740,train
39342,train
25512,train
43228,train
5818,train
35604,train
34242,train
89397,train
2548,train
5208,train
18695,train
34052,train
62298,train
90724,train
42948,train
96618,train
15265,train
7960,train
42155,train
52814,train
93410,train
36646,train
9735,train
48533,train
10977,train
68483,train
94251,train
54032,train
37164,train
9998,train
48404,train
32683,train
4376,train
6644,train
5832,train
78720,train
66617,train
96707,train
34297,train
78993,train
1619,train
43618,train
39668,train
40763,train
52058,train
17801,train
52709,train
18124,train
60411,train
46034,train
45320,train
73961,train
32865,train
72108,train
50675,train
28744,train
25839,train
33666,train
37521,train
48051,train
13038,train
10209,train
55680,train
77304,train
17930,train
66714,train
52229,train
43053,train
85553,train
56657,train
49640,train
14107,train
71210,train
93710,train
50064,train
63685,train
43327,train
75946,train
47339,train
99165,train
1982,train
16189,train
80823,train
8420,train
32730,train
12312,train
83533,train
57247,train
92331,train
87764,train
6220,train
85048,train
60738,train
2980,train
58042,train
57463,train
65464,train
36207,train
29605,train
74209,train
84806,train
41490,train
85523,train
65201,train
32291,train
68938,train
74881,train
34965,train
70450,train
11262,train
75219,train
67497,train
93203,train
91210,train
89177,train
35192,train
16879,train
72758,train
22104,train
42697,train
75720,train
2741,train
34886,train
76184,train
35059,train
86833,train
61113,train
5478,train
25924,train
15375,train
91442,train
55414,train
61600,train
71986,train
51498,train
56288,train
97729,train
33583,train
49533,train
57062,train
53042,train
3159,train
36211,train
90487,train
98755,train
74586,train
32147,train
98358,train
94200,train
51242,train
95785,train
27507,train
75582,train
54202,train
17889,train
10000,train
53772,train
99136,train
50235,train
32305,train
14765,train
19148,train
29274,train
93214,train
58516,train
83444,train
19275,train
81366,train
15579,train
87388,train
74265,train
2293,train
91874,train
61624,train
99978,train
44670,train
81595,train
92821,train
42495,train
2204,train
83332,train
13180,train
74504,train
61404,train
15045,train
73599,train
49254,train
70330,train
75362,train
97466,train
89185,train
38283,train
67741,train
45445,train
70930,train
34753,train
25678,train
24042,train
79287,train
80852,train
33197,train
22412,train
4075,train
15157,train
54969,train
19638,train
83484,train
89350,train
12111,train
79490,train
46840,train
70079,train
55361,train
98040,train
59125,train
65265,train
10483,train
90267,train
2236,train
69318,train
62470,train
14423,train
97500,train
11460,train
60043,train
17553,train
75827,train
32689,train
80051,train
60742,train
27521,train
44653,train
27011,train
76727,train
69838,train
81,train
17388,train
97222,train
91125,train
92689,train
56782,train
26019,train
350,train
83214,train
7988,train
67669,train
83581,train
26466,train
66086,train
99916,train
4398,train
76039,train
97205,train
30537,train
36866,train
78818,train
68150,train
56047,train
43670,train
82415,train
48689,train
62840,train
89401,train
53511,train
53191,train
60904,train
41138,train
49132,train
92754,train
89883,train
11207,train
85437,train
44266,train
51069,train
56350,train
24961,train
40221,train
64534,train
74005,train
38259,train
25987,train
39210,train
13237,train
67486,train
15875,train
61179,train
630,train
81257,train
45998,train
14822,train
65713,train
60385,train
58963,train
95672,train
39073,train
46640,train
27898,train
23883,train
75216,train
43904,train
38814,train
12789,train
67866,train
62347,train
77951,train
82568,train
62994,train
44286,train
66339,train
76189,train
14904,train
21765,train
20307,train
27560,train
5200,train
82282,train
44063,train
52442,train
48702,train
77095,train
62720,train
25028,train
67223,train
55211,train
3686,train
86221,train
17069,train
57064,train
7634,train
78064,train
98284,train
79746,train
63848,train
23782,train
95695,train
80915,train
41523,train
62333,train
39794,train
602,train
75799,train
89007,train
11522,train
22587,train
22336,train
3452,train
62831,train
92410,train
34913,train
77415,train
53704,train
78102,train
28063,train
10578,train
66137,train
44160,train
98596,train
29290,train
14092,train
55654,train
86726,train
84687,train
68474,train
19593,train
19234,train
45064,train
31879,train
33054,train
42843,train
39537,train
69684,train
66761,train
45714,train
81172,train
60807,train
11247,train
99428,train
27368,train
20543,train
69388,train
28429,train
21318,train
78062,train
6495,train
52205,train
46624,train
37188,train
68449,train
96024,train
51358,train
19231,train
3244,train
11422,train
64594,train
95212,train
53449,train
20663,train
67062,train
6391,train
73754,train
29206,train
74019,train
10388,train
3043,train
74339,train
99615,train
7184,train
78368,train
5782,train
91012,train
85899,train
81423,train
15504,train
80705,train
46323,train
16653,train
42859,train
68917,train
85377,train
82121,train
10970,train
3549,train
85894,train
7105,train
15437,train
10047,train
35093,train
56871,train
65692,train
86250,train
32235,train
29203,train
40539,train
77476,train
4717,train
69675,train
75773,train
40829,train
59580,train
32712,train
2919,train
26565,train
70471,train
24149,train
64538,train
75596,train
82297,train
36967,train
36767,train
20771,train
10410,train
32475,train
90882,train
2986,train
96601,train
97186,train
73500,train
32832,train
57169,train
28521,train
75369,train
55168,train
96993,train
84074,train
9668,train
22256,train
53411,train
69455,train
96299,train
28909,train
32518,train
93840,train
82530,train
33632,train
17627,train
51201,train
89545,train
45523,train
75256,train
57299,train
5402,train
33180,train
94275,train
63677,train
20067,train
64591,train
90404,train
68578,train
42914,train
38495,train
25255,train
9915,train
77874,train
7801,train
9191,train
87002,train
74100,train
88072,train
38090,train
40682,train
78665,train
32718,train
78495,train
38477,train
99170,train
65880,train
53045,train
61453,train
66992,train
23351,train
25393,train
54763,train
61606,train
2988,train
41575,train
72525,train
96939,train
68512,train
92113,train
84161,train
78845,train
16593,train
58575,train
88645,train
297,train
45829,train
37338,train
29691,train
14613,train
84768,train
16695,train
90684,train
93120,train
45564,train
63945,train
24163,train
28213,train
64427,train
6065,train
77724,train
52460,train
4807,train
26326,train
8002,train
53438,train
38724,train
77483,train
39877,train
35438,train
12193,train
13726,train
72639,train
39563,train
50302,train
23110,train
97685,train
26811,train
14738,train
21448,train
89498,train
45431,train
539,train
67709,train
83887,train
82775,train
32924,train
99711,train
40020,train
44333,train
26914,train
32797,train
81972,train
78567,train
41014,train
14718,train
6177,train
85942,train
7973,train
65879,train
52463,train
75176,train
27982,train
59184,train
7251,train
74307,train
60852,train
91797,train
68024,train
63689,train
49756,train
87984,train
5146,train
67564,train
48189,train
1003,train
559,train
966,train
85558,train
53501,train
51626,train
48071,train
91817,train
42304,train
86194,train
81908,train
20083,train
48421,train
40171,train
52220,train
70012,train
87603,train
95418,train
26174,train
37336,train
8115,train
50054,train
81545,train
22935,train
43695,train
86994,train
47805,train
83702,train
17941,train
61022,train
49707,train
75147,train
91933,train
74394,train
79629,train
12368,train
16381,train
17284,train
86107,train
72440,train
16845,train
34115,train
67201,train
55278,train
77112,train
51500,train
92732,train
41476,train
13326,train
9485,train
48091,train
37116,train
68067,train
44105,train
31399,train
33071,train
8582,train
99680,train
2467,train
67934,train
18924,train
85853,train
71355,train
92364,train
63316,train
11290,train
10873,train
78909,train
77254,train
55998,train
11935,train
49710,train
69474,train
63224,train
83987,train
56272,train
45975,train
68369,train
90776,train
7676,train
32329,train
13890,train
36834,train
56816,train
69463,train
73964,train
78813,train
40352,train
26548,train
99990,train
89112,train
95055,train
48113,train
94312,train
55550,train
82422,train
64915,train
96367,train
3358,train
18059,train
5100,train
87458,train
49728,train
26841,train
2961,train
48695,train
82053,train
43313,train
94128,train
59446,train
84438,train
86121,train
97575,train
85035,train
17759,train
73923,train
5075,train
21169,train
47750,train
56835,train
58456,train
61087,train
89919,train
69915,train
68918,train
18294,train
60401,train
96696,train
40196,train
28594,train
84214,train
73674,train
15606,train
59971,train
12351,train
48366,train
95710,train
8966,train
29067,train
59422,train
26013,train
207,train
71578,train
99402,train
23467,train
23017,train
49735,train
7193,train
36739,train
3405,train
46787,train
79831,train
4964,train
39566,train
55708,train
82480,train
15916,train
51686,train
65954,train
79947,train
53027,train
38027,train
31287,train
99131,train
35366,train
97985,train
15635,train
45678,train
6286,train
9975,train
7500,train
5988,train
49671,train
84911,train
63479,train
59738,train
13895,train
19332,train
52433,train
77831,train
71498,train
23126,train
47038,train
46344,train
39535,train
31462,train
36822,train
28048,train
28700,train
48272,train
79281,train
79144,train
51344,train
50857,train
28376,train
27926,train
50246,train
9737,train
53257,train
73424,train
94506,train
77750,train
20418,train
19575,train
11436,train
37988,train
30777,train
30815,train
92175,train
7972,train
31650,train
14157,train
34861,train
45808,train
59297,train
3722,train
46738,train
89053,train
45117,train
66642,train
28067,train
68909,train
45327,train
53900,train
78864,train
70971,train
11047,train
33599,train
12919,train
20797,train
8144,train
43087,train
71458,train
9972,train
20958,train
34411,train
66738,train
46048,train
23314,train
72021,train
7421,train
62360,train
32200,train
11484,train
85673,train
62603,train
62681,train
53889,train
65562,train
16912,train
77953,train
45089,train
19712,train
88037,train
77654,train
25737,train
96678,train
70375,train
42167,train
88118,train
76750,train
63625,train
90568,train
71556,train
29728,train
40818,train
8150,train
2725,train
15022,train
39009,train
80373,train
32681,train
67065,train
63766,train
37844,train
88965,train
70254,train
82275,train
72215,train
35281,train
17475,train
69519,train
19383,train
76584,train
93661,train
66925,train
8523,train
59916,train
89392,train
23301,train
43038,train
72303,train
82451,train
76202,train
87050,train
68600,train
362,train
56717,train
58648,train
29500,train
12396,train
5021,train
97369,train
91562,train
78330,train
77176,train
78596,train
95210,train
819,train
83054,train
99543,train
44462,train
70938,train
49381,train
30504,train
28239,train
82434,train
90442,train
73346,train
36547,train
69840,train
10835,train
85878,train
39072,train
26201,train
7918,train
82710,train
22467,train
93636,train
22172,train
72706,train
99382,train
74270,train
33216,train
58729,train
82638,train
78971,train
76987,train
9589,train
81608,train
6299,train
37621,train
89786,train
41009,train
85818,train
41528,train
31029,train
31060,train
85241,train
97172,train
16781,train
19569,train
76917,train
33622,train
76924,train
77195,train
54079,train
83302,train
39033,train
56585,train
18340,train
5225,train
24886,train
26775,train
3126,train
25342,train
60238,train
51191,train
8664,train
40342,train
26802,train
183,train
40457,train
34597,train
30710,train
88714,train
2847,train
78441,train
48589,train
64919,train
23404,train
9123,train
54373,train
46623,train
54142,train
70488,train
15859,train
82915,train
33369,train
9734,train
33228,train
89039,train
62441,train
54274,train
10120,train
87652,train
37112,train
35688,train
32333,train
60206,train
38756,train
46443,train
7935,train
17207,train
43466,train
82035,train
49358,train
43064,train
8388,train
48358,train
82490,train
78274,train
69920,train
37143,train
9660,train
60636,train
25232,train
13416,train
27831,train
34541,train
20004,train
88293,train
11732,train
59276,train
41155,train
90670,train
96903,train
66268,train
88377,train
35947,train
55425,train
53461,train
53197,train
47888,train
93558,train
25164,train
87718,train
80152,train
18245,train
39482,train
16871,train
95727,train
24143,train
57060,train
80994,train
829,train
31028,train
13503,train
31979,train
8833,train
30701,train
21295,train
5055,train
81233,train
21956,train
18267,train
56945,train
73067,train
80453,train
94443,train
63708,train
10080,train
87752,train
68798,train
15106,train
67056,train
48432,train
50007,train
40295,train
71732,train
77365,train
15882,train
36872,train
10201,train
89492,train
2356,train
22239,train
59920,train
12048,train
51777,train
84042,train
46905,train
54489,train
23994,train
28238,train
65706,train
67063,train
24503,train
36888,train
5686,train
97248,train
77925,train
37725,train
70352,train
57275,train
32965,train
73559,train
60218,train
85397,train
22952,train
70131,train
66388,train
83094,train
35632,train
61470,train
60015,train
23774,train
86191,train
70219,train
19404,train
47409,train
55428,train
50620,train
22472,train
87744,train
39516,train
34487,train
2136,train
88855,train
3212,train
30448,train
35616,train
55930,train
61975,train
92495,train
69246,train
45255,train
22995,train
86760,train
47819,train
9840,train
67633,train
2765,train
69748,train
86649,train
27794,train
19607,train
47285,train
50668,train
43427,train
10182,train
42553,train
58893,train
27001,train
14870,train
56962,train
2673,train
62264,train
92971,train
4403,train
72150,train
7599,train
6151,train
16853,train
64099,train
24254,train
13764,train
27921,train
19998,train
33506,train
66726,train
90757,train
40759,train
5002,train
44256,train
72503,train
70670,train
99188,train
6527,train
72561,train
86568,train
39445,train
58037,train
68360,train
81478,train
78221,train
70917,train
50516,train
96820,train
80910,train
49283,train
79413,train
94470,train
93373,train
70983,train
43016,train
22906,train
66526,train
94333,train
57978,train
18168,train
55551,train
95189,train
91105,train
44640,train
89953,train
92815,train
80099,train
90339,train
32960,train
75155,train
17272,train
16118,train
73356,train
25034,train
44657,train
3883,train
87106,train
80989,train
27699,train
90300,train
13457,train
58389,train
20252,train
99410,train
1547,train
33808,train
8506,train
77857,train
78305,train
50333,train
46420,train
47066,train
73010,train
90519,train
32162,train
48639,train
82043,train
4354,train
93532,train
78893,train
77855,train
8130,train
47065,train
3636,train
22672,train
80032,train
67835,train
95012,train
9981,train
55842,train
27139,train
55972,train
70362,train
39278,train
59931,train
47206,train
11907,train
90309,train
83500,train
78843,train
56387,train
64489,train
12124,train
65197,train
33312,train
84302,train
65325,train
89840,train
28588,train
14660,train
53593,train
74665,train
33559,train
65137,train
94056,train
21771,train
18207,train
42029,train
77498,train
83932,train
37012,train
10454,train
52182,train
36664,train
29781,train
3600,train
6905,train
63793,train
49591,train
15046,train
88725,train
81654,train
29529,train
14652,train
52327,train
63662,train
49340,train
97790,train
43924,train
54378,train
96594,train
91789,train
93671,train
87380,train
97948,train
18763,train
61181,train
94910,train
57291,train
72287,train
53720,train
13170,train
24232,train
53108,train
85870,train
15704,train
2783,train
60709,train
82390,train
48858,train
52861,train
62256,train
77162,train
3593,train
28263,train
78069,train
82174,train
65451,train
90214,train
7871,train
28671,train
48328,train
34014,train
31789,train
21139,train
45759,train
84682,train
45821,train
10376,train
60596,train
65083,train
2936,train
96868,train
76486,train
20833,train
5289,train
12909,train
54367,train
33546,train
54445,train
70287,train
45483,train
34067,train
40101,train
2729,train
77870,train
95955,train
66576,train
31870,train
68665,train
49454,train
91606,train
10357,train
34730,train
21686,train
9364,train
16497,train
32818,train
89514,train
51514,train
75383,train
86130,train
16935,train
58130,train
73005,train
51558,train
47506,train
91139,train
84639,train
75703,train
5398,train
49507,train
84295,train
80930,train
18097,train
47216,train
67566,train
96407,train
65150,train
16687,train
17969,train
15694,train
2981,train
64365,train
71898,train
31405,train
85648,train
88360,train
15143,train
81199,train
64764,train
7651,train
22839,train
71032,train
12107,train
87533,train
60023,train
1314,train
83800,train
89662,train
23935,train
1676,train
42164,train
86590,train
60608,train
13085,train
85938,train
43147,train
95662,train
32552,train
74960,train
46509,train
44088,train
24575,train
52516,train
67444,train
98815,train
69272,train
12700,train
27340,train
93412,train
83712,train
33323,train
45990,train
62193,train
62766,train
46454,train
42703,train
22982,train
42875,train
98906,train
11696,train
72982,train
71469,train
36337,train
312,train
98817,train
39172,train
76742,train
28432,train
45507,train
49424,train
76677,train
85273,train
69377,train
7446,train
1778,train
63917,train
8235,train
20149,train
31707,train
60108,train
34060,train
60008,train
84963,train
64471,train
5524,train
44927,train
25901,train
26348,train
72857,train
80282,train
85261,train
27307,train
9979,train
24636,train
35165,train
51306,train
7579,train
76345,train
90281,train
19907,train
43273,train
60408,train
28969,train
26504,train
16059,train
400,train
56958,train
19312,train
31413,train
41019,train
92931,train
59521,train
93976,train
81500,train
34885,train
67314,train
19670,train
30706,train
33652,train
34017,train
63165,train
64780,train
63129,train
38474,train
70096,train
45719,train
73835,train
74011,train
91661,train
96825,train
37359,train
13738,train
57969,train
99761,train
60273,train
57620,train
4257,train
90318,train
66264,train
77763,train
45801,train
37394,train
59471,train
81592,train
23448,train
78738,train
63230,train
73329,train
17220,train
45734,train
63765,train
12366,train
21959,train
13569,train
85422,train
92843,train
76103,train
84166,train
64369,train
40663,train
39446,train
43068,train
9754,train
60762,train
67286,train
47967,train
35676,train
46404,train
76291,train
91291,train
18048,train
46204,train
25422,train
84866,train
21214,train
87168,train
82277,train
84088,train
23863,train
51079,train
82252,train
36340,train
38097,train
77629,train
70133,train
94706,train
2013,train
55701,train
81765,train
12099,train
56410,train
72378,train
6540,train
66832,train
11764,train
38663,train
71962,train
72423,train
35989,train
65256,train
22782,train
39548,train
68547,train
32442,train
31432,train
52123,train
20580,train
57644,train
44645,train
92216,train
80154,train
81623,train
1769,train
91925,train
1410,train
15409,train
62972,train
66857,train
26557,train
56580,train
55212,train
69674,train
35852,train
9649,train
66419,train
70939,train
77551,train
75197,train
53434,train
42245,train
80494,train
67899,train
96242,train
68231,train
4416,train
3658,train
2041,train
87418,train
82816,train
96110,train
24901,train
21356,train
37875,train
50910,train
32983,train
29020,train
60630,train
40697,train
98515,train
77300,train
60471,train
77065,train
79463,train
20013,train
62456,train
10612,train
30675,train
95763,train
61114,train
69622,train
61801,train
66229,train
65544,train
72793,train
55566,train
46505,train
94737,train
98105,train
88558,train
55673,train
22045,train
69077,train
31832,train
55268,train
18955,train
63548,train
65636,train
70498,train
3988,train
44752,train
40502,train
30144,train
92173,train
56442,train
80748,train
77995,train
86413,train
8775,train
41764,train
94588,train
37099,train
48737,train
10130,train
56296,train
53584,train
38796,train
4069,train
91537,train
17362,train
73840,train
47064,train
44578,train
85333,train
89914,train
70557,train
95347,train
1812,train
62817,train
28110,train
13941,train
6622,train
1350,train
1138,train
3610,train
47762,train
88771,train
841,train
59217,train
2456,train
96211,train
48324,train
20171,train
11756,train
88959,train
84368,train
82586,train
48885,train
94017,train
80044,train
52436,train
46666,train
22671,train
40835,train
50395,train
32523,train
36657,train
11577,train
71788,train
2294,train
50004,train
34645,train
73953,train
94384,train
63634,train
77199,train
80058,train
22513,train
92240,train
92060,train
61550,train
22409,train
54966,train
15844,train
19070,train
24579,train
80234,train
75261,train
38062,train
1613,train
10196,train
30106,train
41999,train
89329,train
73949,train
76316,train
63255,train
96031,train
60406,train
19992,train
51224,train
76494,train
48770,train
66188,train
55334,train
77423,train
30790,train
53988,train
10009,train
52869,train
52730,train
35861,train
74993,train
50604,train
30611,train
53293,train
5539,train
77086,train
18666,train
76197,train
37473,train
18248,train
43573,train
23751,train
54958,train
77282,train
11953,train
23956,train
40677,train
41557,train
9673,train
79262,train
67719,train
95252,train
75942,train
80139,train
53941,train
60264,train
50531,train
53957,train
56822,train
47014,train
69698,train
55649,train
98054,train
84330,train
87250,train
38985,train
16089,train
53078,train
91523,train
65063,train
71389,train
73731,train
15665,train
97764,train
40907,train
19068,train
98045,train
14867,train
33855,train
63531,train
76818,train
68881,train
69262,train
18237,train
25817,train
26081,train
99458,train
1535,train
47274,train
11405,train
89565,train
80664,train
8501,train
87460,train
33254,train
6419,train
37437,train
68827,train
91027,train
31166,train
75226,train
94485,train
89218,train
55091,train
50956,train
91824,train
87817,train
70812,train
9404,train
23690,train
69508,train
24487,train
88165,train
77118,train
37967,train
95683,train
87697,train
96521,train
54571,train
82176,train
25171,train
4070,train
67618,train
31878,train
95330,train
23677,train
40472,train
34653,train
82791,train
9640,train
91364,train
42373,train
29812,train
97710,train
61111,train
67997,train
4122,train
29710,train
69881,train
91304,train
91398,train
70621,train
99285,train
88428,train
84675,train
50625,train
20111,train
75566,train
46289,train
72449,train
24648,train
83177,train
77181,train
17409,train
63639,train
79640,train
35544,train
86430,train
79157,train
984,train
94675,train
71563,train
58924,train
49886,train
87968,train
62374,train
42628,train
75111,train
2978,train
88396,train
43434,train
97850,train
48815,train
30756,train
86127,train
50369,train
18265,train
28461,train
29862,train
3434,train
18561,train
40119,train
44229,train
34810,train
45788,train
8163,train
84515,train
83478,train
37443,train
678,train
61647,train
46348,train
7331,train
11476,train
56949,train
51048,train
51013,train
53533,train
84275,train
85480,train
39418,train
90355,train
80319,train
6861,train
97359,train
48930,train
95628,train
88799,train
81221,train
24194,train
49206,train
98258,train
78831,train
78503,train
50500,train
14554,train
2696,train
73907,train
20192,train
74009,train
82747,train
91894,train
65177,train
16866,train
78137,train
79908,train
20029,train
41195,train
65329,train
11590,train
23194,train
13713,train
32148,train
15330,train
75633,train
67440,train
39660,train
33155,train
65081,train
53096,train
61320,train
60625,train
31937,train
58490,train
55850,train
74708,train
43767,train
95675,train
53198,train
38024,train
26293,train
91600,train
61716,train
22072,train
39343,train
68763,train
29079,train
8436,train
50522,train
12703,train
5776,train
66180,train
52804,train
59595,train
40796,train
7405,train
86323,train
63889,train
65659,train
48456,train
39952,train
66947,train
86202,train
28825,train
68004,train
33528,train
26071,train
87940,train
45913,train
74379,train
38073,train
67568,train
77524,train
83222,train
62845,train
14016,train
21258,train
66746,train
78736,train
17691,train
36782,train
42768,train
82207,train
88523,train
61456,train
71784,train
39570,train
62246,train
98374,train
32635,train
14943,train
68367,train
25349,train
37953,train
2820,train
40449,train
73748,train
38829,train
29195,train
99834,train
47425,train
67838,train
27019,train
34969,train
89458,train
46164,train
51809,train
10467,train
65955,train
17707,train
64739,train
25790,train
89701,train
86513,train
97295,train
49380,train
19409,train
48207,train
86069,train
55963,train
31076,train
14128,train
19105,train
23602,train
46733,train
77693,train
93771,train
12438,train
11487,train
33161,train
49853,train
95681,train
60919,train
93766,train
4214,train
81807,train
99096,train
44216,train
51425,train
6090,train
48939,train
76348,train
31889,train
64916,train
98465,train
88524,train
12089,train
99940,train
32763,train
10266,train
66060,train
42433,train
16954,train
53580,train
19428,train
38595,train
8825,train
11393,train
12710,train
93071,train
36655,train
11636,train
64044,train
24281,train
61075,train
61963,train
6736,train
3010,train
352,train
57364,train
55208,train
59965,train
46384,train
55426,train
3932,train
80508,train
87338,train
63393,train
47837,train
31407,train
49839,train
5285,train
91602,train
44162,train
96849,train
7869,train
3091,train
17640,train
36526,train
87113,train
88793,train
75240,train
39138,train
92849,train
60322,train
935,train
41296,train
51356,train
35229,train
8044,train
16331,train
68181,train
91591,train
80083,train
96323,train
60165,train
97162,train
94911,train
74488,train
59250,train
36591,train
58680,train
16589,train
17954,train
75796,train
50469,train
99915,train
88631,train
54334,train
20904,train
49912,train
41003,train
22967,train
62690,train
63275,train
95430,train
26286,train
72593,train
22122,train
51855,train
25170,train
16606,train
15712,train
23706,train
76375,train
26705,train
87688,train
22650,train
3567,train
44151,train
31375,train
11367,train
76188,train
80751,train
36261,train
139,train
36912,train
87987,train
53513,train
88191,train
41311,train
69683,train
93583,train
94490,train
78715,train
73094,train
45021,train
10498,train
25314,train
18172,train
57140,train
56443,train
67480,train
22625,train
95667,train
67792,train
86237,train
25396,train
91630,train
22899,train
70314,train
60201,train
54018,train
90091,train
47828,train
52589,train
57766,train
94415,train
87669,train
27897,train
10300,train
80510,train
79665,train
36573,train
85297,train
76884,train
27733,train
19906,train
20790,train
80785,train
79227,train
87112,train
27361,train
42112,train
32087,train
16517,train
79533,train
91134,train
31488,train
97439,train
21294,train
18183,train
61796,train
39844,train
37922,train
68655,train
93642,train
68255,train
18738,train
63227,train
49835,train
80213,train
43927,train
48904,train
85624,train
5522,train
90148,train
78479,train
16759,train
96268,train
57733,train
31748,train
89722,train
53020,train
71683,train
8195,train
9100,train
19388,train
74759,train
57974,train
65327,train
3930,train
75688,train
88667,train
47106,train
84972,train
16621,train
25656,train
43499,train
96361,train
47357,train
47238,train
95396,train
51189,train
97801,train
30854,train
46786,train
98153,train
3415,train
96199,train
56528,train
9420,train
17093,train
74905,train
921,train
41654,train
21487,train
63387,train
43182,train
9936,train
47600,train
29802,train
35279,train
23556,train
57373,train
62062,train
86661,train
24747,train
26687,train
70824,train
43629,train
58470,train
87422,train
65174,train
84962,train
15448,train
18315,train
76383,train
71341,train
79314,train
2334,train
4513,train
70816,train
3400,train
29162,train
28421,train
4812,train
60284,train
14499,train
29881,train
16235,train
73027,train
25870,train
93813,train
47884,train
15278,train
88872,train
41856,train
82801,train
87149,train
68890,train
54048,train
29879,train
92506,train
45586,train
4279,train
65612,train
92766,train
61218,train
62940,train
31907,train
24516,train
64817,train
87065,train
17538,train
21256,train
58714,train
14932,train
93954,train
10262,train
4147,train
72419,train
90274,train
34797,train
81772,train
34414,train
32311,train
28283,train
21905,train
24013,train
72545,train
38978,train
13765,train
53818,train
94699,train
88703,train
69788,train
68999,train
30324,train
4374,train
4007,train
91274,train
53261,train
91987,train
69360,train
59885,train
51196,train
42897,train
94762,train
66686,train
71180,train
20391,train
28716,train
73998,train
60551,train
48666,train
23316,train
45571,train
16309,train
87927,train
80464,train
53952,train
19562,train
22260,train
2572,train
78625,train
85515,train
74467,train
16141,train
60445,train
91053,train
83551,train
65976,train
70349,train
21181,train
25669,train
66078,train
67812,train
25802,train
12899,train
45758,train
30762,train
44966,train
65922,train
45082,train
3840,train
92030,train
61253,train
1065,train
16040,train
76315,train
29400,train
70420,train
91802,train
87902,train
26095,train
27522,train
47031,train
12013,train
86990,train
4288,train
99281,train
11109,train
94417,train
83891,train
13102,train
85329,train
77138,train
65947,train
18220,train
79595,train
54986,train
78543,train
17436,train
86571,train
39581,train
47280,train
98484,train
82475,train
13514,train
95214,train
19460,train
18989,train
91422,train
26381,train
82384,train
50714,train
50755,train
39628,train
57160,train
18444,train
197,train
86972,train
79282,train
62038,train
13773,train
86717,train
42187,train
48205,train
24522,train
96846,train
56174,train
95831,train
54045,train
94418,train
25922,train
28531,train
88302,train
93116,train
53349,train
63838,train
13702,train
27941,train
39830,train
54240,train
35697,train
73530,train
59805,train
37795,train
24511,train
5976,train
69266,train
22016,train
98397,train
38648,train
96193,train
73340,train
50256,train
75998,train
21129,train
41157,train
70469,train
12721,train
11986,train
44490,train
14981,train
71960,train
67992,train
10494,train
87507,train
20069,train
40942,train
85285,train
31252,train
22723,train
94386,train
60397,train
80390,train
59921,train
67271,train
50844,train
76132,train
47176,train
64251,train
86113,train
52013,train
54963,train
1658,train
13443,train
42191,train
1962,train
55087,train
78095,train
56492,train
28605,train
52518,train
68204,train
38411,train
59092,train
65108,train
7862,train
95974,train
38593,train
22977,train
85660,train
30075,train
78487,train
41111,train
32713,train
74945,train
2870,train
26515,train
19294,train
32864,train
35659,train
44968,train
89504,train
61132,train
48401,train
50648,train
48895,train
86575,train
1168,train
25965,train
70193,train
74644,train
80196,train
15766,train
701,train
83492,train
58857,train
7551,train
76236,train
37654,train
69854,train
13512,train
47452,train
32398,train
38239,train
78331,train
76115,train
91058,train
88286,train
15094,train
69780,train
41189,train
73003,train
5141,train
24965,train
22383,train
86775,train
96880,train
55618,train
26935,train
36805,train
97014,train
45444,train
57707,train
5446,train
77631,train
45642,train
84065,train
67673,train
45367,train
91690,train
1674,train
59793,train
94523,train
17680,train
35951,train
97667,train
58421,train
31320,train
40160,train
97175,train
37474,train
98578,train
16487,train
57499,train
61416,train
71170,train
44520,train
83225,train
35860,train
56893,train
74904,train
83063,train
90129,train
847,train
48621,train
51408,train
43871,train
26295,train
62280,train
97706,train
57842,train
16555,train
33227,train
21423,train
98988,train
60243,train
96644,train
41141,train
40177,train
22228,train
67659,train
40105,train
45692,train
43637,train
15782,train
44910,train
7963,train
72413,train
9676,train
80026,train
61702,train
84286,train
61937,train
41697,train
27003,train
83728,train
10897,train
56651,train
44505,train
91786,train
60391,train
78409,train
38645,train
62842,train
94214,train
33377,train
13347,train
27487,train
14796,train
1525,train
27159,train
2528,train
9087,train
78821,train
5871,train
50085,train
9702,train
97907,train
68335,train
6743,train
45471,train
34989,train
69163,train
53005,train
26099,train
92478,train
32319,train
12087,train
66001,train
83784,train
30912,train
63406,train
61167,train
87945,train
26146,train
86261,train
27843,train
31446,train
4509,train
59941,train
60908,train
80846,train
32113,train
43005,train
72336,train
89747,train
43084,train
31015,train
82587,train
53543,train
7094,train
89447,train
52473,train
19249,train
23178,train
56415,train
83514,train
92729,train
38470,train
65262,train
90116,train
51676,train
41158,train
32051,train
93073,train
27489,train
1116,train
12580,train
88478,train
48756,train
9923,train
17800,train
82862,train
37669,train
63511,train
72713,train
89580,train
80038,train
64627,train
47479,train
99733,train
72331,train
86537,train
1806,train
30827,train
31696,train
94996,train
19037,train
32226,train
54594,train
3982,train
59561,train
1052,train
79777,train
58768,train
76777,train
31074,train
19407,train
71619,train
28923,train
41050,train
19466,train
66569,train
48583,train
32314,train
45928,train
85881,train
80786,train
92795,train
99300,train
60697,train
40984,train
77346,train
11718,train
40040,train
67308,train
39902,train
82357,train
88260,train
70480,train
65427,train
85340,train
79369,train
74398,train
43736,train
14672,train
99544,train
17033,train
21940,train
36504,train
96403,train
64027,train
96897,train
69768,train
87171,train
16862,train
91203,train
46800,train
14009,train
12850,train
2787,train
79406,train
67818,train
81907,train
85069,train
44487,train
1979,train
42655,train
11353,train
9241,train
56600,train
57210,train
46594,train
53323,train
63246,train
10253,train
30195,train
36841,train
72242,train
9698,train
6846,train
75013,train
98607,train
95372,train
66478,train
51876,train
50612,train
38333,train
74117,train
5867,train
40388,train
86517,train
16536,train
17320,train
88119,train
40720,train
23960,train
30738,train
802,train
98587,train
14826,train
27726,train
74634,train
73041,train
97727,train
822,train
20103,train
19731,train
92530,train
51616,train
90342,train
1670,train
69832,train
87433,train
18361,train
25127,train
64812,train
49569,train
23610,train
5735,train
93212,train
59108,train
70973,train
58752,train
7597,train
53337,train
17899,train
49034,train
40706,train
50508,train
96190,train
24509,train
67113,train
20838,train
39197,train
4543,train
80321,train
83611,train
15544,train
46670,train
32719,train
65653,train
8998,train
34419,train
16064,train
82664,train
33269,train
77171,train
57389,train
81334,train
40252,train
49451,train
79559,train
89490,train
22867,train
71608,train
74628,train
56236,train
6552,train
52969,train
82861,train
24766,train
90693,train
42279,train
33766,train
89724,train
31103,train
52409,train
11112,train
6050,train
65175,train
87483,train
74974,train
34172,train
72284,train
7622,train
76012,train
97996,train
57910,train
6117,train
14553,train
64752,train
26598,train
30275,train
61250,train
25686,train
9628,train
78927,train
46835,train
49461,train
53319,train
97817,train
11278,train
94769,train
26438,train
42010,train
72666,train
34608,train
61208,train
29761,train
49317,train
16708,train
75815,train
18861,train
15414,train
98602,train
36086,train
65460,train
30814,train
7618,train
10860,train
51743,train
10140,train
88590,train
133,train
21421,train
66585,train
44217,train
78939,train
98677,train
55076,train
83189,train
98267,train
39043,train
10304,train
99186,train
42140,train
71755,train
65785,train
27596,train
8713,train
39790,train
77994,train
49781,train
71670,train
19945,train
90371,train
3494,train
53281,train
2737,train
89268,train
55050,train
7787,train
49783,train
92906,train
30973,train
70386,train
67170,train
26317,train
14457,train
28530,train
16799,train
31121,train
53727,train
64614,train
66875,train
26772,train
66612,train
35858,train
229,train
88610,train
53886,train
45784,train
96064,train
41535,train
96553,train
35291,train
19236,train
19764,train
26574,train
53780,train
82038,train
88837,train
29899,train
43770,train
64820,train
20744,train
74126,train
19743,train
55575,train
21357,train
50397,train
77918,train
80250,train
63174,train
47114,train
74709,train
18040,train
28229,train
74152,train
7471,train
16798,train
22416,train
43077,train
19599,train
54962,train
48994,train
28202,train
62985,train
53730,train
87627,train
63373,train
66248,train
44300,train
35702,train
36963,train
90169,train
26931,train
6534,train
49744,train
14514,train
50924,train
82941,train
3756,train
59498,train
12072,train
66284,train
45083,train
68549,train
26150,train
74880,train
49270,train
8821,train
50564,train
20782,train
38953,train
17285,train
53471,train
10369,train
75742,train
38763,train
39028,train
34870,train
26032,train
48752,train
19211,train
84592,train
83047,train
52178,train
1273,train
57849,train
95657,train
86196,train
89590,train
64448,train
791,train
43545,train
50870,train
94514,train
28672,train
59782,train
67916,train
71424,train
24680,train
22687,train
46625,train
59991,train
79702,train
18983,train
2549,train
49622,train
27356,train
32793,train
99435,train
75571,train
20953,train
84638,train
97478,train
68877,train
79489,train
27776,train
32902,train
36424,train
15304,train
15968,train
77299,train
82162,train
35677,train
34539,train
87590,train
3151,train
54370,train
14082,train
37110,train
46725,train
58652,train
63655,train
63206,train
51017,train
28249,train
25968,train
49069,train
51906,train
27539,train
59803,train
26091,train
78526,train
89606,train
93029,train
20156,train
64084,train
70855,train
94796,train
27514,train
21477,train
51779,train
98129,train
16559,train
11329,train
21698,train
97383,train
86855,train
63457,train
45156,train
98456,train
28593,train
80357,train
54668,train
92428,train
44076,train
90705,train
47687,train
98033,train
39797,train
46424,train
48150,train
1656,train
67044,train
10029,train
94634,train
78207,train
14868,train
78891,train
28387,train
78644,train
43034,train
73708,train
13271,train
58185,train
93018,train
84490,train
69992,train
4342,train
57360,train
61567,train
70069,train
99772,train
96841,train
35226,train
41456,train
95659,train
43405,train
88931,train
94641,train
38523,train
66498,train
93255,train
52843,train
11287,train
38061,train
41437,train
52197,train
75789,train
73190,train
24828,train
29047,train
7728,train
61666,train
68876,train
52984,train
50901,train
98897,train
63909,train
26983,train
71437,train
46382,train
67510,train
5913,train
48517,train
32037,train
33519,train
36790,train
22015,train
96474,train
61393,train
39577,train
7563,train
68018,train
5327,train
98628,train
87487,train
18224,train
31303,train
39487,train
19811,train
68325,train
64957,train
87066,train
2009,train
19813,train
58210,train
91589,train
88833,train
89033,train
51861,train
99055,train
13876,train
25582,train
89408,train
70194,train
99178,train
72119,train
86849,train
744,train
65778,train
82614,train
89578,train
97429,train
95345,train
30606,train
99265,train
76886,train
65489,train
56310,train
58462,train
11704,train
70357,train
37444,train
67258,train
88447,train
59541,train
51694,train
50941,train
16183,train
38711,train
58933,train
71202,train
89382,train
76053,train
18991,train
31976,train
45869,train
11603,train
77264,train
3801,train
4270,train
4931,train
62925,train
76226,train
35827,train
42842,train
0,train
77002,train
94546,train
21498,train
13740,train
85086,train
39306,train
55679,train
35706,train
99450,train
93743,train
46564,train
24297,train
83881,train
35866,train
74498,train
22331,train
59531,train
65647,train
93891,train
93423,train
36029,train
47536,train
98920,train
73305,train
27259,train
97974,train
92926,train
28797,train
76665,train
30162,train
22094,train
20366,train
98211,train
90958,train
93030,train
59437,train
47336,train
80114,train
8677,train
13010,train
80742,train
6563,train
48979,train
60346,train
9761,train
82135,train
51390,train
10241,train
17761,train
41184,train
41554,train
8522,train
52690,train
68456,train
48892,train
80754,train
62880,train
4172,train
83884,train
14551,train
85582,train
18383,train
26501,train
35694,train
82264,train
48995,train
71182,train
25190,train
6454,train
96073,train
79423,train
57880,train
32504,train
86108,train
96185,train
17416,train
25389,train
1998,train
11267,train
979,train
69615,train
9560,train
60388,train
51402,train
54015,train
89569,train
48828,train
57990,train
27449,train
92004,train
72660,train
20539,train
63773,train
72966,train
98327,train
18443,train
75029,train
49904,train
52851,train
90233,train
39890,train
23696,train
82350,train
23963,train
44534,train
77148,train
91768,train
27896,train
464,train
98839,train
69632,train
5826,train
97513,train
2328,train
68754,train
61461,train
12783,train
77247,train
99999,train
46779,train
15103,train
90261,train
54750,train
94273,train
24409,train
89101,train
18333,train
20316,train
84197,train
13322,train
87212,train
43028,train
44128,train
78027,train
56416,train
54695,train
97177,train
66765,train
42132,train
90930,train
92267,train
70319,train
57390,train
78836,train
77276,train
71505,train
6931,train
8208,train
39981,train
11266,train
74192,train
83296,train
45265,train
69177,train
64536,train
95233,train
28684,train
77755,train
84432,train
7112,train
8926,train
65571,train
29139,train
48862,train
98550,train
75089,train
91503,train
12042,train
78217,train
12713,train
62546,train
9523,train
4927,train
41094,train
15101,train
54010,train
77137,train
77913,train
60572,train
62890,train
42099,train
52495,train
6656,train
93058,train
45971,train
83421,train
87796,train
4505,train
44072,train
76014,train
74536,train
97656,train
97967,train
79391,train
69012,train
9540,train
79178,train
7710,train
51441,train
15190,train
95603,train
85931,train
7587,train
64398,train
87148,train
923,train
69039,train
25368,train
13998,train
88932,train
48656,train
50725,train
6323,train
22521,train
64506,train
1744,train
48959,train
6989,train
6649,train
82998,train
21284,train
72083,train
63248,train
70846,train
41365,train
206,train
26392,train
10023,train
62582,train
58678,train
20879,train
37296,train
43855,train
58460,train
35528,train
45411,train
41833,train
72558,train
53898,train
28426,train
60082,train
1310,train
11555,train
98686,train
92368,train
87179,train
38819,train
31459,train
12886,train
23358,train
36624,train
6022,train
31295,train
90275,train
98634,train
38291,train
75182,train
17224,train
87883,train
99681,train
13284,train
47943,train
21233,train
71547,train
71760,train
58808,train
81381,train
46269,train
69716,train
12190,train
41180,train
55113,train
50220,train
82997,train
43189,train
56113,train
83004,train
78607,train
46338,train
52139,train
83122,train
28662,train
42463,train
38571,train
37603,train
68723,train
41076,train
36494,train
16250,train
96462,train
86129,train
29097,train
46110,train
58668,train
22675,train
8705,train
46457,train
29717,train
88827,train
47111,train
4230,train
43006,train
81154,train
38949,train
8349,train
13617,train
76642,train
29370,train
1404,train
14919,train
2907,train
58942,train
20599,train
61068,train
54845,train
28224,train
44733,train
53270,train
17239,train
26033,train
65345,train
94801,train
26436,train
1916,train
7713,train
85200,train
80575,train
74194,train
66371,train
45633,train
84507,train
11658,train
46423,train
77593,train
46925,train
5941,train
44500,train
19737,train
81973,train
73312,train
1654,train
72893,train
44691,train
64350,train
11171,train
17490,train
50834,train
38128,train
74184,train
26245,train
85190,train
27282,train
35672,train
98202,train
55571,train
63422,train
87934,train
40019,train
30717,train
41302,train
59853,train
73394,train
25440,train
19020,train
91338,train
59402,train
13658,train
99139,train
54168,train
1460,train
31316,train
37266,train
4262,train
98783,train
63282,train
52069,train
67338,train
19582,train
77571,train
63455,train
38590,train
46032,train
62830,train
77092,train
37104,train
53507,train
64657,train
52350,train
66480,train
45267,train
73214,train
50358,train
21910,train
31266,train
55760,train
39534,train
36060,train
73536,train
91351,train
75488,train
91718,train
95723,train
2702,train
87662,train
29285,train
46177,train
6509,train
72749,train
45793,train
7955,train
4422,train
66382,train
44878,train
97684,train
41734,train
65878,train
48015,train
82973,train
58102,train
52660,train
92788,train
69783,train
98122,train
5166,train
32387,train
58527,train
52005,train
51317,train
28001,train
32163,train
34260,train
25985,train
62107,train
51042,train
2483,train
31280,train
3296,train
90350,train
74443,train
59046,train
68948,train
13135,train
16468,train
122,train
13373,train
33992,train
89707,train
28177,train
63814,train
34008,train
65553,train
13250,train
6223,train
20440,train
56901,train
31219,train
31321,train
76516,train
97108,train
70394,train
51410,train
44113,train
15341,train
72198,train
92937,train
45500,train
76544,train
8261,train
1590,train
67972,train
25612,train
76591,train
70027,train
52281,train
47616,train
11059,train
71745,train
33166,train
72261,train
65280,train
954,train
24899,train
21777,train
57316,train
36066,train
15998,train
13218,train
14722,train
92244,train
10716,train
30158,train
67791,train
17738,train
47625,train
53782,train
30435,train
32488,train
77701,train
7106,train
34277,train
93213,train
47227,train
44955,train
35667,train
14344,train
8264,train
25460,train
95080,train
34016,train
26588,train
52399,train
63769,train
37607,train
56048,train
58715,train
37948,train
23763,train
72111,train
56791,train
57537,train
32581,train
91335,train
55929,train
15832,train
22307,train
87173,train
29292,train
87992,train
22216,train
37243,train
70115,train
59584,train
83865,train
83523,train
91462,train
92235,train
4170,train
73917,train
21732,train
21579,train
50293,train
43953,train
83274,train
20089,train
9682,train
14608,train
30177,train
63643,train
41682,train
8787,train
74524,train
74232,train
94004,train
88136,train
80153,train
54573,train
49664,train
47178,train
23752,train
38307,train
34754,train
77100,train
41724,train
36845,train
11443,train
75744,train
21196,train
48819,train
96527,train
60486,train
72269,train
72072,train
12787,train
47606,train
410,train
86012,train
33594,train
8158,train
77664,train
36076,train
54179,train
13263,train
51073,train
87795,train
90366,train
58128,train
77922,train
20500,train
26263,train
77890,train
40867,train
14426,train
93860,train
95959,train
56526,train
77270,train
50587,train
29581,train
96506,train
56380,train
48109,train
76180,train
6412,train
86901,train
47436,train
38772,train
63038,train
83293,train
87699,train
36595,train
23875,train
25878,train
69756,train
79690,train
10303,train
33422,train
81610,train
33590,train
93400,train
10214,train
14749,train
77042,train
24912,train
1999,train
72630,train
46772,train
14600,train
10789,train
84058,train
74047,train
36070,train
12933,train
83019,train
75814,train
39747,train
64095,train
40373,train
64728,train
38993,train
10031,train
54109,train
35508,train
67417,train
12931,train
13760,train
82766,train
41387,train
44172,train
91029,train
51688,train
52000,train
30411,train
64924,train
51283,train
85908,train
6918,train
52136,train
28930,train
93646,train
71165,train
5253,train
90162,train
89711,train
80767,train
76762,train
48464,train
12413,train
64967,train
92418,train
33805,train
75535,train
31401,train
75954,train
24975,train
52530,train
45443,train
43699,train
57344,train
89175,train
89345,train
32445,train
76586,train
11270,train
73743,train
52274,train
71746,train
22166,train
49588,train
82107,train
70516,train
68819,train
49559,train
12486,train
48734,train
61302,train
33001,train
53272,train
79337,train
28516,train
44347,train
80906,train
83705,train
65179,train
69747,train
41043,train
74658,train
20040,train
7270,train
30609,train
94502,train
44600,train
92553,train
83186,train
62061,train
10443,train
63158,train
33859,train
21945,train
37010,train
5471,train
80933,train
31246,train
33541,train
19629,train
7804,train
58455,train
24666,train
4350,train
36156,train
60899,train
40076,train
789,train
2627,train
15553,train
74854,train
99562,train
32270,train
17960,train
96498,train
52475,train
9233,train
52503,train
48681,train
79495,train
31964,train
56080,train
72432,train
72870,train
98318,train
991,train
37318,train
40336,train
59181,train
11225,train
97103,train
51430,train
97539,train
62628,train
13432,train
21182,train
66380,train
67275,train
5668,train
36708,train
1728,train
49924,train
60402,train
65670,train
30837,train
90502,train
34786,train
53432,train
64495,train
79850,train
41491,train
6782,train
20225,train
73717,train
41033,train
50707,train
27802,train
52113,train
55322,train
63888,train
38838,train
96548,train
73491,train
71353,train
9913,train
78862,train
38685,train
49016,train
36091,train
63615,train
87509,train
33642,train
24970,train
54858,train
60568,train
57157,train
10952,train
21409,train
99223,train
1584,train
89584,train
20659,train
84315,train
86567,train
6094,train
30123,train
82751,train
94125,train
90486,train
3855,train
45953,train
25405,train
53982,train
81029,train
1110,train
40114,train
32657,train
14268,train
10288,train
58495,train
79894,train
46995,train
13449,train
43809,train
79706,train
5901,train
14014,train
55907,train
44615,train
45177,train
96071,train
87721,train
29270,train
55192,train
50936,train
10232,train
86040,train
29069,train
44643,train
88250,train
44385,train
22564,train
95616,train
9480,train
20854,train
39464,train
35757,train
8559,train
38937,train
91339,train
49117,train
58127,train
62341,train
26318,train
72177,train
1568,train
29232,train
51053,train
13434,train
27939,train
26382,train
29184,train
70276,train
84130,train
83506,train
18646,train
51656,train
63394,train
10889,train
38108,train
94830,train
33712,train
34476,train
36300,train
40383,train
38167,train
60199,train
63233,train
10394,train
37450,train
62666,train
32204,train
73450,train
64269,train
28381,train
29116,train
25632,train
63935,train
43175,train
1572,train
63744,train
83570,train
1551,train
65436,train
31123,train
71864,train
42845,train
3208,train
6661,train
48159,train
52954,train
53360,train
42381,train
96882,train
43065,train
80073,train
60422,train
44174,train
24659,train
76232,train
70790,train
61081,train
35518,train
80793,train
82333,train
7806,train
7157,train
81469,train
1784,train
56176,train
2459,train
45121,train
77211,train
62780,train
41080,train
20939,train
74003,train
7400,train
28075,train
81264,train
60472,train
40134,train
88078,train
32105,train
63001,train
61158,train
74748,train
48557,train
17031,train
49237,train
59611,train
29776,train
26460,train
75982,train
14794,train
45405,train
21853,train
31038,train
28775,train
19241,train
77569,train
6642,train
82169,train
28011,train
11230,train
76465,train
16754,train
46712,train
51463,train
15505,train
97603,train
79264,train
30848,train
44860,train
80551,train
37475,train
87932,train
61155,train
63776,train
15469,train
29756,train
34351,train
55413,train
3454,train
25491,train
68011,train
29241,train
97395,train
31638,train
84270,train
67837,train
65981,train
86762,train
23195,train
70221,train
94597,train
64394,train
59051,train
30078,train
13266,train
1233,train
67926,train
85637,train
68785,train
88537,train
54205,train
10621,train
88167,train
81810,train
87856,train
22391,train
90650,train
82506,train
89201,train
87061,train
86360,train
65388,train
68055,train
40248,train
66185,train
51646,train
35529,train
59230,train
42058,train
17984,train
23192,train
93425,train
1002,train
30800,train
44202,train
66728,train
16566,train
34283,train
29653,train
43931,train
10017,train
23709,train
6779,train
63829,train
33733,train
4494,train
36998,train
53517,train
66523,train
71496,train
10690,train
60075,train
38718,train
71581,train
27181,train
81465,train
46345,train
73657,train
16864,train
81931,train
1458,train
76787,train
80967,train
83,train
77521,train
38954,train
84986,train
93046,train
82216,train
76368,train
44730,train
71536,train
71897,train
21224,train
88700,train
7520,train
73757,train
19348,train
50327,train
90744,train
7244,train
83124,train
49044,train
776,train
58571,train
65148,train
22942,train
25961,train
11465,train
58488,train
75559,train
10988,train
24311,train
81683,train
25306,train
71817,train
16664,train
42004,train
18287,train
78496,train
20329,train
26000,train
64745,train
22674,train
11045,train
28890,train
92638,train
69040,train
82542,train
27536,train
93625,train
47974,train
6337,train
57950,train
89904,train
15717,train
82730,train
99204,train
26932,train
5430,train
81132,train
65614,train
48360,train
20728,train
86157,train
66768,train
82351,train
21668,train
45617,train
1798,train
65578,train
98810,train
2361,train
86366,train
50154,train
19677,train
47626,train
1733,train
5413,train
47674,train
75473,train
30171,train
8079,train
34919,train
46943,train
77976,train
10828,train
88929,train
25175,train
32557,train
70050,train
40839,train
59936,train
85518,train
9855,train
3954,train
75767,train
92669,train
63809,train
85846,train
82436,train
25433,train
63299,train
90890,train
32397,train
81734,train
659,train
86578,train
76509,train
13319,train
13564,train
92626,train
61563,train
26485,train
52422,train
91104,train
5549,train
65202,train
99113,train
30091,train
6821,train
69333,train
53660,train
3967,train
91556,train
36157,train
77635,train
34557,train
34075,train
84864,train
19265,train
58851,train
74815,train
47225,train
95533,train
94992,train
4734,train
60303,train
12468,train
90201,train
43298,train
30477,train
3846,train
59477,train
58732,train
9510,train
50819,train
97518,train
68380,train
6574,train
37034,train
8893,train
16297,train
61129,train
9557,train
6783,train
59905,train
38790,train
82846,train
92397,train
78760,train
50711,train
70660,train
76406,train
25318,train
30669,train
97901,train
11630,train
33981,train
1896,train
78145,train
95375,train
9665,train
16473,train
92467,train
24842,train
47200,train
318,train
42450,train
56915,train
8006,train
43798,train
28475,train
30426,train
2728,train
88864,train
19226,train
24015,train
63074,train
89252,train
51640,train
64345,train
46688,train
35448,train
38889,train
78343,train
74079,train
79052,train
49610,train
78454,train
24939,train
80707,train
46076,train
71398,train
59565,train
64669,train
8092,train
45722,train
54034,train
69597,train
12038,train
39371,train
61837,train
74359,train
67908,train
99671,train
26518,train
15433,train
46142,train
15392,train
14750,train
50704,train
81298,train
26186,train
34609,train
95590,train
62611,train
89149,train
1582,train
44381,train
30428,train
3100,train
28950,train
79068,train
56680,train
526,train
96843,train
56203,train
83534,train
23814,train
28184,train
23941,train
46568,train
2924,train
60890,train
71065,train
78173,train
34727,train
10787,train
61227,train
15565,train
15311,train
22759,train
47933,train
93420,train
78874,train
35024,train
42986,train
45260,train
46278,train
28699,train
10432,train
5454,train
85327,train
89787,train
8725,train
46986,train
39678,train
6848,train
73941,train
5986,train
93051,train
92524,train
84213,train
5437,train
7189,train
48303,train
7571,train
82510,train
44127,train
62140,train
17779,train
21484,train
62394,train
73119,train
60037,train
57487,train
92950,train
53015,train
37567,train
47617,train
5690,train
52534,train
95608,train
81439,train
84912,train
22848,train
42973,train
12534,train
79817,train
12373,train
50461,train
27690,train
21201,train
41638,train
8433,train
36651,train
24544,train
24142,train
65078,train
1147,train
17791,train
21856,train
67283,train
89263,train
66088,train
21342,train
50518,train
46813,train
26490,train
54128,train
1351,train
17071,train
99264,train
54872,train
91247,train
55739,train
62075,train
99706,train
82459,train
86,train
50163,train
32643,train
62909,train
51585,train
88389,train
38747,train
68415,train
40525,train
65804,train
88836,train
965,train
6715,train
65021,train
41273,train
88026,train
66490,train
89575,train
14631,train
38418,train
72117,train
93990,train
30022,train
56117,train
93798,train
29826,train
50402,train
99484,train
57934,train
56015,train
56290,train
96996,train
3245,train
26133,train
73980,train
95113,train
91207,train
41855,train
17012,train
21463,train
54407,train
92545,train
21832,train
79914,train
28382,train
47248,train
43577,train
18041,train
13665,train
11380,train
47166,train
52624,train
62607,train
5507,train
91149,train
80728,train
71209,train
4261,train
66357,train
86101,train
85017,train
14837,train
74756,train
89896,train
98726,train
54164,train
41252,train
27263,train
91675,train
72932,train
9178,train
59784,train
52815,train
82355,train
95088,train
84116,train
88652,train
56732,train
74836,train
26510,train
22560,train
17767,train
20100,train
99752,train
4862,train
69942,train
45857,train
10934,train
77450,train
26140,train
9171,train
83234,train
320,train
51014,train
13555,train
14225,train
15656,train
74471,train
51627,train
13732,train
82550,train
4111,train
89320,train
64786,train
87026,train
94527,train
29427,train
35784,train
40205,train
92672,train
88825,train
6404,train
24619,train
98910,train
30807,train
38696,train
45118,train
17361,train
1294,train
22559,train
41165,train
61420,train
24526,train
58916,train
96441,train
18585,train
38197,train
62987,train
23859,train
58223,train
84811,train
11378,train
93788,train
71293,train
73479,train
72664,train
70256,train
35487,train
12522,train
31912,train
98551,train
68614,train
91879,train
5644,train
83119,train
18092,train
20229,train
17804,train
31047,train
42159,train
92306,train
1555,train
14894,train
73879,train
76108,train
19002,train
48506,train
20326,train
89664,train
28804,train
41134,train
62030,train
13560,train
7574,train
49514,train
70444,train
99988,train
25340,train
73894,train
92946,train
70403,train
1909,train
6541,train
57410,train
67739,train
52092,train
71795,train
15610,train
55742,train
56693,train
92862,train
37347,train
25017,train
54707,train
3530,train
84239,train
82593,train
68235,train
61597,train
86279,train
20463,train
9743,train
66422,train
78411,train
92356,train
32596,train
78252,train
78508,train
97741,train
12410,train
53953,train
71090,train
49496,train
96819,train
64032,train
51660,train
42565,train
95580,train
40662,train
87638,train
84059,train
12913,train
48816,train
25253,train
49161,train
46923,train
94700,train
53163,train
53363,train
31918,train
29931,train
41553,train
64327,train
55109,train
25820,train
30649,train
49124,train
47213,train
48085,train
67551,train
24020,train
54307,train
39105,train
45559,train
79105,train
41928,train
46369,train
18621,train
31651,train
38173,train
35903,train
71298,train
80882,train
7093,train
65200,train
92671,train
14814,train
10859,train
35686,train
26654,train
83898,train
81096,train
73893,train
74669,train
39005,train
18518,train
42737,train
56482,train
85095,train
13559,train
99656,train
73380,train
30629,train
96350,train
33170,train
72851,train
80003,train
25198,train
54913,train
96511,train
78012,train
54216,train
48637,train
24618,train
36746,train
27723,train
89282,train
41881,train
21435,train
92496,train
76594,train
55158,train
6132,train
44585,train
31423,train
2165,train
14328,train
42940,train
41626,train
76548,train
53412,train
22424,train
56108,train
23679,train
35180,train
50918,train
65189,train
4468,train
90774,train
54258,train
55902,train
84624,train
64260,train
64222,train
94387,train
30295,train
7166,train
62366,train
68817,train
47615,train
82442,train
84521,train
6590,train
47642,train
24979,train
8198,train
34893,train
26049,train
86824,train
94882,train
34932,train
35798,train
75878,train
68159,train
96544,train
56545,train
73453,train
1078,train
64807,train
38322,train
27619,train
81198,train
53061,train
25770,train
4253,train
93769,train
10559,train
52418,train
11761,train
91264,train
67015,train
89692,train
75547,train
51644,train
24115,train
5745,train
40442,train
7999,train
8238,train
94834,train
15195,train
87232,train
33162,train
46089,train
67231,train
47296,train
70864,train
96262,train
29378,train
56126,train
9004,train
30449,train
66334,train
61992,train
27685,train
85891,train
16345,train
54732,train
29692,train
44508,train
16060,train
27923,train
80964,train
39733,train
39168,train
45738,train
54160,train
72488,train
95823,train
94342,train
91782,train
39337,train
53073,train
8485,train
8961,train
27246,train
48934,train
45560,train
17961,train
56072,train
47447,train
37893,train
19897,train
44577,train
38850,train
76450,train
45509,train
42447,train
89352,train
91002,train
254,train
30049,train
2257,train
41362,train
27903,train
13034,train
39367,train
39295,train
38725,train
43570,train
97054,train
20402,train
53566,train
60885,train
39633,train
60646,train
36489,train
94581,train
58846,train
55717,train
18415,train
30265,train
33558,train
85360,train
69526,train
90249,train
31846,train
44423,train
89234,train
52825,train
37928,train
90668,train
22941,train
69096,train
53303,train
51198,train
42911,train
39118,train
91318,train
29596,train
20336,train
10282,train
23062,train
85216,train
87068,train
14731,train
73485,train
56402,train
96431,train
56603,train
8083,train
63313,train
75798,train
32424,train
72086,train
95103,train
70695,train
24060,train
29934,train
85806,train
43711,train
60886,train
51044,train
73235,train
90995,train
49547,train
34284,train
72041,train
5531,train
46178,train
83618,train
21172,train
9940,train
93830,train
62239,train
67961,train
57511,train
27332,train
34884,train
66626,train
40048,train
55703,train
89446,train
76866,train
68794,train
18167,train
32322,train
90065,train
20323,train
15212,train
558,train
8889,train
64036,train
32820,train
8721,train
13479,train
23565,train
73504,train
1040,train
86715,train
91759,train
22362,train
88210,train
65937,train
58852,train
61353,train
85858,train
71413,train
23435,train
38653,train
6583,train
24167,train
51220,train
66886,train
916,train
99508,train
76434,train
36555,train
99566,train
18591,train
99811,train
79397,train
46571,train
87938,train
24355,train
59585,train
28259,train
82267,train
8606,train
3962,train
81053,train
55926,train
28894,train
35928,train
30909,train
35316,train
61034,train
75813,train
74111,train
51840,train
98115,train
70258,train
95629,train
11632,train
11814,train
16463,train
17274,train
62380,train
71699,train
99977,train
61471,train
87695,train
48120,train
17527,train
92482,train
17252,train
69168,train
48546,train
56147,train
75290,train
80393,train
13464,train
6397,train
42444,train
61896,train
83933,train
37608,train
82071,train
760,train
43938,train
82613,train
20812,train
57146,train
41888,train
67716,train
768,train
39444,train
4824,train
84224,train
77519,train
45043,train
18279,train
29218,train
59340,train
36831,train
29676,train
23715,train
38461,train
39021,train
18325,train
32764,train
34272,train
1977,train
73904,train
80599,train
42397,train
58976,train
71018,train
95412,train
30072,train
91865,train
21166,train
26377,train
71026,train
30560,train
91561,train
14206,train
9160,train
42313,train
79621,train
438,train
7688,train
28081,train
96,train
3674,train
72051,train
11110,train
28897,train
20677,train
12096,train
61511,train
77111,train
53831,train
14144,train
74503,train
3464,train
5341,train
46614,train
47323,train
42288,train
2296,train
50669,train
25417,train
47543,train
67615,train
90163,train
98898,train
31483,train
68748,train
21132,train
19546,train
66281,train
13860,train
62198,train
84062,train
31734,train
1056,train
60792,train
20937,train
7521,train
39322,train
18492,train
52207,train
47841,train
57827,train
73772,train
61131,train
21048,train
44125,train
59792,train
43523,train
18592,train
35750,train
75534,train
54335,train
31916,train
41555,train
95575,train
6682,train
7159,train
91908,train
49725,train
87345,train
44346,train
72253,train
53167,train
98263,train
81036,train
15976,train
94453,train
12378,train
18659,train
40239,train
16359,train
36124,train
10313,train
77696,train
17411,train
45543,train
73166,train
30221,train
30325,train
21053,train
68897,train
53274,train
83111,train
36253,train
82729,train
4362,train
2309,train
37410,train
56294,train
48206,train
59062,train
22658,train
70679,train
6804,train
45303,train
12501,train
65485,train
96735,train
14485,train
85959,train
84483,train
55336,train
54213,train
4371,train
93672,train
80957,train
70,train
16822,train
22484,train
82755,train
34771,train
98841,train
29382,train
13205,train
40651,train
70878,train
73851,train
29231,train
62704,train
26945,train
18198,train
12066,train
82358,train
10302,train
63236,train
63354,train
40900,train
88217,train
12734,train
22452,train
79116,train
71590,train
78912,train
72306,train
33125,train
60581,train
68486,train
29908,train
60032,train
14361,train
6693,train
1887,train
36190,train
59056,train
86584,train
89279,train
19536,train
66095,train
23822,train
25850,train
35773,train
39841,train
95129,train
5634,train
19967,train
39921,train
20660,train
42064,train
61071,train
70327,train
13798,train
91015,train
92992,train
2928,train
45715,train
95837,train
30620,train
78165,train
32434,train
45918,train
87929,train
44103,train
92823,train
53518,train
16010,train
57798,train
172,train
31422,train
73385,train
11438,train
3393,train
19470,train
3181,train
11858,train
66044,train
20571,train
87732,train
42417,train
89879,train
61256,train
23394,train
11959,train
84066,train
90030,train
66784,train
52300,train
29628,train
38385,train
92664,train
67375,train
86195,train
93576,train
74789,train
64846,train
36047,train
55351,train
1975,train
81940,train
58408,train
56767,train
62516,train
9147,train
56301,train
26308,train
37923,train
78208,train
71314,train
59562,train
18031,train
18732,train
95407,train
75399,train
16448,train
73429,train
27852,train
54111,train
67409,train
58177,train
9010,train
39022,train
5198,train
71490,train
10163,train
94114,train
24848,train
85614,train
29562,train
66943,train
96615,train
30364,train
94199,train
83233,train
1321,train
60627,train
58501,train
52547,train
18872,train
26934,train
95836,train
47739,train
79088,train
60328,train
51080,train
28819,train
22454,train
62852,train
90220,train
26888,train
2034,train
97372,train
90766,train
60253,train
34479,train
39917,train
61958,train
72453,train
53844,train
18187,train
43963,train
78336,train
85694,train
47504,train
91151,train
83187,train
83577,train
94420,train
79375,train
39060,train
60356,train
47972,train
70622,train
10055,train
91331,train
58469,train
51735,train
8748,train
43548,train
83755,train
31762,train
76478,train
51542,train
65407,train
29482,train
48814,train
27421,train
5814,train
10768,train
51823,train
4838,train
87624,train
1281,train
82706,train
65051,train
78020,train
68818,train
61870,train
96293,train
41965,train
85464,train
68090,train
56317,train
74890,train
88983,train
53330,train
36483,train
71139,train
81461,train
51495,train
67188,train
47072,train
34302,train
66928,train
54395,train
90386,train
87462,train
59299,train
61156,train
78718,train
60519,train
66951,train
83850,train
47522,train
18376,train
69305,train
15308,train
38202,train
22360,train
84318,train
9799,train
95423,train
32854,train
61494,train
97044,train
72283,train
7269,train
21405,train
90189,train
23674,train
21676,train
78268,train
44549,train
86605,train
49413,train
99439,train
73527,train
70271,train
23108,train
774,train
83092,train
44222,train
75625,train
16658,train
35304,train
64976,train
29167,train
96438,train
93785,train
79577,train
91575,train
88782,train
63268,train
16932,train
38088,train
55988,train
26162,train
31100,train
65781,train
74215,train
67426,train
89171,train
86182,train
41602,train
28443,train
28385,train
14821,train
79377,train
7133,train
20512,train
80546,train
65630,train
44265,train
65470,train
41070,train
64091,train
67340,train
10879,train
60152,train
52434,train
76061,train
5092,train
5787,train
93927,train
94380,train
79663,train
62031,train
12108,train
22011,train
88875,train
65928,train
46607,train
74700,train
38246,train
90147,train
3724,train
40613,train
24707,train
97822,train
8627,train
20783,train
70525,train
37434,train
38853,train
28248,train
56308,train
90181,train
87256,train
88266,train
80724,train
34817,train
46562,train
30898,train
91272,train
51308,train
75442,train
60470,train
89908,train
57368,train
54560,train
95108,train
81098,train
99839,train
13878,train
4942,train
82352,train
78255,train
24174,train
7315,train
21038,train
7259,train
19759,train
74541,train
17245,train
83155,train
74805,train
75575,train
50786,train
70445,train
63182,train
19155,train
28253,train
89978,train
92400,train
29398,train
81224,train
78277,train
46190,train
91256,train
56459,train
36475,train
62228,train
54286,train
59688,train
25796,train
88218,train
87292,train
80863,train
22100,train
16530,train
36968,train
18387,train
45106,train
43517,train
48102,train
34503,train
88164,train
50671,train
68868,train
5990,train
10817,train
23554,train
7283,train
23647,train
69027,train
45033,train
47754,train
97440,train
9978,train
3295,train
31227,train
46174,train
27549,train
49623,train
79752,train
24329,train
71650,train
35737,train
64762,train
16665,train
3805,train
20119,train
21872,train
71694,train
72702,train
84679,train
15412,train
91374,train
47399,train
59989,train
42522,train
75868,train
29795,train
24282,train
91386,train
50292,train
86060,train
66079,train
49736,train
84746,train
11669,train
23583,train
91141,train
44655,train
55326,train
76325,train
53573,train
65133,train
82161,train
47917,train
94224,train
983,train
79697,train
68048,train
88865,train
73173,train
58592,train
93092,train
5297,train
79278,train
29154,train
13689,train
47045,train
32767,train
52361,train
67901,train
91880,train
44651,train
66680,train
60769,train
94803,train
1227,train
41623,train
43869,train
1301,train
20725,train
82880,train
45745,train
41601,train
17373,train
19755,train
63376,train
95909,train
89651,train
47584,train
34972,train
55624,train
25371,train
55400,train
81704,train
70736,train
13007,train
81044,train
40358,train
36027,train
17200,train
85977,train
62093,train
5006,train
39223,train
43789,train
85583,train
40110,train
49059,train
84307,train
94728,train
46020,train
60583,train
7074,train
9794,train
63579,train
39249,train
45580,train
34745,train
80301,train
90549,train
95791,train
73690,train
45766,train
86190,train
97433,train
24471,train
14003,train
92777,train
50590,train
88387,train
1084,train
99627,train
51808,train
50843,train
62758,train
69524,train
21106,train
54789,train
49856,train
17679,train
21334,train
84936,train
83263,train
57286,train
21717,train
60457,train
58360,train
38925,train
14918,train
99180,train
756,train
2669,train
44795,train
52725,train
13192,train
88806,train
43142,train
13450,train
45952,train
17460,train
33083,train
26610,train
93013,train
35106,train
3646,train
81521,train
6331,train
85149,train
3657,train
33349,train
65974,train
67413,train
3013,train
68874,train
31858,train
51642,train
83706,train
6727,train
63850,train
82551,train
77797,train
74767,train
96254,train
90194,train
3075,train
90041,train
32665,train
2946,train
68410,train
90157,train
49325,train
93490,train
977,train
72817,train
201,train
90278,train
54659,train
86361,train
69999,train
2894,train
33132,train
2340,train
4420,train
65748,train
12011,train
50521,train
7666,train
65820,train
69254,train
58556,train
2719,train
95287,train
13453,train
87581,train
92578,train
79340,train
32042,train
14472,train
5837,train
38407,train
90247,train
64653,train
14385,train
54082,train
16333,train
78840,train
86363,train
50659,train
99457,train
36524,train
40022,train
16846,train
42681,train
24467,train
77173,train
95047,train
48357,train
27808,train
4148,train
52993,train
19544,train
14405,train
22164,train
84305,train
6251,train
61272,train
75098,train
2685,train
97120,train
10560,train
73787,train
5895,train
53508,train
88888,train
37363,train
24941,train
12632,train
35070,train
37349,train
32950,train
1981,train
71171,train
33711,train
14839,train
34097,train
10785,train
8476,train
16740,train
21137,train
81205,train
88798,train
24692,train
88854,train
39135,train
50823,train
72074,train
61939,train
19572,train
77382,train
6636,train
60824,train
94049,train
38348,train
44756,train
20348,train
19684,train
45142,train
11066,train
9712,train
74970,train
77979,train
18330,train
46272,train
99958,train
23810,train
8457,train
72223,train
58245,train
6530,train
26261,train
99448,train
50695,train
69242,train
2755,train
99500,train
32802,train
20730,train
99284,train
94760,train
91833,train
40093,train
31181,train
9503,train
8279,train
55581,train
99138,train
62632,train
6582,train
31019,train
14720,train
3005,train
42452,train
29981,train
92685,train
95718,train
86230,train
67299,train
77721,train
70364,train
80749,train
74721,train
21898,train
51960,train
4901,train
29354,train
8123,train
45451,train
77251,train
44112,train
42826,train
40453,train
87763,train
49478,train
25045,train
31281,train
45237,train
38624,train
31643,train
80856,train
70148,train
73750,train
92013,train
10084,train
42263,train
35468,train
2679,train
27286,train
19532,train
37390,train
586,train
93930,train
92922,train
54294,train
73337,train
94893,train
34395,train
48286,train
94089,train
27617,train
94391,train
72267,train
49930,train
49429,train
91372,train
96329,train
11206,train
29157,train
73362,train
1074,train
6671,train
48907,train
74845,train
42568,train
60010,train
17907,train
72102,train
34995,train
37661,train
64610,train
73238,train
11925,train
43529,train
89923,train
32198,train
90906,train
9679,train
20093,train
40728,train
51140,train
90353,train
24484,train
28966,train
34661,train
28974,train
8704,train
66810,train
29361,train
14745,train
6207,train
7793,train
11089,train
40094,train
45182,train
81124,train
37138,train
12372,train
83420,train
98944,train
16963,train
96305,train
63093,train
35714,train
91200,train
94331,train
33725,train
13307,train
68154,train
98064,train
48223,train
10190,train
71201,train
78406,train
69356,train
39212,train
49663,train
70583,train
77180,train
15410,train
84910,train
23836,train
58461,train
43541,train
75439,train
56306,train
81175,train
29655,train
95340,train
91128,train
50073,train
50985,train
167,train
67126,train
40843,train
55608,train
52210,train
59256,train
17120,train
64793,train
79812,train
72347,train
56279,train
2298,train
31207,train
87357,train
86716,train
65788,train
56369,train
69638,train
16155,train
82237,train
24419,train
55838,train
56287,train
73300,train
99666,train
50276,train
21582,train
4948,train
46526,train
45623,train
46660,train
39419,train
47577,train
81015,train
92196,train
40099,train
61776,train
79767,train
36860,train
84411,train
41096,train
4894,train
11545,train
50291,train
11118,train
78039,train
91302,train
64649,train
43213,train
62010,train
60755,train
99613,train
65003,train
92764,train
86579,train
58781,train
22860,train
13567,train
31741,train
34333,train
3976,train
18342,train
79809,train
81507,train
92399,train
65153,train
35964,train
93470,train
903,train
869,train
15790,train
67946,train
73452,train
27416,train
64853,train
8936,train
25670,train
72837,train
27130,train
46182,train
90799,train
43794,train
7201,train
33790,train
49240,train
12427,train
78081,train
66891,train
75802,train
9909,train
15176,train
732,train
44701,train
19696,train
4144,train
16070,train
62645,train
53600,train
24387,train
35444,train
51003,train
75312,train
70360,train
60673,train
3026,train
58897,train
49236,train
28838,train
6043,train
99724,train
82994,train
99263,train
53926,train
18194,train
76855,train
38235,train
36941,train
66853,train
74324,train
56563,train
68221,train
92494,train
52135,train
22143,train
11129,train
74181,train
14628,train
16513,train
93394,train
62150,train
15168,train
14917,train
39853,train
44041,train
57635,train
25966,train
55753,train
90394,train
11813,train
88051,train
17842,train
18178,train
82604,train
80626,train
14819,train
32534,train
85474,train
81404,train
35218,train
11523,train
15933,train
80355,train
30099,train
81193,train
84052,train
20837,train
78184,train
14073,train
94982,train
56943,train
87147,train
3088,train
50376,train
40921,train
47232,train
27229,train
10048,train
79240,train
4005,train
42439,train
63041,train
23627,train
78115,train
32621,train
60033,train
78175,train
91750,train
66578,train
11580,train
37024,train
50939,train
10092,train
27765,train
35850,train
31021,train
76656,train
24535,train
10161,train
46953,train
42951,train
59874,train
32921,train
87408,train
49706,train
53994,train
86151,train
11933,train
31289,train
71855,train
90565,train
16711,train
9551,train
63923,train
33809,train
53018,train
13826,train
34318,train
56661,train
47432,train
90832,train
91202,train
7785,train
18975,train
11011,train
40399,train
26001,train
40349,train
21238,train
72620,train
39915,train
3737,train
93566,train
61863,train
75584,train
7550,train
12435,train
74848,train
42267,train
10843,train
84601,train
10077,train
34464,train
7795,train
50339,train
27089,train
83714,train
37180,train
44637,train
79596,train
93365,train
13207,train
65942,train
49469,train
98069,train
70964,train
76664,train
96090,train
55845,train
67026,train
12820,train
90524,train
29306,train
589,train
68878,train
38670,train
38783,train
56547,train
89267,train
68679,train
13399,train
50903,train
97528,train
8800,train
26893,train
76613,train
94113,train
70735,train
80254,train
64671,train
95040,train
31208,train
50490,train
89518,train
20072,train
52524,train
51603,train
74791,train
63356,train
44957,train
24986,train
65367,train
55348,train
96913,train
29063,train
65527,train
13737,train
84495,train
38665,train
29318,train
78230,train
70178,train
73155,train
25361,train
72225,train
84220,train
4469,train
74032,train
55287,train
96888,train
68767,train
73404,train
33073,train
51342,train
93648,train
34821,train
129,train
91116,train
44673,train
2395,train
75303,train
90019,train
14037,train
11684,train
87376,train
57572,train
75469,train
67320,train
70991,train
46873,train
14329,train
93670,train
3916,train
24940,train
23099,train
46522,train
67762,train
56760,train
36566,train
52431,train
58512,train
12746,train
54410,train
31267,train
60314,train
44602,train
18083,train
78253,train
16784,train
60086,train
25986,train
60763,train
90907,train
76660,train
65983,train
94189,train
17929,train
3542,train
58203,train
87969,train
58120,train
28981,train
56151,train
70740,train
99183,train
42360,train
63402,train
35778,train
27248,train
14942,train
29485,train
75302,train
70118,train
89255,train
6508,train
30677,train
21977,train
87828,train
13083,train
54973,train
86637,train
72144,train
17348,train
69429,train
63023,train
36232,train
23740,train
84540,train
35484,train
12445,train
31528,train
25425,train
59725,train
91376,train
52997,train
70724,train
23959,train
7022,train
9583,train
67726,train
82951,train
1759,train
69367,train
6789,train
16955,train
93796,train
71289,train
64921,train
87327,train
69092,train
39619,train
33509,train
91702,train
67118,train
73136,train
11757,train
75956,train
72357,train
18189,train
75685,train
59324,train
59403,train
78609,train
79781,train
93206,train
20023,train
58076,train
31168,train
12546,train
84527,train
14186,train
56570,train
13400,train
84635,train
6457,train
87559,train
63105,train
90029,train
2704,train
7606,train
17840,train
37932,train
92090,train
45092,train
74289,train
86757,train
98878,train
78083,train
51166,train
17937,train
56019,train
15849,train
31564,train
33895,train
5425,train
66497,train
30961,train
5681,train
72895,train
35542,train
94954,train
67724,train
58319,train
63877,train
24052,train
13105,train
76885,train
56041,train
57874,train
84148,train
81095,train
99029,train
81139,train
50252,train
54173,train
5161,train
17902,train
46811,train
412,train
64045,train
11339,train
4739,train
66278,train
16458,train
19651,train
72116,train
43342,train
97366,train
49920,train
96081,train
57374,train
6027,train
73359,train
49964,train
53125,train
30563,train
93397,train
27024,train
97904,train
56085,train
49616,train
59337,train
84031,train
55911,train
60970,train
3880,train
69594,train
83703,train
19973,train
33067,train
40078,train
97586,train
70332,train
1805,train
36703,train
43562,train
2256,train
77622,train
83169,train
66500,train
26233,train
32606,train
96218,train
94768,train
71304,train
36396,train
64122,train
60836,train
67685,train
10711,train
96150,train
11539,train
57769,train
13904,train
67788,train
40931,train
40659,train
59245,train
95920,train
26620,train
5243,train
58804,train
91961,train
3366,train
91929,train
82375,train
69181,train
3355,train
42984,train
46434,train
78499,train
67801,train
92119,train
14879,train
13166,train
97485,train
85919,train
76446,train
32507,train
52785,train
82246,train
13816,train
84454,train
40443,train
14518,train
58686,train
5009,train
13489,train
35966,train
85238,train
37406,train
59879,train
82418,train
5084,train
81027,train
74738,train
27138,train
84564,train
26896,train
44590,train
97146,train
15140,train
97927,train
1018,train
75936,train
35464,train
50684,train
57856,train
80674,train
98272,train
8229,train
97322,train
19022,train
45311,train
34484,train
16340,train
79551,train
93883,train
29118,train
6652,train
90523,train
86890,train
71216,train
29928,train
874,train
68277,train
29406,train
97918,train
34044,train
89947,train
88976,train
59839,train
49916,train
48152,train
79646,train
89973,train
29384,train
66481,train
31939,train
44580,train
61001,train
51293,train
98450,train
41899,train
77889,train
85142,train
35153,train
69932,train
67919,train
64869,train
80207,train
15213,train
91301,train
94379,train
31254,train
91399,train
38816,train
18432,train
64598,train
58113,train
4306,train
96802,train
58744,train
56153,train
3490,train
21529,train
37,train
75243,train
92199,train
92249,train
51364,train
83638,train
91129,train
49836,train
56512,train
62069,train
59807,train
49687,train
41712,train
27151,train
80265,train
77608,train
36037,train
38848,train
82146,train
14811,train
66697,train
34920,train
35056,train
86709,train
16326,train
89080,train
27122,train
3493,train
85926,train
41807,train
2401,train
67541,train
2676,train
76305,train
38028,train
70676,train
36689,train
54905,train
4641,train
10018,train
39456,train
89184,train
27308,train
72113,train
22819,train
82340,train
81843,train
59712,train
67425,train
14701,train
98637,train
36743,train
58639,train
42054,train
37262,train
57270,train
73799,train
1864,train
41124,train
9355,train
88115,train
15777,train
1869,train
74555,train
95942,train
21297,train
72414,train
82787,train
17180,train
95309,train
64852,train
21681,train
49513,train
35840,train
54289,train
87213,train
59818,train
57611,train
77203,train
29751,train
63830,train
90313,train
47337,train
20692,train
37580,train
65103,train
64074,train
17105,train
84128,train
64946,train
70478,train
31214,train
92708,train
6354,train
82429,train
47408,train
66330,train
52896,train
95251,train
54536,train
18581,train
5919,train
7989,train
34927,train
21027,train
59932,train
73734,train
68961,train
10371,train
30888,train
39417,train
31377,train
31534,train
62488,train
35455,train
3049,train
80827,train
34004,train
73025,train
59815,train
33121,train
65608,train
78256,train
76746,train
51112,train
15545,train
56366,train
4308,train
550,train
8468,train
92918,train
78658,train
30284,train
11435,train
62847,train
44042,train
4201,train
57137,train
75016,train
94000,train
83961,train
60844,train
75533,train
69758,train
96806,train
54479,train
66945,train
2677,train
46472,train
18343,train
39685,train
46546,train
68834,train
47025,train
6768,train
74183,train
19412,train
98564,train
35754,train
26456,train
31519,train
98996,train
84770,train
92007,train
29045,train
53662,train
81881,train
15828,train
25957,train
4623,train
91603,train
83541,train
29253,train
76334,train
63124,train
54374,train
42712,train
40135,train
9146,train
8287,train
23168,train
28695,train
14353,train
54597,train
18170,train
58949,train
23060,train
79297,train
86231,train
81394,train
36227,train
60531,train
67921,train
20951,train
2423,train
63369,train
11447,train
89704,train
28212,train
5221,train
95873,train
92888,train
11240,train
60001,train
65007,train
72394,train
45262,train
11054,train
87989,train
24994,train
8258,train
83291,train
21880,train
98712,train
7547,train
10880,train
45570,train
71076,train
9109,train
66098,train
85964,train
96764,train
82767,train
76452,train
44371,train
19114,train
2958,train
64509,train
1825,train
60170,train
17257,train
74409,train
75593,train
71415,train
132,train
46914,train
36892,train
71785,train
20445,train
49951,train
17350,train
14060,train
20240,train
71085,train
54813,train
62829,train
28217,train
80403,train
10741,train
26321,train
76595,train
10333,train
61923,train
26493,train
36850,train
30608,train
71380,train
18454,train
10726,train
605,train
70604,train
45198,train
44725,train
61450,train
70629,train
77295,train
79567,train
62510,train
78916,train
87412,train
89720,train
54688,train
38034,train
9288,train
85629,train
16221,train
8571,train
22794,train
93433,train
7927,train
76324,train
41224,train
83006,train
77719,train
32997,train
57683,train
16819,train
59532,train
752,train
88574,train
40916,train
25009,train
88064,train
16024,train
50135,train
63988,train
67,train
33333,train
53576,train
83021,train
17944,train
3163,train
74969,train
3402,train
22563,train
50002,train
50221,train
28402,train
60072,train
46312,train
96097,train
73442,train
67937,train
12167,train
45871,train
72755,train
1945,train
39861,train
36521,train
84809,train
47163,train
29401,train
20315,train
987,train
86979,train
93480,train
89341,train
7265,train
69813,train
20788,train
71012,train
37565,train
21566,train
89977,train
69867,train
89054,train
82087,train
9051,train
66779,train
16344,train
32628,train
93994,train
83983,train
53564,train
85150,train
23982,train
54733,train
71941,train
99951,train
36373,train
38897,train
14061,train
49047,train
17270,train
32206,train
48580,train
86227,train
24750,train
20354,train
98629,train
43540,train
99832,train
54782,train
55375,train
80596,train
99219,train
97084,train
90411,train
19433,train
83564,train
17859,train
38,train
68323,train
17360,train
63467,train
70882,train
17007,train
17563,train
27850,train
95155,train
85514,train
80248,train
96328,train
53240,train
68983,train
36619,train
1550,train
12444,train
87810,train
94740,train
16483,train
17109,train
74568,train
23693,train
31102,train
26415,train
79454,train
9795,train
93304,train
78935,train
45563,train
23184,train
24626,train
64611,train
16028,train
79361,train
73727,train
95064,train
93415,train
54360,train
41813,train
40323,train
4501,train
67638,train
73251,train
15838,train
85752,train
40785,train
91031,train
86622,train
76038,train
77157,train
46085,train
56614,train
77298,train
65440,train
999,train
41770,train
80208,train
35006,train
77598,train
70152,train
80507,train
4934,train
39653,train
80885,train
36433,train
54694,train
57658,train
84771,train
93489,train
73914,train
45065,train
10839,train
56444,train
62491,train
75041,train
33516,train
25816,train
92507,train
13969,train
22784,train
61591,train
41692,train
42849,train
78424,train
94101,train
71939,train
24278,train
11807,train
53441,train
35833,train
73842,train
30299,train
12302,train
66335,train
24657,train
36835,train
37210,train
5850,train
55765,train
46436,train
85742,train
45112,train
52560,train
13444,train
50629,train
1248,train
43343,train
97482,train
84800,train
58036,train
12646,train
69976,train
22696,train
40590,train
40427,train
47229,train
75364,train
21955,train
34867,train
80130,train
93382,train
14427,train
17843,train
81125,train
62902,train
78632,train
69868,train
45251,train
32829,train
74843,train
52225,train
48622,train
63993,train
25810,train
60944,train
58847,train
40232,train
30048,train
25730,train
14110,train
79540,train
2387,train
41261,train
20579,train
1098,train
12962,train
30270,train
56361,train
30276,train
70970,train
76487,train
68029,train
72291,train
73944,train
80432,train
7674,train
34631,train
65258,train
16599,train
71862,train
95985,train
86021,train
22237,train
32178,train
56550,train
8598,train
33178,train
57438,train
16793,train
27041,train
19339,train
82989,train
1793,train
10570,train
96834,train
79472,train
56479,train
5462,train
78457,train
15947,train
42966,train
52491,train
19862,train
83366,train
1471,train
24978,train
95378,train
85208,train
6923,train
35541,train
2573,train
74519,train
96652,train
43591,train
98255,train
2288,train
68518,train
19847,train
60360,train
80954,train
24346,train
83688,train
46592,train
38357,train
70570,train
80215,train
24622,train
31533,train
21331,train
48492,train
44004,train
28347,train
86937,train
37383,train
60432,train
56324,train
94582,train
90114,train
24573,train
19006,train
14161,train
42596,train
119,train
55529,train
97595,train
28999,train
95029,train
97207,train
18391,train
78750,train
91725,train
7016,train
39003,train
42851,train
21036,train
96054,train
35696,train
59575,train
49039,train
54505,train
91965,train
76999,train
97446,train
34844,train
41174,train
77202,train
39742,train
38445,train
72735,train
39441,train
5277,train
63682,train
13842,train
92278,train
45607,train
46469,train
35609,train
47767,train
15490,train
71356,train
34372,train
60933,train
78278,train
99208,train
29903,train
91498,train
27187,train
97187,train
83135,train
49564,train
87196,train
36247,train
72563,train
83826,train
11912,train
36139,train
17449,train
66432,train
14219,train
34761,train
41030,train
22266,train
98816,train
92834,train
41927,train
92839,train
97724,train
16712,train
239,train
7794,train
3736,train
76514,train
46963,train
17668,train
48703,train
69290,train
17999,train
76137,train
2108,train
87040,train
6974,train
22128,train
16285,train
88041,train
84435,train
56629,train
73138,train
70372,train
32098,train
58829,train
81645,train
55906,train
92910,train
42806,train
91126,train
69656,train
14778,train
94969,train
20761,train
68100,train
88065,train
40334,train
97627,train
21087,train
82292,train
78394,train
83805,train
45002,train
9334,train
40702,train
23524,train
81898,train
60200,train
6696,train
2049,train
29176,train
99648,train
31587,train
56874,train
32441,train
96007,train
45763,train
85914,train
7659,train
92803,train
85501,train
34655,train
72542,train
39241,train
76470,train
1625,train
11376,train
62525,train
49981,train
32582,train
96886,train
97605,train
26966,train
80677,train
2831,train
68296,train
8859,train
95267,train
10513,train
59656,train
99224,train
31633,train
33507,train
43280,train
93277,train
72292,train
44491,train
88521,train
66807,train
78944,train
86608,train
35633,train
45005,train
13973,train
72878,train
6301,train
64011,train
73222,train
17393,train
36388,train
7975,train
15274,train
66000,train
38065,train
94198,train
44252,train
76803,train
2264,train
69668,train
26444,train
51804,train
98872,train
40587,train
75929,train
47864,train
36136,train
66968,train
14636,train
96798,train
932,train
81189,train
63977,train
39287,train
43772,train
58041,train
51186,train
99932,train
47308,train
7561,train
87914,train
66766,train
1348,train
53882,train
50962,train
44728,train
92191,train
4064,train
27468,train
28013,train
7227,train
35497,train
16851,train
16924,train
5740,train
37609,train
84842,train
46277,train
30204,train
59059,train
63835,train
29466,train
75546,train
11401,train
15664,train
60156,train
29336,train
92056,train
54011,train
46334,train
85955,train
89847,train
90616,train
68452,train
46543,train
55761,train
37653,train
69761,train
36266,train
43326,train
64796,train
99404,train
61003,train
45097,train
95219,train
91694,train
14346,train
62136,train
44463,train
1519,train
92789,train
10692,train
36878,train
74958,train
99559,train
32679,train
75844,train
19605,train
36428,train
95473,train
71595,train
21921,train
45334,train
23750,train
30264,train
31472,train
57451,train
27493,train
23265,train
35910,train
20000,train
87711,train
55668,train
11655,train
18388,train
85586,train
8078,train
79366,train
1201,train
5719,train
1495,train
84493,train
5254,train
23888,train
38803,train
60994,train
78349,train
96260,train
80468,train
49261,train
24716,train
6900,train
66504,train
60504,train
31397,train
70273,train
21791,train
42098,train
22741,train
89825,train
30310,train
45181,train
53956,train
62197,train
6962,train
73859,train
23557,train
31566,train
94428,train
2289,train
73160,train
24567,train
16091,train
20967,train
84853,train
49189,train
39362,train
91037,train
92761,train
49517,train
25019,train
50408,train
48093,train
71278,train
56081,train
36074,train
83661,train
19849,train
79740,train
11150,train
37128,train
93122,train
10083,train
2701,train
9222,train
82538,train
76587,train
27908,train
91811,train
17667,train
63585,train
91665,train
5650,train
80172,train
89687,train
8489,train
55203,train
59812,train
35867,train
37175,train
14197,train
32756,train
87620,train
16442,train
76603,train
2977,train
28587,train
6197,train
24152,train
37341,train
66467,train
31342,train
97608,train
8779,train
99126,train
83372,train
48596,train
22375,train
75032,train
34577,train
17262,train
35200,train
86659,train
43250,train
73440,train
35224,train
65664,train
75056,train
55664,train
76920,train
1271,train
95109,train
8777,train
73594,train
51340,train
66174,train
8157,train
28592,train
42315,train
54459,train
13793,train
13104,train
47302,train
64379,train
96395,train
83154,train
87004,train
55559,train
86847,train
52870,train
66876,train
78474,train
18339,train
633,train
68280,train
92697,train
80632,train
18003,train
62068,train
23515,train
64082,train
98880,train
61458,train
6618,train
51414,train
85763,train
31089,train
41943,train
80903,train
61434,train
37638,train
84013,train
83175,train
64390,train
44572,train
89741,train
69104,train
83513,train
60753,train
96862,train
21067,train
85819,train
43274,train
67045,train
56807,train
98864,train
99408,train
52192,train
59206,train
62017,train
26269,train
64006,train
74962,train
15723,train
40102,train
38205,train
95747,train
56238,train
15021,train
85909,train
17164,train
34759,train
647,train
57414,train
89886,train
44361,train
48144,train
89296,train
58471,train
22608,train
94607,train
54155,train
5712,train
17895,train
65566,train
11663,train
16154,train
37038,train
42782,train
1880,train
47677,train
38615,train
8900,train
66660,train
74753,train
44039,train
3918,train
86591,train
35239,train
10382,train
3471,train
3553,train
77220,train
19915,train
12085,train
4539,train
94562,train
43550,train
13183,train
87829,train
54887,train
96626,train
34254,train
73725,train
72638,train
3773,train
6317,train
8480,train
71292,train
83025,train
14708,train
86992,train
13261,train
9798,train
76322,train
37978,train
3660,train
11514,train
78803,train
35779,train
355,train
61858,train
85436,train
24393,train
64586,train
2648,train
30616,train
64529,train
11593,train
51837,train
76246,train
71968,train
6036,train
31169,train
93714,train
99512,train
19815,train
90597,train
56141,train
79345,train
60573,train
87800,train
79115,train
62668,train
65964,train
5239,train
11518,train
98626,train
27826,train
16587,train
86880,train
90230,train
48428,train
39951,train
56649,train
13706,train
77144,train
55246,train
41488,train
21022,train
46899,train
64566,train
36697,train
87979,train
72685,train
86455,train
25415,train
91807,train
72448,train
59088,train
98104,train
49542,train
5143,train
78267,train
6537,train
18151,train
47145,train
82588,train
17148,train
83840,train
66665,train
39264,train
24447,train
3546,train
19889,train
39587,train
68177,train
71639,train
19422,train
89482,train
23200,train
82646,train
2043,train
32932,train
73460,train
58377,train
3227,train
38703,train
29451,train
76116,train
86217,train
58710,train
97635,train
74216,train
55563,train
42303,train
35293,train
25435,train
77770,train
63506,train
55976,train
95471,train
29248,train
96055,train
24699,train
54729,train
19495,train
26180,train
83734,train
70706,train
88887,train
57670,train
26538,train
92587,train
30042,train
50742,train
99835,train
21322,train
28458,train
54554,train
53169,train
21431,train
44030,train
42934,train
62585,train
10749,train
35846,train
63035,train
16551,train
81494,train
23037,train
65751,train
54938,train
12194,train
40709,train
71366,train
76950,train
27756,train
49178,train
1029,train
55265,train
23649,train
73171,train
68747,train
38207,train
40496,train
21627,train
84084,train
99132,train
69313,train
25498,train
40999,train
83801,train
21260,train
81188,train
22471,train
88455,train
79924,train
35926,train
50287,train
59897,train
12663,train
85059,train
65273,train
8313,train
63883,train
8308,train
24765,train
11052,train
76941,train
19077,train
9804,train
80865,train
20490,train
20993,train
28392,train
31898,train
39543,train
82783,train
33453,train
68648,train
39624,train
43083,train
36883,train
4988,train
30154,train
46652,train
63267,train
44836,train
83383,train
85288,train
87051,train
69955,train
54932,train
55535,train
32823,train
10107,train
86388,train
71481,train
32686,train
99377,train
14923,train
24391,train
22479,train
52818,train
55843,train
53735,train
12043,train
19926,train
79508,train
92993,train
83201,train
76241,train
70259,train
69817,train
67651,train
98980,train
55273,train
90099,train
18674,train
92040,train
50883,train
75541,train
73343,train
73267,train
95699,train
72909,train
76620,train
19354,train
33972,train
81444,train
90196,train
51834,train
45359,train
77603,train
24366,train
21702,train
71632,train
33467,train
48459,train
4661,train
90430,train
16744,train
71722,train
26354,train
98359,train
63694,train
16460,train
67325,train
42168,train
71214,train
49388,train
42766,train
30953,train
12221,train
75901,train
61789,train
41847,train
76520,train
17276,train
38347,train
50920,train
90940,train
91408,train
27541,train
47537,train
53277,train
6292,train
8415,train
14276,train
97376,train
6593,train
15220,train
32106,train
25259,train
59261,train
67949,train
33919,train
10016,train
8975,train
86725,train
4606,train
68815,train
8921,train
37214,train
19199,train
96168,train
13276,train
38884,train
96315,train
16758,train
21760,train
89495,train
62658,train
85843,train
84317,train
34114,train
86950,train
3534,train
33938,train
35715,train
24905,train
61481,train
59975,train
54070,train
82917,train
42646,train
59907,train
98305,train
77439,train
28455,train
96278,train
89377,train
23157,train
73775,train
73286,train
80080,train
36914,train
286,train
14308,train
12587,train
32537,train
93131,train
26719,train
28292,train
80096,train
57561,train
52133,train
65639,train
21924,train
26106,train
50146,train
57377,train
13294,train
3621,train
72213,train
51966,train
82491,train
67370,train
69393,train
19871,train
42499,train
11906,train
76783,train
37855,train
19126,train
78815,train
97490,train
20190,train
8269,train
6092,train
11766,train
18786,train
88207,train
99665,train
33983,train
62371,train
202,train
91045,train
82286,train
48514,train
68670,train
75092,train
6356,train
21017,train
47404,train
9708,train
45171,train
32108,train
37757,train
43873,train
50328,train
60390,train
72568,train
65075,train
63912,train
22463,train
84709,train
85102,train
51440,train
98689,train
95312,train
6730,train
88172,train
5800,train
71374,train
72886,train
40166,train
27996,train
25354,train
70564,train
94812,train
64702,train
37493,train
84916,train
79491,train
15482,train
66349,train
53222,train
82120,train
8275,train
29110,train
22637,train
41072,train
22061,train
94144,train
14171,train
46908,train
5340,train
18741,train
5029,train
36541,train
28939,train
74704,train
46268,train
85920,train
57541,train
33668,train
2505,train
58496,train
68332,train
38727,train
72692,train
75299,train
49479,train
83899,train
92273,train
29138,train
43316,train
43840,train
54198,train
20025,train
31705,train
82139,train
86283,train
44720,train
5171,train
77265,train
75629,train
19104,train
11962,train
22923,train
98083,train
28920,train
4929,train
53200,train
6343,train
89910,train
11321,train
72405,train
18921,train
12338,train
54132,train
80755,train
12568,train
18771,train
40645,train
27103,train
84264,train
61704,train
1804,train
51319,train
53812,train
21741,train
44285,train
6456,train
61380,train
2486,train
37711,train
70037,train
78601,train
14901,train
12375,train
13955,train
62040,train
89000,train
4945,train
88908,train
11645,train
69610,train
44358,train
95307,train
146,train
54253,train
55787,train
62747,train
9651,train
13412,train
84382,train
28133,train
96927,train
72802,train
7462,train
821,train
99035,train
33398,train
372,train
55883,train
90604,train
5267,train
23506,train
64115,train
37901,train
75477,train
22107,train
65418,train
20595,train
93920,train
67883,train
2409,train
21124,train
28857,train
53490,train
5204,train
40400,train
75745,train
56771,train
38534,train
14027,train
35907,train
48813,train
87194,train
95640,train
19370,train
18127,train
36325,train
6916,train
12578,train
50363,train
60084,train
83967,train
78505,train
71641,train
36322,train
87468,train
93628,train
43892,train
24410,train
37257,train
10932,train
39085,train
440,train
19465,train
4555,train
8459,train
68464,train
69044,train
67621,train
98984,train
98352,train
57826,train
36164,train
87741,train
37465,train
81484,train
69986,train
20153,train
57805,train
69575,train
40435,train
85312,train
63192,train
64577,train
29375,train
4309,train
42470,train
97566,train
73959,train
48576,train
53039,train
8204,train
22900,train
66430,train
63364,train
34036,train
15515,train
38513,train
29770,train
79519,train
21870,train
90706,train
70916,train
21540,train
39589,train
66502,train
29088,train
6383,train
49155,train
36338,train
25147,train
77253,train
83116,train
22130,train
99579,train
95117,train
17816,train
39962,train
66816,train
21848,train
98203,train
9066,train
9455,train
73531,train
72069,train
84931,train
34708,train
82361,train
55111,train
95184,train
55017,train
10506,train
96883,train
14498,train
5248,train
17821,train
76760,train
13527,train
98974,train
95306,train
30356,train
42102,train
65872,train
43842,train
94217,train
12847,train
54343,train
52211,train
62552,train
67910,train
39029,train
60310,train
55632,train
19996,train
1109,train
82910,train
72156,train
15776,train
28514,train
92339,train
87302,train
96634,train
66652,train
38545,train
50180,train
91844,train
19008,train
35593,train
12688,train
53105,train
37906,train
90943,train
612,train
47105,train
17636,train
65824,train
86553,train
95031,train
29458,train
47622,train
62433,train
28036,train
47814,train
71033,train
3917,train
31379,train
17741,train
5120,train
20320,train
53514,train
86899,train
21470,train
51237,train
50816,train
2335,train
78297,train
11224,train
62697,train
43453,train
62466,train
338,train
32978,train
178,train
32246,train
14689,train
27485,train
49895,train
11969,train
63742,train
37492,train
52093,train
16966,train
31975,train
81653,train
51208,train
55318,train
89666,train
60746,train
19136,train
11674,train
78952,train
31304,train
39244,train
2148,train
59470,train
62634,train
17841,train
48795,train
45755,train
98488,train
2129,train
74522,train
3896,train
27747,train
81446,train
24956,train
59634,train
36062,train
31729,train
45547,train
49176,train
62735,train
68378,train
39235,train
4510,train
83837,train
28806,train
59748,train
16511,train
15541,train
4618,train
20396,train
69068,train
38377,train
94050,train
20273,train
88861,train
94535,train
25976,train
93468,train
35103,train
54110,train
76714,train
59724,train
25752,train
23399,train
86609,train
25136,train
81593,train
60434,train
30794,train
27969,train
96337,train
57016,train
50069,train
15569,train
32491,train
272,train
36890,train
78610,train
14272,train
69209,train
5908,train
69863,train
29242,train
89400,train
26168,train
6088,train
75123,train
65817,train
2858,train
8444,train
33415,train
6053,train
64880,train
75803,train
51756,train
24423,train
50959,train
71354,train
3966,train
99051,train
59501,train
62121,train
65803,train
82382,train
27687,train
28685,train
62623,train
41662,train
14436,train
50687,train
37963,train
68779,train
96089,train
40456,train
17959,train
23150,train
98413,train
72321,train
32251,train
67102,train
38625,train
72928,train
9035,train
1942,train
800,train
88215,train
67558,train
39334,train
72483,train
40088,train
77395,train
52124,train
26109,train
67084,train
69533,train
85153,train
6674,train
85911,train
13155,train
28346,train
19435,train
79039,train
83255,train
77691,train
89486,train
84968,train
63924,train
26646,train
96419,train
53220,train
47942,train
38936,train
53196,train
17041,train
79130,train
1064,train
28276,train
24010,train
28281,train
30885,train
22566,train
12114,train
14698,train
80291,train
96062,train
12093,train
52656,train
1677,train
45632,train
36345,train
32364,train
61602,train
73547,train
30674,train
48534,train
58761,train
62692,train
73512,train
23497,train
83955,train
27221,train
63193,train
95399,train
24406,train
77396,train
22281,train
51773,train
97545,train
99540,train
55359,train
59365,train
67114,train
5548,train
35623,train
50642,train
19652,train
94553,train
24949,train
68762,train
41349,train
54252,train
70954,train
96132,train
16527,train
55987,train
99605,train
11261,train
3807,train
1539,train
18629,train
56099,train
30376,train
89204,train
39787,train
1729,train
24132,train
71150,train
29906,train
95525,train
80287,train
89160,train
92962,train
61400,train
41793,train
18826,train
71215,train
64088,train
17605,train
18336,train
89334,train
90719,train
27732,train
125,train
49612,train
55410,train
58160,train
11697,train
63512,train
18229,train
52741,train
63358,train
44518,train
96384,train
97170,train
80317,train
89767,train
51250,train
61421,train
98621,train
28361,train
87389,train
53901,train
11199,train
845,train
47901,train
13940,train
3058,train
18357,train
95508,train
52543,train
22898,train
28357,train
24155,train
33926,train
26216,train
5333,train
24310,train
31700,train
51872,train
1306,train
97388,train
26608,train
69080,train
34977,train
46983,train
30213,train
79679,train
27573,train
73148,train
21737,train
52272,train
60182,train
37079,train
71263,train
24860,train
54567,train
2355,train
81373,train
95468,train
14083,train
32970,train
4323,train
88073,train
38773,train
77605,train
91268,train
16970,train
49745,train
15483,train
83889,train
94536,train
52016,train
30795,train
59639,train
29277,train
4559,train
75548,train
65415,train
14502,train
96899,train
82337,train
45319,train
73314,train
82136,train
53841,train
98574,train
64403,train
90418,train
39486,train
94454,train
72358,train
32006,train
83684,train
88153,train
78019,train
78433,train
70263,train
71121,train
10195,train
21422,train
73749,train
41613,train
73546,train
2711,train
55357,train
38382,train
25295,train
81733,train
16485,train
32989,train
38979,train
38189,train
35730,train
43778,train
67247,train
56678,train
80409,train
30507,train
73327,train
11706,train
63771,train
24493,train
49002,train
52580,train
18465,train
9971,train
53646,train
5718,train
66261,train
26050,train
32620,train
6697,train
92739,train
66122,train
9179,train
986,train
7537,train
61585,train
22862,train
28953,train
16834,train
50716,train
90146,train
9894,train
36089,train
55711,train
26054,train
55183,train
5983,train
8255,train
68737,train
47382,train
63673,train
75031,train
52842,train
31612,train
41278,train
91144,train
82528,train
71335,train
29955,train
31108,train
21348,train
49649,train
99502,train
91842,train
10683,train
68059,train
2374,train
27105,train
58310,train
63420,train
93900,train
15492,train
87227,train
25733,train
85361,train
50963,train
93662,train
10581,train
84724,train
38927,train
78205,train
97747,train
43546,train
32337,train
77240,train
12611,train
94045,train
7934,train
49508,train
22229,train
525,train
87566,train
29758,train
60415,train
93326,train
72399,train
92873,train
25931,train
3888,train
67808,train
99901,train
35489,train
88633,train
80541,train
53587,train
95296,train
61864,train
59769,train
25057,train
20293,train
46095,train
51524,train
97342,train
86258,train
37152,train
41458,train
83602,train
19442,train
10603,train
80427,train
54435,train
62112,train
62835,train
77510,train
83194,train
55252,train
94319,train
39388,train
11880,train
32913,train
57671,train
60038,train
80896,train
4999,train
44274,train
72814,train
34578,train
41919,train
27306,train
26963,train
21458,train
74234,train
37208,train
67455,train
81001,train
57509,train
91474,train
51604,train
38934,train
71705,train
52535,train
21104,train
31983,train
54777,train
21624,train
18506,train
26271,train
12483,train
65913,train
51594,train
19841,train
4303,train
81798,train
30119,train
58092,train
37282,train
74723,train
49197,train
30424,train
23761,train
10139,train
54191,train
86458,train
32672,train
29719,train
48957,train
62308,train
35931,train
380,train
20559,train
71409,train
9120,train
65722,train
53516,train
36220,train
37286,train
83295,train
77359,train
96585,train
11335,train
6690,train
10937,train
80023,train
45307,train
97141,train
21742,train
62922,train
60403,train
34988,train
25192,train
90639,train
14310,train
87429,train
89907,train
1452,train
53425,train
63550,train
57087,train
86906,train
28859,train
47919,train
77902,train
24247,train
3695,train
245,train
97751,train
19971,train
84502,train
56983,train
38462,train
16361,train
29841,train
99237,train
75792,train
15781,train
41493,train
51085,train
73100,train
83462,train
21565,train
98063,train
5761,train
88099,train
35142,train
95220,train
80078,train
66149,train
24693,train
41930,train
52489,train
25711,train
7410,train
33876,train
47878,train
63200,train
10927,train
57913,train
61618,train
94475,train
75001,train
72757,train
13390,train
67827,train
14109,train
68963,train
53148,train
82712,train
6137,train
50942,train
94109,train
13933,train
20895,train
81063,train
81619,train
74393,train
4300,train
31542,train
78929,train
28796,train
37025,train
43898,train
79481,train
56792,train
27842,train
37197,train
79976,train
37740,train
40276,train
63071,train
99537,train
73755,train
16714,train
2884,train
44483,train
74874,train
29109,train
92797,train
7570,train
83885,train
45321,train
49903,train
35300,train
38533,train
63178,train
44535,train
96423,train
81078,train
10919,train
57102,train
34739,train
51980,train
81313,train
88238,train
50884,train
20230,train
8197,train
32420,train
20226,train
99501,train
67626,train
34078,train
91447,train
87205,train
81548,train
34473,train
64230,train
18702,train
84774,train
70677,train
11464,train
61599,train
19935,train
15709,train
23616,train
91876,train
75886,train
91939,train
46673,train
37489,train
3336,train
6176,train
92731,train
63278,train
11018,train
76340,train
97923,train
32474,train
69914,train
17811,train
23004,train
85012,train
8798,train
26026,train
94222,train
10106,train
73820,train
66894,train
75558,train
10478,train
47722,train
7665,train
98622,train
13126,train
83079,train
32906,train
6610,train
10442,train
93495,train
12219,train
60555,train
67393,train
65432,train
11481,train
35551,train
38886,train
26138,train
99529,train
68853,train
30670,train
3344,train
75413,train
86153,train
7643,train
76077,train
99852,train
20060,train
92539,train
4463,train
30502,train
73294,train
91030,train
77739,train
24012,train
27369,train
41277,train
30051,train
86126,train
49376,train
29675,train
58869,train
13768,train
35818,train
94515,train
15572,train
71678,train
18433,train
81171,train
66314,train
63501,train
7966,train
2017,train
63298,train
85446,train
52105,train
44431,train
41610,train
37561,train
56519,train
20064,train
16322,train
74030,train
60907,train
29185,train
77252,train
23419,train
50820,train
17577,train
54133,train
47307,train
31869,train
4061,train
8933,train
46934,train
16854,train
2570,train
15013,train
6772,train
78335,train
62532,train
12454,train
30057,train
54321,train
22870,train
40665,train
66501,train
94344,train
33211,train
60606,train
50760,train
95822,train
61678,train
89813,train
76669,train
64543,train
73367,train
85888,train
21468,train
50373,train
35081,train
43221,train
12645,train
62118,train
82741,train
70001,train
95191,train
25454,train
18144,train
5452,train
25291,train
97229,train
41280,train
65314,train
78783,train
58390,train
58135,train
71034,train
56653,train
63582,train
1730,train
69774,train
7206,train
4249,train
69899,train
68697,train
53760,train
9742,train
48176,train
91658,train
51776,train
59087,train
78636,train
9477,train
96990,train
95477,train
9983,train
70669,train
93678,train
47496,train
66624,train
85181,train
85700,train
96576,train
39691,train
55613,train
21441,train
51188,train
18926,train
64336,train
65347,train
67155,train
94630,train
37827,train
32506,train
81782,train
53895,train
48817,train
50242,train
68855,train
54924,train
84987,train
80531,train
75787,train
69628,train
97152,train
53528,train
99345,train
71890,train
9443,train
44736,train
41884,train
24208,train
41913,train
41732,train
18669,train
27395,train
20279,train
4312,train
71334,train
86603,train
16273,train
67181,train
38812,train
77196,train
10229,train
21726,train
41889,train
63989,train
75669,train
2900,train
4159,train
90743,train
78470,train
38456,train
24392,train
64562,train
64727,train
65054,train
39350,train
60862,train
18032,train
3779,train
92549,train
44852,train
12259,train
79528,train
50036,train
42170,train
89702,train
956,train
86093,train
2739,train
42974,train
19475,train
14294,train
87073,train
56709,train
60550,train
69627,train
96099,train
33482,train
82488,train
62950,train
57732,train
41757,train
16983,train
11153,train
36818,train
4485,train
27668,train
48786,train
71502,train
79129,train
82299,train
78881,train
5154,train
94363,train
24913,train
19848,train
29168,train
88733,train
41358,train
25742,train
89596,train
41463,train
95488,train
97305,train
92800,train
23770,train
18101,train
3700,train
38303,train
72036,train
76418,train
91347,train
42346,train
16768,train
84503,train
37333,train
24332,train
49302,train
68601,train
26740,train
51496,train
30370,train
47549,train
36351,train
82821,train
34426,train
415,train
71859,train
29001,train
23725,train
76829,train
57700,train
77067,train
59394,train
86471,train
20999,train
58073,train
79958,train
30384,train
67001,train
3778,train
80055,train
36043,train
64836,train
44648,train
4565,train
16377,train
35267,train
59207,train
89069,train
61115,train
25980,train
25636,train
11371,train
15670,train
96307,train
63834,train
50691,train
5278,train
58176,train
47042,train
58534,train
98238,train
48153,train
25403,train
49979,train
2474,train
7376,train
16996,train
79188,train
88230,train
52331,train
63231,train
65216,train
28742,train
40052,train
42356,train
65757,train
68479,train
34668,train
48928,train
95133,train
81606,train
45603,train
52094,train
54228,train
69506,train
62785,train
54162,train
12864,train
45770,train
96178,train
58843,train
41450,train
70190,train
51368,train
92997,train
96309,train
31063,train
37267,train
39065,train
44907,train
13651,train
28583,train
22019,train
68077,train
26709,train
39778,train
35906,train
42817,train
65984,train
25337,train
24681,train
63302,train
63392,train
76592,train
97256,train
60187,train
83428,train
61424,train
99595,train
26603,train
65006,train
94903,train
57517,train
59694,train
35970,train
66383,train
47898,train
67035,train
7855,train
36359,train
15268,train
48714,train
43458,train
73756,train
8192,train
35173,train
86324,train
42180,train
73983,train
10542,train
17919,train
55918,train
19900,train
63168,train
24550,train
93387,train
70373,train
89344,train
56367,train
21012,train
95872,train
43878,train
68458,train
63400,train
35760,train
70355,train
53621,train
87062,train
61360,train
29961,train
29633,train
98084,train
92639,train
73363,train
10899,train
65809,train
93808,train
53497,train
19780,train
36960,train
6533,train
40945,train
19481,train
42254,train
25605,train
79042,train
22670,train
75768,train
59296,train
71495,train
71234,train
38933,train
31883,train
36032,train
95811,train
9599,train
71984,train
48664,train
16504,train
29663,train
63559,train
91473,train
69642,train
93085,train
55040,train
9858,train
23748,train
35019,train
60318,train
81543,train
63564,train
4954,train
75281,train
69765,train
96184,train
71927,train
86690,train
82607,train
64298,train
13462,train
93716,train
77838,train
72816,train
14354,train
8379,train
13548,train
31335,train
44601,train
67951,train
24224,train
57206,train
43684,train
1104,train
82011,train
65502,train
54943,train
75485,train
68660,train
10086,train
78003,train
4121,train
76876,train
88742,train
93656,train
4100,train
5536,train
91818,train
25369,train
8189,train
10204,train
4102,train
89674,train
277,train
83230,train
74757,train
7246,train
248,train
71517,train
73574,train
25673,train
38911,train
59762,train
15960,train
66016,train
94691,train
28209,train
95931,train
98207,train
7853,train
31384,train
73204,train
64689,train
56486,train
38731,train
85488,train
62026,train
14324,train
92533,train
2634,train
27220,train
44196,train
1514,train
84781,train
40790,train
78548,train
9741,train
66982,train
89571,train
31658,train
47074,train
74468,train
61903,train
95700,train
38995,train
41817,train
84556,train
79861,train
38966,train
53661,train
36677,train
13053,train
74551,train
69223,train
37720,train
19034,train
63573,train
98057,train
59866,train
61628,train
83993,train
99355,train
19298,train
72296,train
38599,train
9018,train
87973,train
80240,train
90187,train
29512,train
50354,train
14787,train
1783,train
77488,train
86562,train
99730,train
86714,train
47863,train
93380,train
59754,train
93172,train
36605,train
70432,train
21823,train
70975,train
77748,train
16429,train
97921,train
10020,train
38352,train
35733,train
48997,train
24371,train
2845,train
14577,train
98844,train
58965,train
62754,train
83260,train
164,train
51576,train
89885,train
23919,train
94070,train
2436,train
50409,train
74433,train
907,train
44848,train
47968,train
73024,train
35274,train
62357,train
18396,train
44238,train
2314,train
84786,train
18296,train
3314,train
72028,train
20217,train
28489,train
72188,train
37422,train
11157,train
33585,train
51263,train
79538,train
37517,train
21762,train
91862,train
71631,train
83746,train
70518,train
40398,train
37903,train
43361,train
63938,train
98868,train
78016,train
29513,train
52493,train
8847,train
8819,train
98019,train
26710,train
34947,train
26389,train
69114,train
20505,train
538,train
12669,train
17301,train
96025,train
3016,train
90710,train
88669,train
9373,train
98931,train
59600,train
79032,train
62855,train
52453,train
11430,train
49917,train
75699,train
16104,train
41612,train
5973,train
43920,train
98743,train
77455,train
41484,train
62070,train
81277,train
75448,train
14900,train
30331,train
19965,train
41868,train
71267,train
39522,train
25140,train
36944,train
99553,train
79102,train
19130,train
4814,train
2230,train
77888,train
80202,train
54576,train
13086,train
79980,train
71587,train
85229,train
94645,train
76538,train
99714,train
48133,train
38674,train
23925,train
74903,train
97489,train
33633,train
87933,train
11558,train
27874,train
68849,train
87375,train
69880,train
61290,train
76624,train
44281,train
64449,train
92353,train
60706,train
70877,train
68590,train
93521,train
84476,train
71083,train
56647,train
66110,train
77486,train
79857,train
23036,train
46636,train
78536,train
59693,train
23006,train
44447,train
96909,train
47591,train
94980,train
88076,train
2825,train
76264,train
31865,train
12982,train
57342,train
20493,train
67287,train
95397,train
64186,train
27466,train
58269,train
99074,train
74366,train
1126,train
48146,train
63383,train
58634,train
61866,train
96680,train
2742,train
41666,train
82114,train
54194,train
3514,train
98714,train
44430,train
13089,train
13748,train
65096,train
46033,train
66114,train
19895,train
70961,train
59195,train
19264,train
51531,train
28165,train
18377,train
17064,train
97209,train
80654,train
80521,train
48746,train
3029,train
9264,train
20221,train
7082,train
92180,train
22852,train
31353,train
26030,train
96872,train
66204,train
13418,train
23258,train
97637,train
31708,train
36354,train
30587,train
56825,train
99819,train
95784,train
63136,train
8588,train
88497,train
64148,train
99152,train
5081,train
52381,train
68319,train
14001,train
93852,train
74930,train
85205,train
4511,train
42399,train
83102,train
40837,train
46737,train
48610,train
66595,train
40623,train
60006,train
94986,train
35367,train
39667,train
61261,train
89800,train
10353,train
9232,train
43874,train
60571,train
98037,train
70378,train
24728,train
85455,train
18601,train
57456,train
11391,train
55709,train
45081,train
64824,train
99374,train
31664,train
56314,train
93715,train
13402,train
75514,train
61433,train
87431,train
46980,train
58819,train
33347,train
61154,train
71460,train
99602,train
64949,train
17532,train
78310,train
21643,train
28682,train
25972,train
66328,train
21658,train
7463,train
18716,train
74786,train
51796,train
70656,train
28557,train
65910,train
13204,train
39893,train
76873,train
75209,train
82015,train
82564,train
41514,train
91085,train
57567,train
63992,train
92372,train
44096,train
69609,train
99318,train
51958,train
74929,train
37947,train
78945,train
92911,train
94701,train
1973,train
64583,train
50803,train
94729,train
16751,train
84844,train
95200,train
98577,train
17035,train
18956,train
27995,train
26878,train
50120,train
75101,train
66441,train
56556,train
5955,train
39711,train
51133,train
73031,train
12995,train
5015,train
70245,train
65601,train
40527,train
24628,train
7737,train
35039,train
33643,train
13501,train
7489,train
45506,train
81069,train
92102,train
8762,train
3902,train
27540,train
54346,train
7084,train
89340,train
44856,train
3138,train
1407,train
33581,train
56404,train
93898,train
11317,train
42982,train
92403,train
34801,train
38309,train
50215,train
43942,train
77806,train
23930,train
36974,train
42527,train
52573,train
24064,train
35388,train
93951,train
58063,train
70509,train
8516,train
30297,train
48829,train
97105,train
870,train
76210,train
6221,train
11065,train
68373,train
26387,train
65120,train
24890,train
49788,train
83846,train
46468,train
76386,train
98655,train
77937,train
82987,train
47585,train
56982,train
42632,train
1557,train
79443,train
23272,train
96162,train
49969,train
88842,train
43471,train
46534,train
56250,train
48165,train
76689,train
65899,train
63043,train
45252,train
90729,train
43459,train
7249,train
29460,train
58930,train
53350,train
99018,train
65165,train
4282,train
58762,train
37842,train
2206,train
52353,train
6569,train
55429,train
93619,train
96901,train
62706,train
91584,train
40974,train
87387,train
48584,train
60209,train
65353,train
55496,train
34051,train
6411,train
64505,train
88777,train
14651,train
28476,train
23238,train
36814,train
11456,train
36381,train
6678,train
83315,train
70281,train
32294,train
97166,train
6032,train
55001,train
30845,train
26532,train
2860,train
81865,train
2650,train
29972,train
51621,train
65610,train
33951,train
8684,train
96727,train
89367,train
46279,train
25875,train
74089,train
66814,train
74461,train
7002,train
58216,train
70490,train
71904,train
94854,train
58279,train
7229,train
2561,train
32528,train
18841,train
73618,train
48854,train
45601,train
51690,train
56190,train
97174,train
76107,train
3145,train
13475,train
68239,train
79047,train
33,train
85330,train
91481,train
74868,train
50532,train
63570,train
55544,train
90463,train
75697,train
65457,train
79557,train
82423,train
93465,train
53922,train
46556,train
27681,train
972,train
68725,train
42369,train
63683,train
44446,train
2703,train
30011,train
55672,train
74603,train
87957,train
19328,train
19162,train
37435,train
1863,train
81252,train
64779,train
65633,train
13576,train
81969,train
34482,train
49106,train
1236,train
9316,train
50953,train
4882,train
7771,train
10609,train
23905,train
6865,train
80406,train
80375,train
22481,train
61151,train
15893,train
5459,train
41040,train
39810,train
20106,train
68284,train
71866,train
75909,train
12245,train
85644,train
75436,train
68734,train
58084,train
49362,train
70795,train
67611,train
39687,train
13537,train
1411,train
83985,train
4629,train
23794,train
40,train
77601,train
54961,train
87663,train
84446,train
42637,train
23695,train
84516,train
62135,train
81438,train
6524,train
18526,train
57988,train
3246,train
25792,train
19923,train
99403,train
80921,train
26746,train
57256,train
72124,train
52720,train
41592,train
47647,train
95070,train
14020,train
14656,train
7185,train
8527,train
70941,train
68072,train
34901,train
71005,train
45361,train
95258,train
98649,train
90778,train
25327,train
85300,train
3524,train
52794,train
27043,train
90877,train
51930,train
80090,train
44073,train
51716,train
2808,train
56168,train
9367,train
76776,train
27133,train
32547,train
47571,train
53813,train
99337,train
44819,train
11143,train
79367,train
65249,train
9456,train
33708,train
77542,train
6201,train
38472,train
75764,train
98125,train
64207,train
7311,train
49948,train
10486,train
28348,train
43467,train
4062,train
78148,train
29267,train
13372,train
47582,train
1178,train
70483,train
74486,train
56729,train
35189,train
58834,train
65169,train
96590,train
5991,train
23041,train
76139,train
3978,train
25550,train
17208,train
73535,train
24449,train
7512,train
20045,train
98162,train
56298,train
58982,train
26346,train
93359,train
1213,train
93841,train
67335,train
27758,train
48759,train
59579,train
96321,train
17199,train
85574,train
83292,train
36212,train
10533,train
50993,train
82895,train
79403,train
88423,train
61392,train
75186,train
16880,train
44969,train
46251,train
39420,train
44714,train
33019,train
53553,train
17949,train
49878,train
63294,train
31167,train
27065,train
44019,train
25214,train
17669,train
71840,train
81227,train
90516,train
21879,train
82328,train
90416,train
31636,train
49216,train
91361,train
22939,train
83418,train
59274,train
43143,train
15927,train
48233,train
94117,train
69763,train
61395,train
88461,train
20150,train
74862,train
31521,train
78967,train
6663,train
48359,train
13227,train
37314,train
38702,train
67205,train
40492,train
21133,train
83945,train
66510,train
64972,train
48486,train
34382,train
32892,train
82078,train
91745,train
81062,train
1075,train
76429,train
6679,train
27037,train
41021,train
63262,train
38532,train
19833,train
56581,train
79751,train
22306,train
4289,train
99597,train
15692,train
74686,train
75100,train
80976,train
39357,train
60163,train
63195,train
33497,train
92616,train
75777,train
83084,train
24555,train
17808,train
52978,train
6264,train
63191,train
53189,train
57039,train
1399,train
53664,train
3078,train
46597,train
50131,train
65183,train
17980,train
36650,train
61196,train
34161,train
27917,train
16877,train
41198,train
81893,train
93270,train
53739,train
82731,train
69008,train
33739,train
61629,train
38201,train
92284,train
28985,train
58445,train
34301,train
63350,train
22466,train
57518,train
71122,train
50938,train
48161,train
98960,train
12536,train
68945,train
90814,train
94110,train
87650,train
48002,train
45541,train
92774,train
14048,train
2497,train
27484,train
58450,train
48750,train
81764,train
96324,train
31934,train
33307,train
6304,train
61764,train
28586,train
81253,train
73063,train
76849,train
9547,train
63024,train
59871,train
2032,train
20250,train
37136,train
59144,train
57248,train
61024,train
77186,train
85575,train
57439,train
63076,train
84571,train
91163,train
11666,train
48427,train
78325,train
8814,train
45098,train
35797,train
85543,train
43567,train
45119,train
66598,train
27911,train
64765,train
7557,train
100,train
76351,train
95446,train
41259,train
99872,train
14984,train
142,train
17426,train
84212,train
41632,train
38271,train
18994,train
306,train
54982,train
29180,train
84269,train
58447,train
18752,train
19876,train
47564,train
44812,train
57800,train
45972,train
62783,train
62592,train
93665,train
4590,train
78372,train
42781,train
96797,train
30535,train
64461,train
5486,train
52778,train
72216,train
82522,train
38750,train
86678,train
71169,train
60278,train
67304,train
88084,train
30571,train
93061,train
88145,train
24379,train
32585,train
7811,train
90883,train
33087,train
90669,train
13100,train
94435,train
17237,train
52867,train
72173,train
8367,train
49125,train
82383,train
40694,train
56783,train
61846,train
99536,train
14959,train
51868,train
67183,train
84314,train
59240,train
26076,train
38448,train
26865,train
44364,train
79019,train
36510,train
74587,train
83051,train
96844,train
15060,train
83210,train
8931,train
19750,train
83882,train
16502,train
80387,train
69859,train
67577,train
95147,train
11729,train
63462,train
81759,train
89935,train
49599,train
81815,train
24263,train
59418,train
51832,train
97574,train
61078,train
18371,train
92809,train
5210,train
36911,train
14587,train
1634,train
63510,train
17050,train
76737,train
35520,train
64162,train
67853,train
29810,train
16081,train
13248,train
11648,train
12972,train
80174,train
84983,train
58757,train
19539,train
28830,train
85469,train
34966,train
54331,train
73884,train
73472,train
83552,train
77606,train
14450,train
60465,train
58118,train
17844,train
76397,train
94407,train
6675,train
50423,train
72084,train
74778,train
73818,train
49787,train
93969,train
47306,train
61232,train
42653,train
51265,train
64914,train
22069,train
75609,train
8024,train
82448,train
56612,train
95552,train
48545,train
90901,train
38520,train
86337,train
19469,train
59190,train
86646,train
6624,train
86301,train
97755,train
44676,train
62227,train
11211,train
21436,train
85167,train
62173,train
96674,train
34449,train
94249,train
27508,train
52071,train
66397,train
62820,train
99783,train
94872,train
23298,train
82944,train
938,train
1710,train
79973,train
98791,train
31010,train
96616,train
79174,train
7212,train
59275,train
46138,train
25510,train
76914,train
58424,train
39551,train
71885,train
73202,train
77547,train
25212,train
39992,train
98762,train
16615,train
50209,train
17660,train
57908,train
61318,train
88911,train
57292,train
49940,train
69060,train
29634,train
57304,train
68639,train
20553,train
12791,train
84828,train
12726,train
49242,train
84037,train
63451,train
69212,train
2882,train
76106,train
27769,train
34053,train
63386,train
93685,train
73909,train
81952,train
80173,train
43800,train
66227,train
87781,train
92168,train
943,train
95637,train
45874,train
91299,train
40056,train
83975,train
76600,train
90514,train
72255,train
35102,train
73513,train
15182,train
93641,train
13573,train
39995,train
50167,train
96577,train
29083,train
16680,train
23866,train
98516,train
32300,train
36502,train
71224,train
25798,train
12731,train
4037,train
40420,train
99150,train
94037,train
89286,train
55149,train
51648,train
24789,train
52724,train
23842,train
49621,train
62427,train
74594,train
71992,train
60853,train
15058,train
60802,train
75616,train
33860,train
74368,train
65666,train
53136,train
51647,train
5399,train
94365,train
31322,train
72941,train
59331,train
39383,train
14640,train
59271,train
89634,train
39795,train
14170,train
64595,train
50222,train
37122,train
33408,train
93375,train
53387,train
1485,train
17407,train
21590,train
79830,train
69227,train
89746,train
44732,train
76468,train
63154,train
22565,train
949,train
90585,train
43788,train
3041,train
16770,train
62769,train
17721,train
37692,train
11195,train
55792,train
54690,train
31235,train
28428,train
20310,train
60222,train
88758,train
37339,train
13993,train
27279,train
14466,train
9907,train
12725,train
91770,train
45041,train
27141,train
62719,train
11051,train
91627,train
84003,train
16449,train
3552,train
27640,train
84763,train
75221,train
21399,train
95758,train
46751,train
27390,train
63544,train
17183,train
99364,train
66143,train
94963,train
70674,train
81165,train
28855,train
44373,train
22335,train
9955,train
35977,train
5372,train
52731,train
81105,train
21315,train
93753,train
19506,train
21116,train
80617,train
85985,train
20665,train
93056,train
51747,train
53936,train
74557,train
4044,train
43308,train
81841,train
23820,train
24227,train
3879,train
70255,train
36987,train
74061,train
54912,train
94293,train
66895,train
38951,train
77045,train
95702,train
49763,train
51239,train
81239,train
29122,train
12889,train
14956,train
9598,train
19397,train
73900,train
71930,train
91169,train
62877,train
79002,train
64635,train
18134,train
18911,train
22512,train
93692,train
48635,train
57328,train
52374,train
10153,train
34756,train
76993,train
93049,train
93546,train
59963,train
22151,train
84702,train
47975,train
61460,train
67382,train
4787,train
15948,train
23252,train
73590,train
79588,train
40554,train
84329,train
27023,train
335,train
50913,train
21704,train
40975,train
71757,train
18542,train
60731,train
25845,train
74622,train
43709,train
81895,train
66402,train
33822,train
21413,train
28097,train
74316,train
12441,train
55341,train
42627,train
96435,train
53002,train
73666,train
44321,train
98556,train
19892,train
13406,train
78195,train
80683,train
14998,train
64124,train
89838,train
81351,train
88705,train
51946,train
2840,train
24531,train
57854,train
70496,train
90474,train
94871,train
82320,train
6483,train
11320,train
44698,train
18744,train
46581,train
79593,train
48044,train
51689,train
67184,train
89570,train
40318,train
66787,train
46563,train
9720,train
73297,train
73154,train
61304,train
14723,train
93054,train
18810,train
25207,train
71318,train
42415,train
80107,train
20267,train
48408,train
52961,train
41874,train
46257,train
13052,train
56453,train
69414,train
53374,train
80015,train
27033,train
57973,train
52885,train
17533,train
5624,train
70831,train
91722,train
37281,train
1836,train
70665,train
21798,train
81580,train
78342,train
52372,train
35062,train
65476,train
76044,train
31251,train
10045,train
8645,train
99081,train
97070,train
39996,train
45208,train
82180,train
22781,train
4418,train
95896,train
77984,train
51111,train
20480,train
72522,train
31730,train
28686,train
34253,train
81379,train
36006,train
57980,train
23484,train
94414,train
29064,train
4580,train
70461,train
26461,train
58487,train
89453,train
46694,train
95539,train
1434,train
31461,train
29959,train
70546,train
91303,train
67532,train
86374,train
8122,train
86454,train
45076,train
59574,train
45910,train
58083,train
52605,train
66109,train
43046,train
63007,train
27347,train
17096,train
61888,train
30598,train
96995,train
31652,train
16809,train
48540,train
93978,train
69719,train
27505,train
76748,train
70150,train
92417,train
66936,train
6430,train
5001,train
82798,train
1966,train
52551,train
25073,train
17715,train
87024,train
44186,train
32925,train
78925,train
34820,train
68752,train
41653,train
8427,train
34935,train
60291,train
11677,train
10026,train
2540,train
30696,train
70184,train
23019,train
86098,train
36946,train
4139,train
75937,train
4392,train
84832,train
89182,train
91123,train
96436,train
35253,train
57056,train
91668,train
52425,train
23159,train
23380,train
93331,train
1578,train
16669,train
46109,train
84752,train
90221,train
23147,train
817,train
76170,train
16027,train
29963,train
27929,train
68674,train
59606,train
44137,train
65524,train
22423,train
89412,train
18661,train
14863,train
93555,train
41598,train
84075,train
78586,train
8026,train
47734,train
52015,train
55388,train
52313,train
90375,train
33875,train
89266,train
83049,train
64514,train
40431,train
40899,train
87778,train
31902,train
81387,train
6667,train
76086,train
50039,train
48035,train
88146,train
70174,train
13988,train
45993,train
36046,train
28564,train
57134,train
82855,train
87941,train
83860,train
75278,train
35803,train
77713,train
65546,train
88417,train
57543,train
59586,train
49322,train
64990,train
85019,train
3742,train
11040,train
54607,train
18760,train
82748,train
4211,train
47069,train
32791,train
33853,train
25894,train
5328,train
43309,train
98903,train
90501,train
6329,train
14290,train
12466,train
16918,train
25016,train
53267,train
10095,train
24959,train
72048,train
22337,train
5396,train
84278,train
87850,train
1255,train
26937,train
47598,train
86124,train
61270,train
69167,train
71545,train
70369,train
53750,train
56878,train
82208,train
31891,train
30628,train
38155,train
86577,train
51598,train
34994,train
40338,train
82850,train
42858,train
78510,train
7542,train
34070,train
90412,train
47777,train
92915,train
51018,train
88762,train
31212,train
63649,train
90023,train
25769,train
24349,train
4259,train
32608,train
24340,train
59731,train
90880,train
18105,train
39222,train
2457,train
90272,train
32678,train
67323,train
13120,train
28751,train
6302,train
30900,train
90032,train
75360,train
17513,train
87349,train
38554,train
25598,train
70226,train
66593,train
60011,train
57021,train
80421,train
65715,train
58398,train
18314,train
90655,train
11397,train
16999,train
42297,train
25338,train
27907,train
97462,train
93325,train
19991,train
48319,train
7885,train
81414,train
85034,train
28467,train
8759,train
72981,train
48742,train
63920,train
93917,train
38784,train
37047,train
27763,train
40330,train
16860,train
83966,train
38930,train
51372,train
61120,train
11432,train
31615,train
76822,train
61557,train
39435,train
65852,train
73796,train
36346,train
52868,train
72715,train
30891,train
50727,train
96929,train
89970,train
77115,train
8463,train
33055,train
36874,train
30709,train
1295,train
27411,train
98895,train
89158,train
69935,train
65375,train
7700,train
12555,train
22038,train
59164,train
77722,train
69900,train
20891,train
64734,train
26292,train
51377,train
68714,train
36429,train
80431,train
9117,train
26073,train
11876,train
44403,train
57785,train
37114,train
26282,train
85612,train
99521,train
48978,train
90307,train
2564,train
68453,train
14877,train
6045,train
99798,train
14316,train
25928,train
85016,train
11633,train
20340,train
37992,train
25118,train
85161,train
43008,train
69257,train
42613,train
65181,train
81303,train
53063,train
47256,train
11625,train
59946,train
70019,train
50846,train
19728,train
44324,train
17535,train
86065,train
47371,train
82653,train
78748,train
60332,train
67538,train
73719,train
26540,train
52111,train
8640,train
97235,train
30025,train
59011,train
36379,train
92714,train
29896,train
80270,train
371,train
11981,train
13625,train
89083,train
91863,train
77789,train
70402,train
16886,train
13612,train
87643,train
7739,train
63157,train
47583,train
11779,train
59067,train
44977,train
38872,train
84596,train
28389,train
9786,train
89920,train
29850,train
23523,train
51925,train
13874,train
36898,train
12950,train
52082,train
55626,train
37797,train
60196,train
52526,train
15266,train
80405,train
75690,train
2092,train
92195,train
24823,train
70076,train
67104,train
74285,train
27080,train
45129,train
20034,train
34942,train
67731,train
93036,train
40642,train
92125,train
90765,train
47656,train
72476,train
96828,train
44056,train
64901,train
24745,train
35354,train
53840,train
13071,train
37207,train
82734,train
11096,train
66729,train
60535,train
4088,train
20118,train
60215,train
56625,train
50840,train
96267,train
20757,train
49757,train
55471,train
26028,train
26414,train
40277,train
35666,train
96965,train
9833,train
1691,train
70515,train
64061,train
97892,train
75917,train
91986,train
18295,train
27460,train
95601,train
17601,train
78790,train
27620,train
10608,train
91185,train
67279,train
73506,train
92325,train
49148,train
17163,train
60878,train
78428,train
33856,train
56635,train
1442,train
88812,train
3725,train
64556,train
62050,train
67786,train
56154,train
46158,train
68395,train
48130,train
11886,train
83434,train
44822,train
91186,train
18501,train
31551,train
26410,train
47507,train
46057,train
70807,train
74515,train
52146,train
71891,train
34021,train
10372,train
29778,train
61690,train
62978,train
20305,train
64126,train
44318,train
45698,train
95018,train
25090,train
30523,train
22739,train
70977,train
14418,train
29726,train
59228,train
65698,train
55179,train
80258,train
89280,train
18980,train
57788,train
11664,train
11921,train
96460,train
2069,train
68880,train
34427,train
1711,train
70320,train
11685,train
80739,train
18944,train
7528,train
47096,train
5937,train
8486,train
25443,train
67645,train
53102,train
44718,train
25309,train
69727,train
90020,train
3188,train
82701,train
87898,train
35838,train
37451,train
86079,train
88095,train
53628,train
53359,train
45728,train
50842,train
7529,train
9380,train
54783,train
72677,train
13877,train
46444,train
85240,train
20464,train
90329,train
80607,train
26335,train
84551,train
9479,train
74988,train
35575,train
12028,train
42456,train
13084,train
8245,train
47422,train
92870,train
99503,train
53932,train
34459,train
24079,train
61677,train
83227,train
32268,train
69781,train
45627,train
27608,train
10116,train
86440,train
1770,train
37587,train
18630,train
8827,train
25675,train
67586,train
75973,train
39084,train
7888,train
95039,train
45814,train
95208,train
68711,train
99384,train
41799,train
19637,train
6228,train
66614,train
7391,train
85052,train
65236,train
82472,train
13966,train
77814,train
58038,train
4553,train
4051,train
11786,train
33965,train
17365,train
88174,train
51179,train
71097,train
94197,train
72731,train
75599,train
79244,train
32589,train
61732,train
17616,train
46371,train
37381,train
70581,train
35941,train
44930,train
30147,train
46504,train
49265,train
3871,train
10514,train
7658,train
64620,train
14758,train
68446,train
26967,train
73234,train
19818,train
58337,train
49846,train
62675,train
96394,train
83397,train
83590,train
522,train
59163,train
1494,train
32857,train
80722,train
62126,train
6345,train
63628,train
5691,train
50152,train
24360,train
38488,train
94907,train
60381,train
29724,train
22930,train
98273,train
99430,train
21308,train
93194,train
91366,train
51664,train
34818,train
77792,train
89714,train
17735,train
45619,train
82980,train
18319,train
45939,train
76994,train
57747,train
72333,train
37605,train
21846,train
20327,train
24425,train
2458,train
95327,train
86052,train
95520,train
17218,train
81535,train
21015,train
49419,train
91738,train
99105,train
95537,train
90452,train
21283,train
83342,train
17171,train
75140,train
59169,train
22250,train
65555,train
17584,train
22588,train
47527,train
74257,train
33059,train
27131,train
72519,train
35035,train
33560,train
51936,train
37268,train
82549,train
57335,train
70116,train
83413,train
19063,train
81138,train
80151,train
15799,train
34144,train
85895,train
33181,train
37194,train
76668,train
40520,train
66879,train
34958,train
23407,train
16399,train
58074,train
67527,train
77970,train
59,train
73532,train
52314,train
47801,train
12443,train
10868,train
49043,train
85199,train
40580,train
761,train
45640,train
19596,train
73361,train
25139,train
54441,train
7781,train
52673,train
5111,train
68216,train
4178,train
97863,train
76059,train
54792,train
80143,train
83490,train
92674,train
86175,train
42088,train
95806,train
34076,train
22901,train
16767,train
20774,train
8601,train
66830,train
80919,train
9030,train
23300,train
28547,train
50176,train
5734,train
59751,train
72674,train
64267,train
63149,train
39057,train
72428,train
51253,train
53866,train
30926,train
52321,train
24365,train
1705,train
2091,train
75246,train
87848,train
74948,train
52565,train
49097,train
58399,train
71921,train
24237,train
12571,train
30389,train
2224,train
51912,train
74955,train
26552,train
91513,train
70905,train
21907,train
25745,train
58021,train
48241,train
29329,train
71886,train
20210,train
63016,train
60652,train
95919,train
61086,train
82594,train
71933,train
39106,train
84200,train
33635,train
23353,train
58582,train
63726,train
5151,train
80402,train
28497,train
36853,train
15475,train
43795,train
80194,train
41292,train
46161,train
79739,train
77884,train
42136,train
76020,train
17065,train
85893,train
58392,train
97132,train
50520,train
75975,train
8153,train
47020,train
76451,train
74321,train
29772,train
8557,train
59425,train
56859,train
6392,train
33756,train
55644,train
68276,train
48345,train
73127,train
71889,train
16742,train
89459,train
33543,train
36709,train
74319,train
1045,train
59243,train
39965,train
84854,train
59889,train
35469,train
36769,train
42483,train
81196,train
18552,train
14072,train
48512,train
45274,train
22217,train
5601,train
19139,train
27284,train
27914,train
6314,train
41671,train
52411,train
93538,train
51131,train
20897,train
96837,train
41186,train
6558,train
69085,train
36490,train
45192,train
91629,train
95222,train
2144,train
53424,train
95917,train
87266,train
56260,train
1035,train
87495,train
13122,train
10434,train
99971,train
33457,train
43665,train
15713,train
78250,train
2339,train
49146,train
72540,train
21906,train
86042,train
87605,train
81980,train
41242,train
5512,train
31460,train
79895,train
89726,train
44941,train
16020,train
77053,train
24658,train
32371,train
98016,train
67798,train
13504,train
81022,train
45115,train
89554,train
88361,train
17112,train
52754,train
9089,train
49581,train
17647,train
52888,train
35930,train
27922,train
13259,train
78825,train
74521,train
32285,train
79759,train
18062,train
38014,train
9076,train
88166,train
50381,train
95024,train
76179,train
67089,train
81377,train
53885,train
29350,train
9461,train
37759,train
53236,train
25882,train
89593,train
34407,train
15563,train
60143,train
12173,train
84193,train
97261,train
91242,train
55121,train
50830,train
60247,train
275,train
32184,train
9868,train
3196,train
23698,train
24230,train
73175,train
53415,train
99488,train
97065,train
15585,train
14664,train
1145,train
35250,train
35154,train
26643,train
60298,train
77873,train
25221,train
89656,train
56745,train
29419,train
37409,train
20135,train
26127,train
22475,train
52057,train
76385,train
85114,train
67649,train
84048,train
30024,train
82301,train
36106,train
67783,train
37217,train
68904,train
21612,train
37132,train
82113,train
50147,train
43332,train
62411,train
93582,train
60766,train
5421,train
26010,train
17700,train
82156,train
67927,train
12419,train
62700,train
51212,train
83012,train
23552,train
57550,train
96288,train
10421,train
2120,train
26907,train
60833,train
64101,train
12202,train
71115,train
40264,train
39908,train
31517,train
18610,train
10978,train
95964,train
91036,train
60052,train
66455,train
33650,train
39327,train
66389,train
89291,train
22405,train
15368,train
41424,train
48975,train
56525,train
56801,train
31767,train
86073,train
44458,train
56841,train
43979,train
13552,train
39404,train
21950,train
57664,train
91243,train
30753,train
53721,train
54265,train
35143,train
45839,train
28121,train
14946,train
15488,train
80047,train
51649,train
47240,train
25049,train
69303,train
66932,train
61467,train
15358,train
59227,train
57725,train
87971,train
51785,train
52865,train
8532,train
2571,train
10294,train
4025,train
20689,train
12738,train
36643,train
58936,train
64895,train
55288,train
42533,train
16249,train
58202,train
1673,train
56546,train
36228,train
15581,train
11182,train
26597,train
45870,train
3693,train
41421,train
70760,train
71129,train
47347,train
32090,train
66976,train
215,train
1845,train
87582,train
55374,train
70169,train
93452,train
46474,train
82761,train
19221,train
94304,train
78833,train
2252,train
14231,train
3097,train
78765,train
38586,train
11167,train
26203,train
77469,train
27054,train
64050,train
17939,train
80429,train
3060,train
32440,train
94150,train
52445,train
22385,train
53521,train
1958,train
51775,train
61422,train
70752,train
73975,train
19242,train
84457,train
95360,train
99732,train
66599,train
77819,train
90120,train
22547,train
60896,train
80998,train
36979,train
26568,train
62990,train
96824,train
96950,train
70892,train
39152,train
49368,train
10799,train
74720,train
27554,train
12499,train
24974,train
64322,train
92308,train
24606,train
31165,train
70911,train
27828,train
93321,train
434,train
7377,train
47249,train
81054,train
95382,train
17794,train
36329,train
35089,train
54926,train
93027,train
82403,train
30109,train
42733,train
29428,train
26792,train
10396,train
49892,train
70929,train
37783,train
38738,train
13176,train
85924,train
70683,train
96425,train
37416,train
88967,train
35463,train
9850,train
12174,train
95456,train
60546,train
69666,train
44454,train
54288,train
35772,train
75451,train
78794,train
53292,train
23637,train
91509,train
60700,train
78231,train
41168,train
81136,train
51394,train
79354,train
81816,train
97844,train
32766,train
99574,train
46893,train
88662,train
32771,train
88907,train
52622,train
22179,train
51359,train
81305,train
82802,train
20494,train
21541,train
65428,train
17539,train
44245,train
88999,train
98088,train
97773,train
29499,train
17928,train
995,train
50436,train
49300,train
77446,train
47970,train
34214,train
10521,train
25103,train
16705,train
9869,train
46927,train
3479,train
84511,train
95862,train
58980,train
36627,train
35485,train
17281,train
29878,train
21555,train
15788,train
86222,train
75920,train
83668,train
19875,train
69691,train
55046,train
66048,train
65513,train
15695,train
74266,train
30735,train
17253,train
79221,train
35747,train
47152,train
14347,train
17396,train
78032,train
47799,train
23406,train
88670,train
28713,train
14764,train
29631,train
93407,train
16661,train
74744,train
97189,train
25813,train
25529,train
13562,train
13001,train
38447,train
95664,train
69050,train
98392,train
55079,train
22381,train
98981,train
40914,train
8257,train
67008,train
24758,train
5755,train
31236,train
3662,train
7313,train
30076,train
17745,train
74893,train
18710,train
88510,train
17697,train
83717,train
63545,train
63964,train
44269,train
96944,train
90973,train
74537,train
13540,train
12026,train
42287,train
99189,train
65702,train
67402,train
38729,train
29836,train
68051,train
14937,train
16339,train
56672,train
26371,train
75652,train
17932,train
77273,train
45423,train
58193,train
38975,train
38971,train
32423,train
42907,train
20534,train
96721,train
34450,train
44163,train
62964,train
73937,train
24665,train
91857,train
67021,train
92129,train
90087,train
98134,train
77520,train
33232,train
88354,train
90966,train
52087,train
39458,train
38915,train
88199,train
50501,train
70323,train
33698,train
78022,train
62506,train
51657,train
20152,train
52061,train
11015,train
96356,train
23999,train
75580,train
210,train
60193,train
7442,train
25727,train
66054,train
34778,train
17152,train
46884,train
86856,train
10001,train
26984,train
85812,train
3192,train
10056,train
98372,train
89775,train
36832,train
59349,train
8240,train
3140,train
89105,train
64349,train
85782,train
24506,train
89099,train
83264,train
94892,train
31684,train
7374,train
8672,train
73739,train
61719,train
78327,train
96230,train
49439,train
70614,train
87407,train
24660,train
26237,train
90001,train
93926,train
686,train
96715,train
22469,train
43657,train
18089,train
99801,train
59720,train
28250,train
94505,train
66815,train
21876,train
36321,train
2312,train
46710,train
37455,train
64370,train
83904,train
90756,train
41960,train
36464,train
84294,train
21516,train
71523,train
51339,train
10681,train
25320,train
64256,train
40464,train
62836,train
32842,train
55658,train
30479,train
89539,train
31293,train
37975,train
81703,train
52287,train
83479,train
4719,train
71485,train
86552,train
15147,train
57812,train
18406,train
83477,train
11991,train
31159,train
48524,train
88068,train
33078,train
50440,train
59246,train
52030,train
54610,train
66973,train
81770,train
95877,train
81076,train
38957,train
12834,train
38547,train
68028,train
77355,train
73206,train
54494,train
86632,train
72368,train
69483,train
74902,train
90952,train
43804,train
83166,train
20232,train
88960,train
88518,train
11455,train
97095,train
96191,train
21858,train
94814,train
43694,train
24809,train
4291,train
3707,train
76225,train
53180,train
80204,train
88402,train
88030,train
24308,train
77710,train
16792,train
31351,train
86589,train
32998,train
74487,train
37385,train
83890,train
92924,train
12349,train
52356,train
66257,train
8329,train
39061,train
81601,train
87151,train
41478,train
35776,train
11753,train
89098,train
75120,train
97940,train
90720,train
35880,train
39822,train
71488,train
29379,train
60420,train
22764,train
28907,train
46260,train
50317,train
3947,train
84477,train
66798,train
6816,train
5334,train
4635,train
98441,train
82654,train
54387,train
12903,train
45024,train
29383,train
6364,train
83810,train
63486,train
50908,train
70059,train
10230,train
88300,train
65334,train
75404,train
13981,train
13427,train
12417,train
74221,train
77727,train
98256,train
25604,train
73002,train
37592,train
76401,train
28339,train
89636,train
16946,train
81834,train
2047,train
3432,train
68270,train
22828,train
52148,train
28510,train
80374,train
26883,train
94891,train
66793,train
30987,train
38006,train
34860,train
38630,train
60564,train
86484,train
16816,train
7281,train
66949,train
32710,train
39296,train
8191,train
86371,train
54448,train
30290,train
47149,train
47850,train
92052,train
36216,train
41267,train
6895,train
31179,train
3626,train
25200,train
29380,train
47696,train
37504,train
7330,train
6280,train
23833,train
15514,train
99606,train
18662,train
64024,train
60595,train
13593,train
42026,train
3472,train
68753,train
69326,train
97573,train
92923,train
66472,train
11173,train
15070,train
15141,train
29853,train
3321,train
14097,train
39786,train
27566,train
56158,train
85968,train
86926,train
51836,train
41513,train
12527,train
94160,train
30525,train
94941,train
48163,train
4023,train
8136,train
75698,train
8432,train
78771,train
81781,train
90161,train
51914,train
99463,train
26079,train
10255,train
27979,train
37854,train
43199,train
32984,train
77768,train
61681,train
34550,train
92762,train
52090,train
8542,train
30791,train
43303,train
4089,train
46039,train
83379,train
96599,train
64478,train
18796,train
10761,train
84405,train
43754,train
87535,train
12967,train
45422,train
97246,train
32140,train
17557,train
98196,train
64406,train
30393,train
60507,train
94195,train
53591,train
88449,train
29587,train
58687,train
32705,train
54250,train
56960,train
25958,train
28841,train
33423,train
75530,train
96381,train
83627,train
97634,train
66570,train
54096,train
96833,train
84704,train
38098,train
1298,train
37981,train
87362,train
3077,train
41211,train
16893,train
17469,train
42382,train
73184,train
17334,train
8340,train
96078,train
39971,train
69334,train
9315,train
21796,train
96739,train
91716,train
45364,train
1339,train
24540,train
87473,train
21155,train
4052,train
79046,train
15926,train
12040,train
99100,train
4415,train
47997,train
19441,train
92631,train
38282,train
60469,train
28539,train
95422,train
66970,train
51877,train
67779,train
51910,train
94423,train
83105,train
63279,train
75332,train
46407,train
12311,train
28362,train
52507,train
77671,train
34904,train
61917,train
79852,train
52369,train
65355,train
56905,train
92048,train
83167,train
44671,train
71101,train
92649,train
11720,train
26374,train
63539,train
11949,train
37718,train
76023,train
12758,train
50937,train
63621,train
12986,train
76476,train
44208,train
79147,train
15711,train
9861,train
4836,train
55267,train
41735,train
47524,train
17086,train
66479,train
98991,train
82468,train
49417,train
58877,train
38821,train
78679,train
23005,train
93652,train
3263,train
15839,train
85249,train
53358,train
1628,train
41376,train
20237,train
18221,train
19794,train
18308,train
29920,train
7928,train
55746,train
56851,train
97408,train
89939,train
71754,train
2104,train
12381,train
69635,train
18942,train
11607,train
45944,train
68383,train
49031,train
56382,train
7916,train
52923,train
18390,train
32917,train
36786,train
60759,train
36687,train
90831,train
55513,train
33894,train
15356,train
97023,train
3101,train
87862,train
56608,train
7524,train
58442,train
61284,train
39408,train
81434,train
88628,train
78262,train
9592,train
57738,train
88660,train
90751,train
93851,train
34176,train
20839,train
68376,train
65742,train
38528,train
62508,train
5617,train
90847,train
11920,train
60562,train
85342,train
25977,train
55021,train
13046,train
67627,train
23250,train
32145,train
82675,train
9989,train
7723,train
71777,train
138,train
92887,train
84107,train
90887,train
47753,train
13660,train
75730,train
79177,train
50740,train
58947,train
8250,train
84677,train
75986,train
5838,train
86207,train
81976,train
84367,train
80597,train
37392,train
40716,train
72786,train
20344,train
31804,train
49945,train
48875,train
8456,train
89519,train
22468,train
76766,train
24345,train
2255,train
92636,train
53253,train
49955,train
16131,train
9390,train
13578,train
9882,train
84821,train
56720,train
83152,train
78493,train
23438,train
88764,train
55304,train
6182,train
30483,train
9257,train
98694,train
77297,train
114,train
43791,train
26682,train
38973,train
64043,train
67905,train
52494,train
11178,train
26259,train
34996,train
99748,train
83958,train
71176,train
63747,train
66254,train
3687,train
40889,train
71929,train
80877,train
51635,train
16496,train
40355,train
62289,train
75358,train
71478,train
60094,train
4881,train
34938,train
82471,train
1917,train
20489,train
52140,train
77278,train
35998,train
85714,train
60514,train
62213,train
3038,train
66005,train
40082,train
59526,train
20425,train
77702,train
66431,train
45288,train
66287,train
81243,train
69216,train
15485,train
38817,train
6142,train
25474,train
86752,train
74668,train
72975,train
23711,train
32894,train
91439,train
78521,train
91284,train
70299,train
60612,train
85497,train
85529,train
21255,train
29791,train
11763,train
22985,train
8305,train
31044,train
52699,train
71516,train
22132,train
83469,train
48033,train
84971,train
70965,train
1919,train
54047,train
62143,train
58642,train
84518,train
22771,train
85565,train
20006,train
46727,train
51816,train
89897,train
23185,train
26175,train
15827,train
82705,train
59023,train
72937,train
54714,train
53934,train
8443,train
71753,train
42554,train
99283,train
93138,train
88452,train
71313,train
38089,train
43888,train
64965,train
20819,train
42308,train
43041,train
1570,train
9935,train
36897,train
96257,train
15281,train
64292,train
31826,train
97351,train
68698,train
30886,train
36365,train
28411,train
70022,train
14400,train
73733,train
34575,train
84560,train
90128,train
98721,train
60252,train
77926,train
34324,train
58309,train
40986,train
92718,train
81408,train
42020,train
57672,train
2140,train
23426,train
4475,train
46252,train
29913,train
45377,train
68409,train
42759,train
81620,train
20379,train
12515,train
56001,train
75059,train
50258,train
38944,train
89248,train
15130,train
94255,train
49716,train
31129,train
89494,train
49005,train
78964,train
55562,train
8499,train
59345,train
86930,train
86514,train
3193,train
66655,train
31145,train
49913,train
51023,train
59035,train
90153,train
41683,train
28761,train
8670,train
49521,train
87135,train
90688,train
17988,train
63447,train
46672,train
21198,train
20297,train
66286,train
37652,train
15431,train
29005,train
39933,train
72158,train
61000,train
81361,train
87253,train
38720,train
18050,train
46631,train
37288,train
74891,train
97447,train
95528,train
20333,train
94934,train
90574,train
62683,train
14125,train
24641,train
66803,train
3848,train
37982,train
37399,train
68363,train
18935,train
96375,train
89928,train
60140,train
7675,train
9985,train
83283,train
76177,train
74734,train
61401,train
35793,train
97653,train
47759,train
65105,train
13078,train
81341,train
71697,train
10733,train
182,train
21517,train
55191,train
79480,train
43622,train
44519,train
31005,train
67487,train
83364,train
72277,train
30066,train
78459,train
58730,train
72693,train
34561,train
37957,train
55159,train
92808,train
76453,train
34059,train
36203,train
16998,train
34714,train
81769,train
19997,train
86178,train
10599,train
45700,train
44077,train
90986,train
82397,train
91977,train
35962,train
12365,train
12205,train
20271,train
5066,train
70899,train
15387,train
10806,train
89859,train
17327,train
50818,train
77143,train
2127,train
12888,train
99864,train
45696,train
53554,train
10187,train
89356,train
51209,train
35700,train
9920,train
70269,train
40444,train
36128,train
91320,train
25317,train
23249,train
40983,train
43604,train
63337,train
75647,train
40879,train
53268,train
28520,train
4825,train
50793,train
16761,train
8025,train
93967,train
64722,train
49291,train
36454,train
73970,train
36364,train
38714,train
82830,train
55600,train
16368,train
86645,train
93746,train
55477,train
7967,train
51058,train
72080,train
11822,train
12802,train
2708,train
62253,train
69000,train
23656,train
51555,train
3669,train
85311,train
45107,train
53276,train
10714,train
99282,train
15014,train
48461,train
58145,train
9419,train
64975,train
43991,train
21795,train
23757,train
3526,train
32344,train
63808,train
84420,train
33689,train
26066,train
1125,train
50615,train
34840,train
67732,train
73669,train
27479,train
64366,train
33049,train
75883,train
62014,train
20127,train
83849,train
65317,train
83073,train
15145,train
72960,train
17508,train
69260,train
51623,train
50504,train
2228,train
34896,train
91850,train
66550,train
2141,train
13299,train
34268,train
14122,train
98277,train
12380,train
28704,train
27845,train
82660,train
49293,train
61529,train
8289,train
40412,train
30083,train
72959,train
49603,train
35076,train
62086,train
80146,train
72876,train
61277,train
18838,train
54328,train
28740,train
39850,train
40883,train
61121,train
92805,train
88332,train
12386,train
30394,train
8824,train
4800,train
9692,train
87457,train
25500,train
80640,train
55728,train
55690,train
13571,train
42595,train
90005,train
37777,train
57320,train
71140,train
34828,train
61986,train
69469,train
29506,train
31081,train
57992,train
12256,train
27413,train
49678,train
45079,train
14356,train
22114,train
46836,train
58043,train
31315,train
71422,train
16450,train
96812,train
13130,train
59854,train
94060,train
58244,train
20880,train
75070,train
2012,train
75738,train
54516,train
57189,train
34265,train
64563,train
66829,train
1498,train
73783,train
29940,train
4514,train
9644,train
25268,train
56886,train
6382,train
59055,train
44389,train
18312,train
5265,train
64192,train
45991,train
57034,train
56631,train
80271,train
44090,train
23210,train
97486,train
58476,train
29288,train
89115,train
23453,train
94702,train
30817,train
89064,train
96921,train
31647,train
5115,train
40149,train
86429,train
53747,train
4276,train
84455,train
45809,train
18546,train
20981,train
28016,train
31412,train
5125,train
95361,train
95337,train
45347,train
55983,train
25732,train
52517,train
34413,train
77672,train
90621,train
66409,train
62000,train
30135,train
3422,train
62184,train
79726,train
13854,train
3741,train
68499,train
91324,train
32154,train
72137,train
89892,train
38827,train
77700,train
31398,train
36545,train
2299,train
29904,train
32630,train
85146,train
21049,train
22633,train
83651,train
76616,train
68681,train
6934,train
21904,train
63863,train
42670,train
62529,train
95215,train
43446,train
13843,train
86383,train
20506,train
28352,train
4638,train
84207,train
92314,train
48452,train
33143,train
31588,train
25148,train
85320,train
8955,train
10550,train
7874,train
63752,train
76604,train
52360,train
31532,train
78799,train
92230,train
5728,train
45605,train
46528,train
54401,train
23084,train
22355,train
29880,train
18467,train
61932,train
74029,train
65045,train
17400,train
6436,train
90202,train
34953,train
42000,train
7940,train
9543,train
98101,train
71369,train
84129,train
28659,train
9295,train
20260,train
88910,train
82612,train
24101,train
21047,train
67032,train
29706,train
23981,train
31963,train
12774,train
67823,train
54073,train
73729,train
90933,train
99713,train
51396,train
52149,train
55270,train
98889,train
72029,train
93298,train
36002,train
18755,train
14888,train
19269,train
85363,train
21871,train
55312,train
8196,train
71372,train
98355,train
99220,train
75635,train
29854,train
68460,train
39155,train
83876,train
49458,train
36889,train
63466,train
18963,train
93159,train
44047,train
14177,train
84713,train
70028,train
22138,train
62485,train
28873,train
64445,train
15580,train
55026,train
9911,train
96898,train
39017,train
17480,train
89760,train
79535,train
18879,train
48935,train
28732,train
67844,train
49498,train
30754,train
4654,train
55909,train
26401,train
42968,train
14649,train
48005,train
79434,train
89676,train
67462,train
4380,train
73564,train
20196,train
78991,train
25321,train
90884,train
90700,train
25884,train
80569,train
1727,train
44628,train
65579,train
87750,train
57083,train
95928,train
69611,train
54076,train
59322,train
79096,train
27512,train
56866,train
67140,train
34543,train
36398,train
79165,train
63965,train
17488,train
85573,train
69738,train
58413,train
86424,train
70762,train
1655,train
17215,train
84272,train
57300,train
44798,train
6812,train
42799,train
72616,train
86446,train
92438,train
73935,train
31571,train
77822,train
91593,train
87244,train
93047,train
24446,train
63114,train
94311,train
23840,train
69480,train
82476,train
43843,train
20181,train
26324,train
9843,train
97223,train
95563,train
68992,train
79736,train
78922,train
79675,train
62011,train
46250,train
93169,train
70754,train
26036,train
86382,train
83284,train
73848,train
36597,train
49341,train
29749,train
40291,train
22743,train
87318,train
55714,train
96207,train
91086,train
97885,train
68477,train
3622,train
72947,train
8631,train
1336,train
29544,train
97406,train
8863,train
99031,train
31136,train
49046,train
6402,train
29381,train
18843,train
19499,train
33420,train
79095,train
9401,train
24231,train
50593,train
5103,train
8491,train
19320,train
70544,train
88147,train
92112,train
48058,train
80186,train
79899,train
86957,train
9927,train
42865,train
40039,train
17990,train
21988,train
82949,train
76645,train
41359,train
1264,train
85598,train
89559,train
41131,train
97126,train
47330,train
22037,train
58701,train
19547,train
52458,train
45479,train
6963,train
2020,train
72510,train
25129,train
11835,train
99739,train
22623,train
86128,train
29465,train
61026,train
27958,train
15423,train
34855,train
447,train
4474,train
9324,train
95611,train
86260,train
58870,train
94539,train
14647,train
52233,train
58564,train
95069,train
69251,train
48831,train
32469,train
62352,train
95740,train
80697,train
75106,train
28928,train
81958,train
94491,train
45149,train
69621,train
6571,train
21154,train
60677,train
41970,train
31216,train
26526,train
56432,train
61610,train
69562,train
65144,train
7363,train
5324,train
5475,train
77274,train
8068,train
79568,train
9615,train
65783,train
20638,train
60680,train
96017,train
25437,train
79110,train
33551,train
87890,train
18109,train
36848,train
51037,train
38732,train
38875,train
98494,train
48732,train
82927,train
53495,train
16021,train
62984,train
27223,train
55055,train
24719,train
92601,train
47239,train
91767,train
23947,train
68313,train
98734,train
68368,train
51543,train
3330,train
53853,train
31507,train
83521,train
65076,train
59096,train
9612,train
11532,train
80861,train
60523,train
72007,train
21759,train
13565,train
93526,train
30558,train
33706,train
40053,train
26569,train
4012,train
15451,train
31194,train
70058,train
92255,train
55558,train
45576,train
58055,train
2171,train
11244,train
39677,train
4447,train
95145,train
78995,train
45211,train
91464,train
19336,train
69862,train
45231,train
53624,train
57452,train
3989,train
6327,train
42528,train
20831,train
30761,train
37856,train
41753,train
36824,train
61966,train
7721,train
88831,train
32253,train
42327,train
58850,train
136,train
35680,train
60466,train
46560,train
92858,train
2027,train
36229,train
11525,train
50088,train
45679,train
71189,train
73023,train
49233,train
34825,train
22624,train
41619,train
88630,train
67587,train
96114,train
748,train
97140,train
99630,train
80517,train
9065,train
16544,train
20777,train
84846,train
66203,train
51313,train
93780,train
49119,train
69224,train
23167,train
27326,train
69381,train
36134,train
45551,train
54181,train
84243,train
54371,train
29247,train
35030,train
99685,train
58546,train
53266,train
52157,train
13671,train
18923,train
47297,train
68720,train
59467,train
50371,train
12121,train
69712,train
25960,train
37784,train
18968,train
87011,train
34034,train
11388,train
19362,train
18853,train
75858,train
75509,train
48945,train
46604,train
76352,train
74672,train
80388,train
62175,train
51,train
3278,train
62379,train
65130,train
14681,train
35092,train
29532,train
68846,train
59174,train
68504,train
27301,train
17798,train
58427,train
57030,train
65014,train
21598,train
50934,train
59603,train
56042,train
60446,train
8904,train
90270,train
50808,train
95577,train
69802,train
34258,train
48449,train
19966,train
71878,train
39612,train
11498,train
90392,train
51324,train
52958,train
51968,train
99389,train
96461,train
48497,train
9964,train
40437,train
25376,train
42338,train
5824,train
25991,train
66386,train
93476,train
36934,train
91728,train
45014,train
74613,train
69215,train
71614,train
53996,train
37340,train
34475,train
20991,train
2694,train
85294,train
41312,train
31737,train
7314,train
40197,train
28230,train
38898,train
16704,train
46552,train
55049,train
28768,train
74306,train
85367,train
92389,train
6189,train
72103,train
87956,train
16569,train
54704,train
13691,train
1773,train
52307,train
26854,train
40198,train
79341,train
45496,train
33828,train
21333,train
337,train
95250,train
49675,train
34573,train
28380,train
62212,train
11218,train
21544,train
37260,train
18642,train
4307,train
59022,train
36694,train
74240,train
3766,train
72026,train
50318,train
15889,train
65563,train
78300,train
93591,train
48728,train
36382,train
6797,train
19808,train
70036,train
9680,train
31572,train
91605,train
86631,train
22719,train
67970,train
38280,train
22570,train
97661,train
13903,train
76734,train
21497,train
14575,train
27859,train
10103,train
96412,train
21252,train
81358,train
34710,train
35820,train
47667,train
14842,train
42377,train
41975,train
70102,train
6333,train
91198,train
7274,train
22890,train
77544,train
56227,train
25394,train
96096,train
39882,train
73096,train
55621,train
27498,train
62763,train
8309,train
60357,train
74520,train
50306,train
59273,train
86667,train
78551,train
22949,train
14376,train
79748,train
32250,train
56457,train
739,train
73197,train
42126,train
75293,train
47669,train
68242,train
4105,train
36255,train
5048,train
27813,train
10957,train
235,train
84336,train
33301,train
44611,train
59668,train
40317,train
37222,train
68013,train
21185,train
84572,train
24676,train
43495,train
3572,train
58365,train
31754,train
6623,train
40071,train
4736,train
764,train
63925,train
97161,train
53839,train
50474,train
99728,train
23038,train
28031,train
4493,train
29031,train
51987,train
32511,train
99646,train
34858,train
12674,train
94248,train
52029,train
87377,train
12963,train
36572,train
66997,train
4910,train
43114,train
71565,train
73694,train
97430,train
43115,train
86400,train
49223,train
77358,train
91816,train
72025,train
64784,train
54067,train
37907,train
76257,train
36730,train
53547,train
1689,train
19031,train
93076,train
15611,train
68006,train
52872,train
12015,train
87464,train
67067,train
66754,train
26094,train
63468,train
32959,train
9040,train
24757,train
89936,train
31849,train
62127,train
54812,train
82391,train
2217,train
79182,train
51274,train
67975,train
55096,train
62801,train
59232,train
93861,train
7560,train
13543,train
99691,train
57510,train
58312,train
68765,train
56713,train
80433,train
38264,train
97442,train
70571,train
38833,train
77154,train
67082,train
74464,train
68756,train
95107,train
17598,train
32218,train
66551,train
69226,train
31420,train
58958,train
88570,train
92676,train
46774,train
90509,train
56671,train
95201,train
31792,train
57708,train
76163,train
32697,train
49173,train
8003,train
43222,train
65673,train
52198,train
2620,train
17313,train
30637,train
55580,train
79776,train
44259,train
90595,train
53699,train
43733,train
57688,train
20792,train
38899,train
25071,train
97409,train
76667,train
59702,train
71791,train
30073,train
67339,train
40808,train
33195,train
46187,train
41787,train
94900,train
18647,train
1585,train
95610,train
97788,train
22010,train
33475,train
5827,train
66632,train
28158,train
42630,train
49103,train
3414,train
57383,train
21221,train
2513,train
61177,train
62778,train
9952,train
14088,train
74569,train
95234,train
13858,train
80340,train
32062,train
40311,train
17211,train
53025,train
35865,train
30849,train
58562,train
49268,train
9230,train
39364,train
55151,train
47725,train
65223,train
26970,train
86687,train
69197,train
89652,train
70322,train
31951,train
44298,train
74732,train
19240,train
21745,train
6520,train
37920,train
68926,train
44376,train
82610,train
96172,train
30092,train
93966,train
49391,train
52479,train
45403,train
26946,train
37256,train
41263,train
35566,train
4184,train
38652,train
88487,train
4093,train
89729,train
35800,train
73614,train
90900,train
87071,train
86612,train
39421,train
91328,train
78084,train
80544,train
16271,train
11037,train
62081,train
66187,train
4846,train
98654,train
48407,train
26395,train
64105,train
57195,train
48011,train
28082,train
79276,train
56320,train
51975,train
54446,train
61097,train
98093,train
72463,train
34592,train
99413,train
7224,train
63113,train
78800,train
48716,train
74600,train
60957,train
31421,train
25098,train
99641,train
52232,train
18073,train
61799,train
72329,train
66636,train
34477,train
74247,train
45587,train
87,train
12709,train
20371,train
96422,train
91696,train
25863,train
71997,train
67128,train
12871,train
6031,train
82408,train
77771,train
46852,train
18636,train
20966,train
97391,train
98620,train
93669,train
37354,train
62334,train
87709,train
30239,train
90101,train
82902,train
25344,train
31370,train
56210,train
46491,train
39074,train
18457,train
41949,train
35570,train
28638,train
13492,train
71221,train
14138,train
89626,train
81655,train
58597,train
92763,train
19028,train
6335,train
59761,train
79344,train
29830,train
16703,train
57520,train
54506,train
78785,train
71648,train
61128,train
45335,train
43108,train
44020,train
27613,train
94298,train
10594,train
89655,train
15252,train
46567,train
42121,train
43749,train
80140,train
61729,train
57938,train
60879,train
46780,train
58293,train
76817,train
54481,train
56596,train
59515,train
49256,train
37596,train
74119,train
96968,train
84714,train
45168,train
43179,train
90931,train
30994,train
4446,train
20558,train
30464,train
30228,train
73070,train
851,train
35608,train
85079,train
16900,train
2338,train
71362,train
85651,train
96558,train
35328,train
21247,train
57906,train
86998,train
55927,train
71302,train
85978,train
11106,train
84529,train
88443,train
75262,train
97155,train
59257,train
75971,train
81681,train
6465,train
77262,train
23607,train
81516,train
47935,train
45113,train
56393,train
64000,train
55967,train
30330,train
99939,train
71091,train
29679,train
36260,train
97389,train
91426,train
43921,train
30572,train
4531,train
18483,train
24312,train
84388,train
94172,train
69831,train
92055,train
93654,train
26991,train
97135,train
2238,train
38012,train
47649,train
78552,train
90734,train
53523,train
74797,train
69572,train
97588,train
27427,train
17664,train
92580,train
96416,train
9805,train
97402,train
80530,train
28086,train
96232,train
88090,train
4247,train
19429,train
73324,train
91377,train
83921,train
74137,train
92359,train
17512,train
9836,train
15823,train
20129,train
94993,train
28975,train
58624,train
68964,train
20498,train
3873,train
55534,train
37983,train
95416,train
18834,train
98012,train
25085,train
25477,train
55120,train
87761,train
89699,train
60476,train
66423,train
60787,train
29479,train
18985,train
24611,train
34125,train
53469,train
45519,train
73610,train
76770,train
26118,train
76895,train
42997,train
96368,train
68611,train
65842,train
12948,train
83171,train
32102,train
70016,train
6560,train
9192,train
12508,train
16797,train
67733,train
57591,train
8692,train
80323,train
19633,train
80308,train
54570,train
12637,train
48066,train
62323,train
99555,train
81622,train
43854,train
76576,train
96692,train
64618,train
45889,train
42124,train
92136,train
46366,train
2658,train
42796,train
90874,train
51672,train
63642,train
95153,train
98789,train
3214,train
33847,train
83319,train
53491,train
74596,train
94601,train
98951,train
32769,train
71061,train
3994,train
72214,train
56939,train
58702,train
53202,train
55807,train
33320,train
23231,train
24876,train
90378,train
51145,train
12437,train
26884,train
88581,train
32901,train
98367,train
19197,train
90284,train
61581,train
59559,train
81677,train
19540,train
48274,train
3860,train
58477,train
9175,train
70592,train
16314,train
91902,train
39930,train
61239,train
1274,train
70185,train
7738,train
72861,train
8105,train
95341,train
8965,train
21080,train
50943,train
97379,train
42991,train
92487,train
90097,train
15122,train
15174,train
62804,train
12689,train
77324,train
70765,train
64063,train
31866,train
34033,train
32964,train
59157,train
76794,train
33364,train
26579,train
27851,train
95311,train
5013,train
1764,train
48228,train
82048,train
27312,train
99287,train
67400,train
9141,train
11972,train
29347,train
54092,train
5970,train
19706,train
90835,train
79379,train
67960,train
94196,train
15316,train
70771,train
71654,train
82884,train
46213,train
27298,train
73219,train
39760,train
76222,train
70809,train
20648,train
41935,train
16519,train
53938,train
8991,train
68813,train
97897,train
95639,train
56523,train
32039,train
84312,train
63260,train
38047,train
46421,train
542,train
54404,train
12959,train
67980,train
86039,train
38208,train
56349,train
24077,train
92295,train
75990,train
49497,train
8075,train
34881,train
26671,train
46303,train
31962,train
97870,train
52773,train
64419,train
52371,train
2083,train
42707,train
96958,train
27245,train
47159,train
10270,train
32868,train
65151,train
17429,train
36155,train
74431,train
88056,train
38754,train
14581,train
26070,train
59791,train
86574,train
23798,train
21630,train
78484,train
24926,train
88336,train
61546,train
67854,train
86381,train
80216,train
34553,train
96569,train
38103,train
35162,train
49877,train
40954,train
98804,train
45608,train
34343,train
68863,train
57345,train
56926,train
1734,train
94594,train
80612,train
79804,train
63374,train
98498,train
20178,train
72402,train
84784,train
6633,train
52717,train
23723,train
68473,train
79633,train
17457,train
68396,train
10724,train
65471,train
2418,train
39165,train
95398,train
39040,train
84015,train
47760,train
51955,train
33584,train
97143,train
63270,train
77941,train
46329,train
12927,train
77268,train
15800,train
9901,train
8469,train
69042,train
87939,train
12030,train
56475,train
49844,train
28107,train
58253,train
60927,train
82578,train
77266,train
62156,train
34749,train
810,train
76426,train
96360,train
78322,train
8389,train
53651,train
50009,train
86697,train
70713,train
55780,train
89193,train
1675,train
91906,train
49433,train
93089,train
10485,train
5515,train
21901,train
29301,train
85160,train
45735,train
94975,train
13370,train
34853,train
26855,train
42936,train
55931,train
77277,train
55939,train
58500,train
15629,train
65058,train
54717,train
14136,train
43044,train
75467,train
41239,train
51109,train
10390,train
70477,train
7745,train
22491,train
11162,train
52921,train
6732,train
34555,train
57985,train
33061,train
83202,train
67200,train
17551,train
63645,train
36045,train
35613,train
36465,train
5456,train
16837,train
58665,train
53182,train
58954,train
1197,train
8498,train
32992,train
85862,train
37594,train
9584,train
64599,train
66341,train
90532,train
97622,train
48966,train
82072,train
99286,train
48538,train
73577,train
49188,train
4985,train
51661,train
74031,train
81936,train
21446,train
3533,train
36233,train
12845,train
34293,train
58737,train
72720,train
79465,train
1419,train
43457,train
8254,train
26561,train
54320,train
98773,train
59061,train
60442,train
23440,train
10046,train
42988,train
37303,train
49195,train
90869,train
69535,train
74695,train
40302,train
20825,train
35904,train
93248,train
67164,train
80260,train
33310,train
52595,train
16254,train
12258,train
73830,train
10073,train
10676,train
34795,train
9904,train
83003,train
55347,train
15583,train
37511,train
31779,train
31753,train
15727,train
51845,train
71197,train
12804,train
55033,train
32644,train
32876,train
13653,train
34230,train
22499,train
72695,train
77596,train
28350,train
85521,train
34058,train
10061,train
17114,train
3678,train
90183,train
18605,train
9501,train
20280,train
74149,train
1462,train
7662,train
50464,train
85461,train
23934,train
61430,train
126,train
24221,train
28405,train
905,train
58260,train
40801,train
84204,train
3253,train
75478,train
584,train
65813,train
28983,train
85498,train
64193,train
79560,train
19556,train
61810,train
81836,train
88046,train
58721,train
2000,train
8537,train
55053,train
23429,train
6749,train
81625,train
61428,train
46924,train
52292,train
15158,train
2598,train
72852,train
11025,train
41143,train
68442,train
39739,train
12550,train
51703,train
63784,train
23975,train
934,train
62247,train
78724,train
72676,train
72985,train
11507,train
44672,train
17189,train
45395,train
1669,train
23961,train
68133,train
44120,train
15315,train
78225,train
4560,train
3384,train
78326,train
62600,train
24034,train
16031,train
15824,train
65511,train
59730,train
41109,train
10101,train
19850,train
10223,train
38880,train
55070,train
2867,train
58661,train
34804,train
21584,train
8563,train
69391,train
27519,train
99716,train
55185,train
22872,train
30371,train
76447,train
72256,train
70361,train
25763,train
38287,train
71258,train
4912,train
2392,train
71592,train
33692,train
64845,train
75969,train
76747,train
49471,train
78190,train
58586,train
50571,train
35631,train
44481,train
85635,train
35813,train
11402,train
80027,train
76831,train
25383,train
46431,train
49275,train
70367,train
69941,train
59308,train
40791,train
87265,train
56480,train
86573,train
56465,train
81566,train
70922,train
14530,train
50399,train
33557,train
63177,train
94577,train
50567,train
66232,train
50136,train
75528,train
73473,train
97514,train
35722,train
90950,train
34384,train
61869,train
16796,train
91700,train
35270,train
9610,train
77133,train
72212,train
51015,train
47633,train
98331,train
19003,train
36270,train
45856,train
5766,train
32848,train
94899,train
1694,train
27925,train
90298,train
53728,train
73280,train
33647,train
17690,train
19686,train
4149,train
65531,train
66437,train
98758,train
31738,train
3327,train
53485,train
35583,train
76820,train
80648,train
91039,train
77470,train
56875,train
32675,train
5302,train
34223,train
52907,train
26534,train
10756,train
46059,train
93242,train
84399,train
56201,train
2303,train
75805,train
51961,train
42059,train
62560,train
94972,train
84248,train
3052,train
93599,train
53753,train
52813,train
35547,train
39988,train
70609,train
16975,train
20495,train
54814,train
88804,train
3904,train
82953,train
83952,train
71235,train
90280,train
9764,train
64442,train
88681,train
53880,train
67342,train
28735,train
58186,train
33387,train
34646,train
14301,train
74631,train
23319,train
74567,train
51739,train
5460,train
5180,train
56620,train
38237,train
4472,train
26048,train
5367,train
62952,train
44949,train
42947,train
70547,train
69639,train
72125,train
90545,train
35320,train
2394,train
96108,train
50356,train
17110,train
97584,train
4487,train
22041,train
12408,train
92463,train
15807,train
89965,train
4636,train
24755,train
39617,train
3508,train
68441,train
71098,train
92366,train
60643,train
53175,train
30489,train
58699,train
95751,train
60511,train
37227,train
78873,train
82617,train
17651,train
93864,train
75090,train
82532,train
69383,train
36404,train
13345,train
10753,train
5232,train
16242,train
25715,train
54233,train
17251,train
2691,train
15518,train
20729,train
19685,train
3478,train
95138,train
53060,train
83808,train
2336,train
16328,train
96611,train
48599,train
37895,train
49630,train
79555,train
12613,train
33900,train
32074,train
96770,train
84646,train
91940,train
46417,train
62885,train
86141,train
18679,train
44194,train
56089,train
76802,train
49987,train
86028,train
70896,train
33677,train
81541,train
3729,train
34128,train
6208,train
18209,train
23970,train
50811,train
33458,train
38450,train
17559,train
38752,train
8940,train
80106,train
33511,train
47977,train
95976,train
47651,train
55752,train
98624,train
88399,train
94739,train
28123,train
58161,train
40603,train
50764,train
82085,train
42603,train
83373,train
73905,train
48331,train
50856,train
69586,train
48686,train
95734,train
29091,train
43451,train
17190,train
18478,train
37181,train
30767,train
11662,train
5737,train
13024,train
2795,train
82799,train
97106,train
57860,train
4616,train
42422,train
97278,train
41814,train
19379,train
81929,train
62643,train
5841,train
30576,train
19278,train
85186,train
4599,train
2266,train
78346,train
6961,train
62392,train
66669,train
81254,train
58547,train
91250,train
80129,train
17865,train
15650,train
98418,train
98466,train
84126,train
24768,train
25628,train
60815,train
2477,train
24175,train
65207,train
15685,train
37564,train
76686,train
66676,train
22075,train
681,train
42249,train
49165,train
7886,train
33343,train
87891,train
49337,train
43207,train
27509,train
40313,train
61369,train
34696,train
43195,train
54044,train
3065,train
29238,train
89770,train
63823,train
71013,train
97705,train
58342,train
32019,train
55782,train
72279,train
41234,train
57419,train
13835,train
36779,train
10986,train
87686,train
93240,train
37242,train
40530,train
21140,train
53286,train
86356,train
79582,train
19273,train
70504,train
28739,train
2678,train
41371,train
16757,train
45095,train
22200,train
38151,train
82912,train
599,train
75574,train
67479,train
71053,train
959,train
78569,train
17212,train
53032,train
79085,train
79981,train
50758,train
63359,train
96274,train
79394,train
4092,train
48592,train
34327,train
68696,train
28914,train
34332,train
5862,train
51363,train
81260,train
37275,train
94313,train
68712,train
72236,train
61971,train
88586,train
92238,train
41123,train
55705,train
91172,train
42310,train
98072,train
90601,train
92005,train
58506,train
91516,train
44279,train
82257,train
1182,train
41294,train
65895,train
62261,train
95478,train
12498,train
34924,train
87925,train
81416,train
73926,train
70554,train
59468,train
51115,train
14777,train
56104,train
22450,train
47010,train
34490,train
34186,train
14169,train
13150,train
51092,train
42019,train
91165,train
23189,train
46218,train
83435,train
67047,train
93431,train
70333,train
96363,train
24885,train
8823,train
64359,train
11242,train
8267,train
53076,train
90043,train
83326,train
45236,train
72526,train
96900,train
95354,train
75002,train
48909,train
68969,train
16654,train
25719,train
64313,train
90420,train
16681,train
55184,train
18222,train
58911,train
93914,train
5124,train
56551,train
36126,train
68935,train
23640,train
7103,train
21638,train
91559,train
13486,train
75139,train
86741,train
32670,train
89479,train
22101,train
11354,train
32032,train
24485,train
47910,train
97125,train
3991,train
98407,train
78546,train
44586,train
38342,train
78926,train
59481,train
5879,train
35342,train
81119,train
93386,train
90160,train
95240,train
69093,train
50127,train
50388,train
86180,train
80491,train
18244,train
75148,train
52266,train
13921,train
1293,train
44102,train
70552,train
38888,train
86819,train
81675,train
26305,train
42692,train
58033,train
16603,train
73093,train
18532,train
72456,train
44799,train
103,train
51261,train
64676,train
50647,train
19351,train
52294,train
53622,train
95752,train
90500,train
98447,train
28912,train
15086,train
8592,train
6539,train
37147,train
95079,train
77795,train
24935,train
49418,train
64898,train
68052,train
55363,train
65061,train
98952,train
61895,train
45000,train
98326,train
51605,train
59988,train
27129,train
32612,train
53828,train
11734,train
85839,train
65487,train
35753,train
18253,train
84400,train
69443,train
38684,train
31494,train
31066,train
7998,train
35429,train
1603,train
73667,train
67427,train
35091,train
1468,train
29051,train
17437,train
65047,train
79955,train
77350,train
885,train
94847,train
74608,train
19282,train
65660,train
11700,train
87207,train
45549,train
72800,train
44533,train
24293,train
69923,train
98291,train
82185,train
85366,train
6825,train
39333,train
69124,train
90165,train
28845,train
22700,train
19286,train
3092,train
73211,train
75268,train
68781,train
8668,train
83425,train
51947,train
76562,train
76390,train
27899,train
37704,train
20457,train
60040,train
78318,train
88613,train
99516,train
44028,train
58658,train
2435,train
69864,train
46183,train
32492,train
58637,train
6095,train
88881,train
50165,train
8851,train
80089,train
2734,train
40387,train
63852,train
80873,train
51447,train
83872,train
49732,train
84026,train
35213,train
53126,train
83916,train
59504,train
23628,train
37891,train
94425,train
44200,train
97494,train
32005,train
49686,train
451,train
70011,train
8669,train
72372,train
38402,train
3015,train
5272,train
33927,train
43580,train
38691,train
8421,train
81248,train
32358,train
29028,train
83639,train
5887,train
19169,train
75027,train
86815,train
61107,train
75751,train
26459,train
52659,train
2067,train
46535,train
30312,train
69928,train
73962,train
84606,train
8934,train
45681,train
65530,train
64290,train
44697,train
56832,train
26397,train
62779,train
17657,train
67290,train
68812,train
30380,train
660,train
10641,train
41510,train
22438,train
43612,train
94263,train
97077,train
75018,train
52193,train
4114,train
40772,train
84814,train
11198,train
35174,train
41768,train
44814,train
33244,train
19810,train
4414,train
5107,train
81831,train
14790,train
45069,train
12875,train
59528,train
20003,train
18088,train
67386,train
6893,train
13442,train
71702,train
46762,train
46476,train
33818,train
44416,train
99891,train
1193,train
72264,train
99052,train
50166,train
80995,train
77775,train
88659,train
40451,train
30437,train
79717,train
24049,train
25308,train
95735,train
6134,train
24597,train
90946,train
28862,train
44983,train
33949,train
75757,train
60012,train
19576,train
79682,train
54486,train
52569,train
55372,train
73248,train
18787,train
79923,train
11642,train
25410,train
1159,train
27005,train
41475,train
93554,train
32403,train
61935,train
8397,train
79992,train
66998,train
74877,train
75495,train
77904,train
96989,train
73172,train
83969,train
35338,train
22775,train
63238,train
67169,train
89427,train
67435,train
75519,train
12751,train
24808,train
44654,train
8504,train
87383,train
13538,train
35691,train
87588,train
98862,train
66121,train
1169,train
90625,train
63493,train
82342,train
76752,train
66990,train
61172,train
1930,train
5920,train
59364,train
38013,train
20531,train
43766,train
24038,train
91289,train
94761,train
98423,train
94797,train
61002,train
52644,train
73047,train
15429,train
33414,train
98369,train
50663,train
32623,train
22843,train
68826,train
36556,train
83129,train
51225,train
34003,train
66018,train
28885,train
24385,train
70981,train
78258,train
26619,train
26694,train
23179,train
46134,train
56756,train
58878,train
80158,train
43868,train
62968,train
90082,train
50459,train
40727,train
69796,train
89756,train
78766,train
25608,train
76379,train
20989,train
47464,train
99071,train
37372,train
83713,train
85105,train
12614,train
2758,train
66165,train
27654,train
40327,train
69693,train
57652,train
50738,train
97171,train
66861,train
39864,train
95953,train
17525,train
53414,train
10503,train
2333,train
15095,train
94043,train
40514,train
59414,train
96915,train
51376,train
74588,train
87869,train
76167,train
18197,train
68888,train
69599,train
68397,train
63176,train
18534,train
53650,train
20467,train
71384,train
91566,train
78637,train
80825,train
2004,train
98419,train
32332,train
5101,train
32153,train
64158,train
84428,train
38560,train
37415,train
82852,train
10673,train
89467,train
62770,train
50872,train
18162,train
98405,train
59476,train
66412,train
51814,train
44466,train
26922,train
11256,train
962,train
47002,train
8166,train
80246,train
3348,train
79432,train
4602,train
26971,train
30941,train
18395,train
96164,train
5820,train
37858,train
1054,train
20667,train
63713,train
51680,train
92850,train
63522,train
92902,train
75446,train
18651,train
96222,train
89480,train
64375,train
56803,train
3301,train
12796,train
38388,train
89328,train
82682,train
79570,train
71853,train
23789,train
61760,train
144,train
28708,train
60188,train
38719,train
17174,train
73912,train
73438,train
48721,train
43806,train
99043,train
16632,train
86328,train
26287,train
11111,train
73131,train
74996,train
30107,train
59093,train
91440,train
75748,train
39887,train
82474,train
85735,train
70685,train
10457,train
50411,train
76016,train
57660,train
17122,train
25517,train
16465,train
35020,train
49310,train
72777,train
23244,train
98087,train
922,train
88229,train
57576,train
66445,train
46974,train
40797,train
29504,train
51278,train
39509,train
24370,train
24238,train
93725,train
2215,train
47277,train
67083,train
7219,train
14363,train
14451,train
69561,train
1308,train
79126,train
14592,train
36290,train
28601,train
53981,train
5546,train
23910,train
7083,train
2002,train
3046,train
82118,train
13950,train
59100,train
45706,train
32810,train
96301,train
54484,train
42831,train
87892,train
43414,train
54174,train
53854,train
71037,train
53327,train
52680,train
71077,train
7273,train
2909,train
71242,train
48914,train
3587,train
40081,train
96620,train
25581,train
48755,train
47273,train
35921,train
29275,train
11606,train
26283,train
95253,train
89425,train
21603,train
29835,train
87794,train
18291,train
76350,train
65903,train
18085,train
94355,train
24520,train
22630,train
41289,train
24250,train
43,train
16446,train
87425,train
57196,train
94531,train
9944,train
89034,train
71134,train
15498,train
59525,train
87645,train
86806,train
30253,train
71657,train
38092,train
33366,train
25093,train
37144,train
84927,train
41564,train
67103,train
948,train
94551,train
85378,train
95261,train
50191,train
70385,train
71542,train
69464,train
31110,train
90634,train
84110,train
87180,train
37924,train
92693,train
31305,train
60364,train
12841,train
92165,train
62569,train
43964,train
104,train
17021,train
49152,train
24125,train
543,train
87459,train
74134,train
99546,train
431,train
22592,train
41196,train
42370,train
54415,train
28791,train
26431,train
29561,train
18191,train
31935,train
11852,train
89162,train
7848,train
83213,train
4696,train
84888,train
77811,train
61580,train
74084,train
95642,train
81122,train
39538,train
99611,train
14333,train
26784,train
77227,train
46482,train
45111,train
52024,train
53336,train
57890,train
42976,train
12782,train
56542,train
10074,train
29004,train
65943,train
48880,train
29946,train
28641,train
59104,train
30074,train
26915,train
45591,train
80242,train
74612,train
78957,train
38164,train
61598,train
20265,train
78142,train
12711,train
67147,train
64301,train
20482,train
55345,train
82094,train
10691,train
75755,train
89086,train
2661,train
37534,train
43136,train
18688,train
80605,train
56917,train
22786,train
42050,train
28391,train
96914,train
59003,train
19394,train
7416,train
71721,train
89107,train
86630,train
42715,train
86322,train
85577,train
41482,train
72003,train
40734,train
45514,train
37733,train
75709,train
68457,train
54214,train
63878,train
71467,train
57606,train
4153,train
76251,train
28856,train
89388,train
65288,train
3844,train
95078,train
53322,train
54689,train
58147,train
68169,train
6958,train
42319,train
91999,train
21043,train
5311,train
68299,train
67098,train
20971,train
41474,train
61445,train
93530,train
92986,train
86351,train
18,train
87344,train
44225,train
78275,train
50134,train
83005,train
33288,train
72166,train
62578,train
34788,train
23262,train
76877,train
28094,train
12086,train
8614,train
63916,train
39498,train
28639,train
68132,train
32597,train
99779,train
12741,train
3616,train
73379,train
81687,train
33531,train
84413,train
2619,train
60101,train
51920,train
14332,train
58643,train
56610,train
66618,train
47707,train
46839,train
62995,train
4154,train
15594,train
95594,train
17422,train
71069,train
72994,train
87880,train
19549,train
24259,train
42996,train
28486,train
33479,train
51677,train
4640,train
3560,train
85826,train
95891,train
40912,train
5250,train
11243,train
94432,train
98623,train
93962,train
18511,train
61612,train
70407,train
25764,train
94897,train
47960,train
1717,train
49071,train
1276,train
4077,train
21382,train
51006,train
51258,train
27143,train
27909,train
17729,train
91821,train
24159,train
54757,train
29471,train
67109,train
96041,train
60935,train
7434,train
58755,train
84914,train
33199,train
80949,train
39354,train
80884,train
80399,train
63008,train
84705,train
94585,train
51696,train
79651,train
28198,train
73711,train
98165,train
82805,train
75479,train
71325,train
56335,train
77316,train
41801,train
88,train
9029,train
46298,train
67630,train
97436,train
92050,train
27362,train
44524,train
89183,train
79418,train
51607,train
74886,train
90007,train
43035,train
8924,train
35812,train
72148,train
62708,train
36052,train
80231,train
69958,train
43716,train
55406,train
75408,train
67721,train
11368,train
75267,train
54380,train
25231,train
47508,train
65406,train
9158,train
27955,train
12471,train
92414,train
85904,train
63029,train
87754,train
84776,train
76293,train
54721,train
47662,train
84579,train
7925,train
82606,train
48628,train
95596,train
49024,train
52627,train
45951,train
73521,train
45270,train
88220,train
77852,train
85688,train
15458,train
19015,train
86851,train
70266,train
60489,train
61291,train
86692,train
59588,train
85103,train
59546,train
61009,train
55648,train
26423,train
22984,train
3340,train
21232,train
51240,train
51633,train
80198,train
17289,train
44845,train
91087,train
44484,train
97127,train
74822,train
91140,train
7458,train
4142,train
88086,train
62874,train
31860,train
31910,train
24127,train
35112,train
11931,train
86306,train
72655,train
13616,train
38961,train
74375,train
8471,train
79986,train
43960,train
38909,train
76364,train
3168,train
1128,train
52956,train
11297,train
15067,train
24601,train
37345,train
41660,train
72918,train
97289,train
79502,train
77866,train
91048,train
14090,train
11654,train
84229,train
65833,train
92337,train
19999,train
52439,train
8763,train
69339,train
10602,train
1387,train
58822,train
32733,train
25480,train
16284,train
59914,train
84487,train
52679,train
4996,train
50893,train
64816,train
98004,train
25833,train
17166,train
87668,train
31128,train
64907,train
65951,train
40454,train
80238,train
5071,train
99538,train
54523,train
5560,train
26543,train
61743,train
22457,train
91899,train
44988,train
61587,train
26837,train
67295,train
69636,train
24457,train
85982,train
76253,train
69389,train
32043,train
86727,train
3417,train
69102,train
27949,train
63281,train
87193,train
18166,train
19477,train
10888,train
65764,train
94297,train
67061,train
34380,train
77687,train
9211,train
60770,train
58350,train
79296,train
64761,train
39396,train
3810,train
56143,train
8231,train
28818,train
16431,train
29013,train
45056,train
24590,train
95013,train
628,train
18606,train
5572,train
66496,train
50279,train
39137,train
16139,train
36099,train
98664,train
43608,train
1192,train
97753,train
596,train
48034,train
79881,train
21364,train
18773,train
46392,train
25051,train
30420,train
57482,train
40586,train
14808,train
257,train
33750,train
44110,train
31698,train
75503,train
99407,train
22399,train
43532,train
78533,train
34202,train
51769,train
21918,train
46619,train
24777,train
68136,train
54857,train
39124,train
85779,train
18711,train
26952,train
14711,train
27325,train
17352,train
71260,train
495,train
91659,train
79006,train
89958,train
8635,train
56066,train
63251,train
99655,train
20624,train
50042,train
39032,train
88158,train
62349,train
71748,train
65190,train
8808,train
379,train
13208,train
69985,train
15395,train
78480,train
17258,train
65995,train
86866,train
15120,train
58543,train
73304,train
98259,train
805,train
14044,train
48193,train
45419,train
89500,train
59535,train
12004,train
73555,train
69904,train
442,train
20019,train
66802,train
62784,train
7623,train
70099,train
93717,train
55189,train
47761,train
77678,train
50144,train
78554,train
98220,train
10983,train
5858,train
9953,train
177,train
77361,train
74961,train
55102,train
16979,train
97328,train
88149,train
75415,train
99466,train
41721,train
59981,train
69034,train
55875,train
89809,train
24004,train
8242,train
68770,train
99696,train
23721,train
65433,train
93224,train
45750,train
77982,train
47030,train
88408,train
13016,train
78413,train
65380,train
14786,train
28525,train
99661,train
60920,train
34461,train
86304,train
2918,train
5640,train
15925,train
21324,train
53053,train
41854,train
55925,train
38840,train
59040,train
85492,train
72562,train
70610,train
27692,train
36208,train
16991,train
9025,train
9518,train
4756,train
32335,train
31613,train
88950,train
127,train
65452,train
99255,train
28139,train
83236,train
84949,train
11440,train
96542,train
27810,train
15599,train
46837,train
84522,train
60515,train
79553,train
92429,train
80408,train
96568,train
21144,train
32603,train
41508,train
4523,train
43522,train
34666,train
76835,train
77014,train
32076,train
363,train
58123,train
20052,train
95436,train
53738,train
22309,train
67699,train
73,train
11043,train
38881,train
9050,train
96023,train
84919,train
60607,train
9508,train
37294,train
74374,train
28536,train
81565,train
63378,train
28241,train
83591,train
70594,train
47218,train
67520,train
92157,train
36446,train
96892,train
6469,train
84824,train
96999,train
19899,train
40006,train
46782,train
74807,train
47003,train
46451,train
25981,train
36069,train
9445,train
21170,train
89116,train
21677,train
96334,train
99561,train
57136,train
87755,train
5040,train
82022,train
98911,train
70144,train
47144,train
16303,train
81133,train
55611,train
59699,train
87579,train
45956,train
93265,train
36514,train
14939,train
44680,train
33164,train
24947,train
73778,train
15272,train
96357,train
30110,train
24386,train
74091,train
95472,train
53092,train
50854,train
78837,train
41853,train
72705,train
62602,train
57049,train
58987,train
62236,train
35829,train
40133,train
60407,train
83322,train
2393,train
70798,train
54709,train
47570,train
41454,train
44815,train
9984,train
91360,train
9586,train
59692,train
738,train
79566,train
52354,train
93216,train
98625,train
81489,train
90377,train
42704,train
84359,train
85256,train
44537,train
73932,train
21828,train
67303,train
8737,train
54914,train
58623,train
52076,train
61766,train
90123,train
58100,train
75588,train
79694,train
37950,train
10361,train
25038,train
64908,train
49287,train
61737,train
4489,train
65218,train
52749,train
55299,train
72348,train
33246,train
29923,train
56531,train
43572,train
52829,train
2595,train
93815,train
3201,train
28570,train
47047,train
71,train
59949,train
36976,train
26810,train
75037,train
67116,train
66178,train
12683,train
49976,train
79654,train
4829,train
84628,train
29430,train
60195,train
91534,train
23476,train
97370,train
92670,train
39231,train
98329,train
17083,train
41910,train
98801,train
8146,train
12658,train
75434,train
72624,train
13153,train
50878,train
68258,train
6367,train
59016,train
22748,train
11839,train
39261,train
42266,train
92874,train
42163,train
68399,train
2930,train
4917,train
56507,train
78072,train
92283,train
59718,train
76051,train
62856,train
3927,train
36829,train
41615,train
69839,train
8905,train
50132,train
27480,train
49078,train
39614,train
2093,train
15364,train
50577,train
21310,train
91018,train
72097,train
86555,train
57301,train
41386,train
47773,train
23821,train
83215,train
94164,train
41974,train
65948,train
52711,train
10666,train
2660,train
61724,train
58716,train
94269,train
67341,train
82400,train
7866,train
34737,train
69907,train
36587,train
23680,train
28754,train
39622,train
36859,train
39552,train
27820,train
22470,train
66675,train
94727,train
81491,train
48741,train
54781,train
17002,train
41059,train
83323,train
59131,train
61331,train
54293,train
48323,train
83067,train
6320,train
99367,train
3262,train
33251,train
51043,train
22247,train
84061,train
82827,train
40120,train
72043,train
78050,train
50392,train
25630,train
64110,train
16891,train
13891,train
76440,train
10822,train
53862,train
66450,train
47259,train
82518,train
44986,train
71860,train
88499,train
37461,train
50342,train
5314,train
8780,train
63190,train
67208,train
78955,train
89262,train
208,train
58917,train
51233,train
73373,train
23654,train
85496,train
89530,train
69448,train
50874,train
55707,train
59801,train
59838,train
44302,train
15382,train
98930,train
97750,train
8200,train
85607,train
14658,train
23914,train
1821,train
98900,train
56952,train
1143,train
98674,train
73845,train
17925,train
93072,train
19510,train
14729,train
18133,train
4455,train
3012,train
98235,train
21696,train
44155,train
72354,train
28442,train
90848,train
67352,train
5509,train
75431,train
53176,train
55330,train
40656,train
19403,train
17519,train
37246,train
88844,train
49580,train
84396,train
64362,train
90058,train
72157,train
9286,train
63785,train
55797,train
1800,train
17523,train
42572,train
43729,train
10240,train
99853,train
1527,train
63015,train
30096,train
57370,train
40535,train
856,train
69730,train
22590,train
95549,train
45774,train
65159,train
17202,train
88760,train
63453,train
56702,train
64940,train
35150,train
71327,train
38370,train
51276,train
54461,train
21780,train
16244,train
76781,train
87356,train
19270,train
44372,train
6268,train
11419,train
9618,train
39463,train
35095,train
98566,train
24061,train
5594,train
81634,train
54292,train
5368,train
42299,train
3333,train
19243,train
79411,train
44049,train
87762,train
81568,train
85621,train
44536,train
79793,train
91326,train
22313,train
98214,train
23792,train
41237,train
90166,train
23322,train
24154,train
15461,train
82936,train
55387,train
28703,train
82968,train
76879,train
28828,train
29711,train
73471,train
80413,train
86617,train
13620,train
28399,train
95403,train
30557,train
78855,train
9785,train
31663,train
11614,train
63443,train
90320,train
5445,train
55525,train
92751,train
9078,train
10777,train
19614,train
50321,train
27678,train
24613,train
137,train
33030,train
32166,train
31435,train
21893,train
22270,train
15344,train
43663,train
71125,train
47289,train
7585,train
38882,train
13594,train
75210,train
57760,train
83754,train
67612,train
59277,train
79858,train
52234,train
17413,train
87592,train
30509,train
62410,train
77983,train
82075,train
92586,train
93811,train
40365,train
53260,train
73397,train
32536,train
86797,train
15896,train
31032,train
96934,train
35260,train
33709,train
52796,train
10596,train
65296,train
46618,train
33661,train
28898,train
96631,train
3919,train
74830,train
64906,train
45680,train
87225,train
55500,train
39620,train
73006,train
62809,train
75683,train
1493,train
51365,train
12301,train
7428,train
79004,train
45693,train
94559,train
71029,train
74741,train
33451,train
65691,train
78842,train
98483,train
79719,train
56686,train
71265,train
99877,train
78011,train
61978,train
30748,train
84371,train
71963,train
65230,train
86546,train
87103,train
50022,train
49883,train
3907,train
89396,train
18111,train
37724,train
50189,train
97988,train
13801,train
79874,train
96706,train
45909,train
69410,train
38050,train
73302,train
5642,train
86074,train
53389,train
36251,train
27547,train
29613,train
78792,train
64137,train
23917,train
57199,train
34563,train
42579,train
14411,train
19023,train
53971,train
31541,train
49274,train
81557,train
2799,train
50277,train
75433,train
58859,train
43311,train
21344,train
69593,train
14527,train
86532,train
90248,train
77325,train
75604,train
37498,train
90080,train
54383,train
26219,train
15386,train
75577,train
75370,train
55245,train
43506,train
1325,train
71668,train
59009,train
65787,train
45481,train
87527,train
67216,train
21184,train
30700,train
39656,train
3505,train
60068,train
28560,train
86020,train
49033,train
24384,train
35327,train
51505,train
3792,train
7146,train
31809,train
98851,train
98177,train
4086,train
3250,train
48980,train
35723,train
11820,train
13403,train
42117,train
41364,train
4448,train
47416,train
42392,train
43002,train
26309,train
97760,train
86223,train
55527,train
82323,train
4731,train
69028,train
38033,train
84886,train
96586,train
36869,train
62781,train
87274,train
4370,train
77313,train
37551,train
41464,train
16833,train
94858,train
96065,train
42957,train
85047,train
49602,train
53641,train
79699,train
90672,train
92443,train
27727,train
73885,train
39049,train
46601,train
23887,train
91837,train
85182,train
42890,train
39767,train
89600,train
43509,train
66845,train
19196,train
7527,train
59077,train
37863,train
42662,train
73480,train
98638,train
68465,train
39592,train
57183,train
27196,train
78347,train
65506,train
19021,train
14359,train
38503,train
37198,train
66350,train
98015,train
78384,train
74178,train
90347,train
57513,train
78697,train
24545,train
51896,train
52603,train
92967,train
82535,train
34123,train
89517,train
2654,train
38414,train
28741,train
81283,train
50766,train
30605,train
72818,train
72070,train
12346,train
91525,train
29898,train
62660,train
88346,train
38401,train
92700,train
43374,train
41968,train
62047,train
64233,train
23585,train
652,train
27873,train
46749,train
92481,train
15393,train
15484,train
42306,train
83520,train
37089,train
97908,train
87288,train
66147,train
32136,train
44501,train
56575,train
39012,train
46186,train
93371,train
54847,train
81802,train
97544,train
14855,train
14781,train
53999,train
73227,train
35340,train
8841,train
38529,train
87936,train
13897,train
84673,train
76260,train
51455,train
76900,train
61039,train
21663,train
28522,train
25714,train
33582,train
20057,train
67705,train
43389,train
17789,train
30469,train
25271,train
51783,train
54066,train
19948,train
6128,train
13722,train
30374,train
59288,train
58376,train
46270,train
96565,train
64209,train
64928,train
63897,train
71264,train
33256,train
2892,train
15351,train
63987,train
83146,train
75125,train
61409,train
38018,train
66126,train
65387,train
31583,train
26795,train
24305,train
59625,train
51007,train
51893,train
42437,train
40579,train
86447,train
23169,train
46055,train
89860,train
25288,train
14699,train
19521,train
43536,train
84282,train
92352,train
86825,train
8517,train
68492,train
62123,train
92193,train
71310,train
85336,train
38680,train
53446,train
27693,train
92406,train
96685,train
28602,train
72761,train
52667,train
33185,train
19904,train
9011,train
11088,train
26509,train
48776,train
54761,train
44148,train
2934,train
93479,train
52801,train
59924,train
27316,train
4594,train
83041,train
14938,train
18600,train
85732,train
299,train
81743,train
39885,train
85838,train
12488,train
73114,train
99319,train
41634,train
71710,train
88227,train
57333,train
52034,train
6948,train
38744,train
34291,train
92978,train
72863,train
34192,train
61676,train
62036,train
82676,train
80514,train
65074,train
79554,train
66892,train
54091,train
99578,train
81064,train
37299,train
7717,train
23111,train
12337,train
54669,train
4706,train
79990,train
39938,train
70657,train
31080,train
26990,train
76280,train
68914,train
79206,train
60456,train
68211,train
3399,train
22390,train
94027,train
47454,train
65036,train
46426,train
89508,train
92916,train
2506,train
69960,train
30948,train
38715,train
86200,train
3968,train
54572,train
81392,train
67048,train
52866,train
36287,train
43668,train
32190,train
14415,train
71043,train
68966,train
8641,train
49213,train
73183,train
68075,train
65832,train
38639,train
57539,train
93094,train
67144,train
13115,train
80019,train
44136,train
86303,train
58663,train
52666,train
3537,train
57423,train
75022,train
79142,train
55836,train
43438,train
32843,train
45785,train
60557,train
48312,train
2327,train
44223,train
89306,train
1768,train
36391,train
77885,train
62288,train
98078,train
64150,train
94659,train
72010,train
1137,train
87314,train
59281,train
9683,train
23342,train
58410,train
59888,train
53403,train
19667,train
10222,train
2566,train
23597,train
48890,train
50583,train
74348,train
97875,train
71977,train
96537,train
70690,train
13833,train
28328,train
90197,train
74349,train
84742,train
64286,train
555,train
46728,train
37785,train
93411,train
7042,train
12895,train
67847,train
36254,train
17381,train
52810,train
49574,train
19739,train
77832,train
63144,train
98785,train
62158,train
4532,train
83313,train
40550,train
20264,train
84247,train
64841,train
85087,train
68074,train
84153,train
77484,train
22358,train
50597,train
93745,train
27674,train
19877,train
73381,train
39536,train
8920,train
52174,train
45658,train
63442,train
14936,train
97238,train
57667,train
43492,train
75733,train
92245,train
78303,train
16145,train
43344,train
89249,train
67572,train
59831,train
46850,train
83782,train
94008,train
10233,train
63228,train
54421,train
69614,train
47938,train
51706,train
8565,train
11999,train
10646,train
39303,train
51574,train
83042,train
88745,train
23012,train
27636,train
50170,train
10154,train
58227,train
6907,train
57033,train
6714,train
32562,train
43160,train
47848,train
21388,train
21951,train
41583,train
96163,train
42600,train
46554,train
31688,train
64997,train
52966,train
59474,train
3644,train
4224,train
33561,train
81271,train
6914,train
15910,train
40162,train
76223,train
80256,train
90784,train
37732,train
28992,train
80135,train
49652,train
54655,train
465,train
50651,train
58341,train
1288,train
31836,train
70427,train
76272,train
28600,train
70972,train
16041,train
7661,train
39824,train
22553,train
4700,train
78934,train
91735,train
71826,train
80252,train
40622,train
59050,train
34895,train
20714,train
35335,train
11404,train
72032,train
55277,train
56018,train
89487,train
83944,train
22320,train
87284,train
75666,train
71001,train
88752,train
6751,train
87547,train
21383,train
58503,train
85145,train
4220,train
56692,train
77017,train
83694,train
83528,train
58633,train
9653,train
87419,train
67250,train
69770,train
87000,train
65383,train
85317,train
94230,train
98036,train
48839,train
94775,train
70886,train
88715,train
81149,train
32045,train
21728,train
23858,train
65921,train
9185,train
34982,train
7556,train
86163,train
5270,train
58824,train
16706,train
82527,train
28891,train
59412,train
23381,train
12287,train
76918,train
18819,train
50980,train
72135,train
78555,train
74735,train
91754,train
77540,train
81856,train
54206,train
83456,train
20026,train
20521,train
68959,train
64871,train
66246,train
81738,train
41018,train
62908,train
12973,train
53174,train
49003,train
46936,train
48943,train
62251,train
39298,train
70894,train
30600,train
90795,train
1552,train
69007,train
99600,train
98433,train
58590,train
11300,train
76938,train
24207,train
77459,train
45437,train
80853,train
84437,train
8237,train
35491,train
51774,train
34336,train
3453,train
70758,train
73182,train
960,train
22226,train
7636,train
35182,train
54475,train
35657,train
60400,train
43116,train
96679,train
66707,train
61098,train
67215,train
72986,train
48624,train
93183,train
63469,train
78085,train
91615,train
45896,train
65121,train
32911,train
71252,train
88698,train
87470,train
85207,train
40939,train
7142,train
52366,train
49068,train
67954,train
5929,train
75344,train
96528,train
2877,train
20434,train
47580,train
53606,train
47618,train
6120,train
53094,train
12678,train
39182,train
91524,train
83387,train
5491,train
48962,train
4768,train
93541,train
63418,train
99708,train
70201,train
25042,train
1631,train
5384,train
19559,train
87028,train
43972,train
21815,train
124,train
47830,train
22168,train
22641,train
12433,train
27887,train
31681,train
40156,train
84663,train
7495,train
44820,train
30652,train
14563,train
25448,train
42446,train
51636,train
81695,train
27192,train
66824,train
27935,train
75045,train
30838,train
46707,train
17447,train
492,train
49996,train
34497,train
33881,train
31001,train
46817,train
23403,train
52404,train
28122,train
98590,train
13137,train
46301,train
22212,train
91549,train
50431,train
388,train
75386,train
89063,train
52871,train
8386,train
68105,train
9867,train
40271,train
18242,train
22285,train
88308,train
68428,train
71008,train
953,train
34662,train
29046,train
41883,train
88411,train
68949,train
57996,train
30098,train
42615,train
12132,train
54977,train
24103,train
9026,train
82495,train
33751,train
98176,train
67073,train
57759,train
64904,train
63435,train
32990,train
21573,train
5655,train
94746,train
51721,train
46866,train
30472,train
6452,train
34697,train
28527,train
3949,train
15780,train
73946,train
65668,train
95428,train
58138,train
22264,train
18405,train
45598,train
11169,train
11192,train
63851,train
94624,train
95918,train
7091,train
5930,train
29084,train
78659,train
19159,train
75870,train
88071,train
22845,train
31778,train
93923,train
97049,train
23119,train
66418,train
44828,train
41451,train
95290,train
40036,train
69580,train
94301,train
20096,train
81375,train
8109,train
65479,train
8887,train
23543,train
17205,train
8745,train
72040,train
32205,train
3743,train
25781,train
89096,train
8719,train
65029,train
95439,train
78149,train
53181,train
4762,train
68979,train
53766,train
63106,train
24325,train
56180,train
50290,train
81304,train
50267,train
38389,train
28598,train
56828,train
96795,train
48174,train
54535,train
10453,train
51889,train
25251,train
41354,train
40568,train
11245,train
9240,train
89354,train
9478,train
88584,train
29315,train
30260,train
43097,train
94614,train
3680,train
36756,train
94565,train
31343,train
82697,train
33215,train
97078,train
28678,train
95125,train
76156,train
99164,train
85403,train
36294,train
4911,train
73689,train
75628,train
35163,train
71633,train
41849,train
81570,train
64547,train
64319,train
74831,train
39217,train
36733,train
93429,train
67688,train
77374,train
13458,train
16573,train
21385,train
89623,train
9454,train
82728,train
37212,train
1041,train
64470,train
39898,train
61195,train
8620,train
9032,train
79169,train
12391,train
35493,train
94850,train
86914,train
65324,train
54739,train
82473,train
32973,train
65397,train
71660,train
57241,train
95892,train
78527,train
41153,train
76087,train
17441,train
52584,train
91008,train
59241,train
62868,train
62503,train
7386,train
60492,train
42941,train
8749,train
32601,train
51226,train
14121,train
83901,train
89246,train
23270,train
88759,train
41822,train
78904,train
86335,train
24862,train
78363,train
76455,train
86539,train
24677,train
39542,train
54002,train
3915,train
44253,train
40032,train
60849,train
91676,train
42805,train
53540,train
12041,train
11350,train
30664,train
31117,train
73350,train
39865,train
34615,train
76448,train
70454,train
52926,train
73738,train
69123,train
48238,train
69489,train
20009,train
9530,train
51666,train
93460,train
23929,train
17755,train
19078,train
13837,train
77940,train
82863,train
31478,train
5581,train
89114,train
82108,train
71506,train
56309,train
92812,train
43620,train
449,train
39998,train
63494,train
19790,train
34648,train
29302,train
28438,train
79431,train
66946,train
52492,train
62116,train
58004,train
95969,train
89321,train
87616,train
23528,train
16582,train
29648,train
90302,train
42219,train
10367,train
13033,train
84525,train
22444,train
9206,train
67830,train
85994,train
2645,train
99565,train
51938,train
72126,train
96455,train
36478,train
70687,train
61819,train
66042,train
14412,train
14030,train
20236,train
63108,train
40416,train
92516,train
34521,train
56428,train
1300,train
54396,train
60615,train
14921,train
9400,train
88367,train
1954,train
31427,train
16313,train
69446,train
73653,train
64546,train
45459,train
12894,train
23661,train
82295,train
87521,train
40937,train
63495,train
58352,train
65228,train
30728,train
68038,train
58650,train
27334,train
14925,train
15902,train
11728,train
52742,train
67257,train
50206,train
35710,train
62915,train
97201,train
79935,train
45927,train
83982,train
77826,train
42912,train
60373,train
53736,train
18705,train
73178,train
98181,train
86066,train
3352,train
5675,train
1374,train
83954,train
91851,train
48145,train
24646,train
40230,train
88561,train
40940,train
11656,train
17474,train
70507,train
87910,train
12493,train
87541,train
22963,train
55775,train
74727,train
78179,train
14201,train
34116,train
36550,train
32254,train
48501,train
6064,train
36317,train
22802,train
22057,train
46792,train
35679,train
63739,train
38759,train
97019,train
68420,train
28146,train
39293,train
20142,train
2629,train
69043,train
81515,train
72332,train
12490,train
16958,train
77279,train
26994,train
57081,train
26728,train
25487,train
45023,train
73230,train
21665,train
13534,train
36809,train
22929,train
31279,train
46656,train
54636,train
73253,train
53797,train
30065,train
85547,train
31138,train
13863,train
28101,train
69392,train
60525,train
82034,train
770,train
57526,train
90139,train
13823,train
21090,train
41099,train
98973,train
10916,train
17378,train
17118,train
78232,train
93800,train
76224,train
87595,train
6178,train
39039,train
27999,train
81326,train
20945,train
74389,train
39527,train
62481,train
4506,train
4439,train
1166,train
42870,train
66152,train
77051,train
32262,train
92156,train
52626,train
38963,train
21687,train
73620,train
99117,train
31535,train
84099,train
8131,train
48437,train
26627,train
57740,train
32939,train
74259,train
16390,train
3544,train
49113,train
59432,train
66318,train
70179,train
69362,train
55773,train
48760,train
63289,train
73603,train
15454,train
69133,train
69061,train
54626,train
10827,train
11970,train
53193,train
77301,train
77837,train
27570,train
93236,train
35975,train
13852,train
84641,train
14662,train
72078,train
90619,train
8917,train
47474,train
84565,train
75865,train
80476,train
77375,train
41831,train
81851,train
67957,train
42672,train
52665,train
11122,train
52661,train
69707,train
88626,train
90825,train
78448,train
62255,train
99006,train
80951,train
44263,train
83023,train
73396,train
62268,train
16503,train
92293,train
81702,train
2484,train
76323,train
38788,train
13635,train
42244,train
69951,train
10397,train
55552,train
48067,train
55810,train
53864,train
53401,train
60727,train
70826,train
8817,train
30617,train
57602,train
47825,train
43530,train
44832,train
21767,train
22889,train
54085,train
58657,train
56911,train
25203,train
88572,train
29537,train
29868,train
16539,train
58679,train
30627,train
94132,train
11098,train
44022,train
11968,train
57692,train
34262,train
30029,train
71759,train
81210,train
55747,train
43500,train
60389,train
26864,train
240,train
25114,train
81748,train
98605,train
4718,train
92209,train
17897,train
82720,train
79328,train
26439,train
87906,train
61186,train
98688,train
12551,train
22631,train
12090,train
47845,train
98673,train
72881,train
35922,train
10111,train
17170,train
46938,train
27168,train
27118,train
16039,train
71982,train
52201,train
9376,train
47758,train
60841,train
28687,train
72022,train
22507,train
2283,train
76359,train
91508,train
29994,train
94764,train
47657,train
1036,train
55058,train
48463,train
69132,train
54611,train
94183,train
8500,train
14838,train
2904,train
58656,train
66817,train
48289,train
80680,train
73644,train
47924,train
27659,train
16580,train
73038,train
23672,train
78847,train
69501,train
55272,train
41355,train
82076,train
57212,train
28137,train
55443,train
45018,train
63284,train
24924,train
96243,train
83879,train
42811,train
69512,train
51152,train
42228,train
75987,train
96923,train
46107,train
20849,train
12690,train
75449,train
70253,train
32702,train
22103,train
60334,train
96755,train
99806,train
51082,train
80649,train
88261,train
32243,train
62862,train
76841,train
3157,train
55725,train
76052,train
77868,train
87119,train
6529,train
38735,train
37813,train
37228,train
76083,train
36631,train
25515,train
29603,train
53084,train
88643,train
21178,train
80156,train
98570,train
87489,train
34280,train
33657,train
67859,train
85235,train
80284,train
39751,train
79306,train
26522,train
58045,train
68988,train
75927,train
28991,train
33603,train
62800,train
8840,train
70819,train
97756,train
28763,train
48738,train
83880,train
2519,train
17053,train
54666,train
94835,train
54679,train
29468,train
45705,train
38471,train
76454,train
25413,train
87101,train
10965,train
48778,train
44567,train
41698,train
15601,train
88852,train
92015,train
49327,train
57359,train
42962,train
79628,train
81954,train
19261,train
71163,train
18110,train
6536,train
73549,train
74485,train
14339,train
46699,train
15107,train
91246,train
95643,train
5967,train
81241,train
47460,train
20481,train
1335,train
378,train
24791,train
64590,train
32893,train
6588,train
47962,train
7725,train
59218,train
25616,train
64358,train
5380,train
90470,train
69461,train
10534,train
2956,train
14538,train
19384,train
12248,train
11251,train
4285,train
15847,train
56090,train
92977,train
31139,train
1611,train
37878,train
92684,train
20087,train
59551,train
24044,train
87216,train
32093,train
28264,train
55027,train
19165,train
90185,train
59667,train
96641,train
60013,train
45695,train
15131,train
26020,train
67775,train
48134,train
49284,train
90692,train
89081,train
50236,train
26680,train
8188,train
80515,train
57960,train
26601,train
23221,train
90170,train
51304,train
39608,train
78807,train
11001,train
91290,train
43300,train
12794,train
54539,train
63429,train
26337,train
58844,train
96531,train
24168,train
54077,train
46991,train
65905,train
12610,train
76500,train
54468,train
21041,train
47381,train
52911,train
91985,train
22990,train
15126,train
56761,train
5269,train
36218,train
92419,train
16279,train
40681,train
64174,train
66435,train
64958,train
94533,train
34758,train
6587,train
2853,train
67602,train
10809,train
1851,train
63652,train
20550,train
36188,train
55789,train
18459,train
56493,train
17875,train
57609,train
28556,train
26450,train
56004,train
53280,train
37097,train
72457,train
10841,train
39574,train
70143,train
77742,train
86273,train
90859,train
96816,train
40406,train
49408,train
36909,train
9250,train
66267,train
23183,train
57901,train
11234,train
93706,train
49724,train
55307,train
47685,train
38613,train
45806,train
37644,train
50016,train
53278,train
31631,train
19471,train
47300,train
99092,train
85449,train
14151,train
91917,train
34273,train
19217,train
40250,train
78242,train
84407,train
7285,train
44009,train
37013,train
81052,train
30890,train
69582,train
54316,train
39027,train
37055,train
79849,train
88807,train
90525,train
89873,train
54592,train
64494,train
99673,train
81291,train
20664,train
84816,train
5968,train
35661,train
52165,train
6913,train
72523,train
16941,train
91409,train
28803,train
64557,train
94429,train
91967,train
58962,train
69,train
89013,train
74295,train
14454,train
36788,train
89002,train
5178,train
35404,train
37742,train
64790,train
87919,train
66100,train
15653,train
80840,train
78953,train
95945,train
12270,train
64113,train
6631,train
63389,train
37006,train
36301,train
73104,train
39931,train
19133,train
66218,train
25357,train
29889,train
70423,train
12470,train
65535,train
98262,train
24782,train
86002,train
7496,train
32220,train
58340,train
88939,train
56802,train
21792,train
38550,train
83793,train
79235,train
67734,train
61696,train
53715,train
85949,train
3167,train
14559,train
63521,train
39613,train
69810,train
89734,train
4571,train
83191,train
32161,train
66377,train
12813,train
36747,train
96300,train
63372,train
90820,train
52315,train
90292,train
36274,train
43802,train
64766,train
49065,train
81989,train
27169,train
84985,train
55054,train
55597,train
43025,train
68082,train
26464,train
31211,train
56139,train
58220,train
33305,train
71806,train
8562,train
6575,train
74096,train
58520,train
80656,train
305,train
19116,train
55696,train
72027,train
22721,train
50283,train
74104,train
40714,train
54596,train
96774,train
79760,train
15260,train
96266,train
94967,train
39436,train
25854,train
43505,train
60359,train
42202,train
74980,train
18931,train
97781,train
50610,train
55944,train
40687,train
4639,train
76523,train
37779,train
36072,train
91009,train
88029,train
28444,train
58569,train
56032,train
53353,train
41971,train
43528,train
38633,train
94398,train
58853,train
1426,train
20166,train
50310,train
44887,train
11739,train
33913,train
94685,train
47147,train
61898,train
38826,train
99344,train
43277,train
61497,train
69567,train
70089,train
54474,train
84266,train
27931,train
5789,train
80982,train
29073,train
98048,train
77663,train
7490,train
13522,train
99519,train
369,train
20049,train
52303,train
37469,train
80603,train
1198,train
36011,train
32027,train
46287,train
89124,train
48074,train
73056,train
90076,train
33999,train
18071,train
7772,train
98250,train
31943,train
75476,train
76263,train
26333,train
93272,train
73886,train
9576,train
37346,train
99149,train
79911,train
46292,train
291,train
82864,train
63264,train
67536,train
42631,train
86224,train
6638,train
3187,train
33695,train
70542,train
52033,train
96019,train
63099,train
24317,train
22119,train
49333,train
89407,train
98172,train
29207,train
61569,train
32341,train
70880,train
93850,train
16908,train
84744,train
59208,train
26083,train
27972,train
79513,train
7208,train
55455,train
22892,train
82229,train
11241,train
38434,train
10842,train
82831,train
90266,train
36759,train
41265,train
89599,train
2044,train
55323,train
1844,train
31250,train
9124,train
33489,train
17008,train
27970,train
93180,train
87092,train
38991,train
57143,train
12451,train
12051,train
53849,train
32112,train
14717,train
8973,train
74300,train
29397,train
86372,train
12912,train
31098,train
16765,train
74932,train
79373,train
82856,train
63390,train
6549,train
68158,train
91625,train
95855,train
49450,train
80501,train
47127,train
64356,train
37838,train
6164,train
54960,train
48652,train
83140,train
99684,train
77149,train
23986,train
55635,train
37066,train
61632,train
56262,train
36796,train
75382,train
31969,train
95661,train
74878,train
30442,train
78574,train
95255,train
15340,train
31609,train
91825,train
55309,train
53463,train
19344,train
69055,train
11500,train
19438,train
295,train
78604,train
50997,train
10772,train
81520,train
86917,train
43975,train
60524,train
40560,train
62406,train
72627,train
20827,train
8147,train
15794,train
30760,train
49679,train
93934,train
94570,train
97311,train
47411,train
73149,train
14285,train
26768,train
59384,train
80591,train
34251,train
75499,train
66305,train
66560,train
5472,train
22058,train
19827,train
3050,train
13394,train
24364,train
85988,train
29235,train
83606,train
32426,train
90289,train
6365,train
32455,train
34946,train
41696,train
20545,train
78210,train
12182,train
30485,train
8414,train
25551,train
9397,train
58110,train
3619,train
75583,train
22269,train
22761,train
2780,train
85371,train
68554,train
34252,train
25008,train
5816,train
93836,train
97981,train
8419,train
96496,train
21086,train
98725,train
89625,train
27422,train
26038,train
91936,train
84257,train
12862,train
420,train
79421,train
34240,train
54713,train
67066,train
29343,train
98554,train
84320,train
12019,train
84608,train
8435,train
87049,train
72302,train
62300,train
85611,train
28168,train
60287,train
17946,train
51134,train
51088,train
54514,train
37843,train
1663,train
18014,train
3605,train
66812,train
64430,train
92023,train
68804,train
44970,train
77699,train
52855,train
43744,train
7668,train
5985,train
27669,train
35043,train
79784,train
7297,train
17978,train
70739,train
76330,train
98938,train
51143,train
41695,train
59392,train
42162,train
19941,train
6235,train
65676,train
8030,train
38494,train
44040,train
18572,train
61108,train
29808,train
40494,train
74677,train
23790,train
93543,train
58359,train
21163,train
44531,train
452,train
82411,train
5433,train
36318,train
52389,train
22785,train
91260,train
61792,train
35120,train
41130,train
38678,train
35376,train
45518,train
82193,train
74497,train
79530,train
19007,train
63875,train
29794,train
6806,train
99434,train
66827,train
35620,train
85219,train
51077,train
91028,train
29178,train
34478,train
44582,train
66207,train
12345,train
34940,train
95461,train
59237,train
58530,train
89050,train
32144,train
2322,train
52687,train
15992,train
7709,train
7922,train
73028,train
54212,train
58920,train
531,train
98555,train
78061,train
49737,train
9875,train
93257,train
48140,train
21785,train
97194,train
98068,train
40007,train
78976,train
45404,train
13163,train
51401,train
67898,train
35681,train
78989,train
61146,train
44382,train
19688,train
8401,train
79834,train
72168,train
823,train
72596,train
57553,train
87769,train
87108,train
37701,train
50387,train
32256,train
15417,train
5717,train
65946,train
65393,train
50858,train
47060,train
28774,train
96539,train
88848,train
93524,train
19797,train
48911,train
57947,train
86472,train
72407,train
76872,train
90468,train
30809,train
65925,train
31818,train
95963,train
6157,train
22688,train
79580,train
26982,train
41341,train
47246,train
95703,train
80549,train
45214,train
51144,train
49677,train
66750,train
17129,train
83931,train
32369,train
97660,train
37159,train
68865,train
79866,train
3870,train
54602,train
45555,train
35027,train
57173,train
34160,train
12159,train
69166,train
13165,train
67358,train
8897,train
90530,train
36565,train
52326,train
78497,train
93368,train
56500,train
38861,train
54340,train
42230,train
56456,train
58289,train
12920,train
46358,train
9827,train
8343,train
9604,train
69011,train
53245,train
39097,train
20511,train
97472,train
14489,train
3973,train
57971,train
20765,train
14392,train
61064,train
49604,train
45296,train
5364,train
29470,train
69130,train
44985,train
54918,train
20807,train
31764,train
14909,train
53313,train
82424,train
62498,train
1854,train
27342,train
88961,train
9663,train
92182,train
63135,train
78042,train
46539,train
69908,train
68286,train
34509,train
84244,train
41737,train
35244,train
91652,train
2772,train
36507,train
84903,train
28287,train
97555,train
25022,train
2166,train
87917,train
15956,train
9223,train
32873,train
36455,train
33942,train
10829,train
40107,train
22956,train
32349,train
57153,train
20449,train
67121,train
49978,train
71192,train
12069,train
46930,train
92376,train
45148,train
8625,train
85005,train
97021,train
24769,train
45512,train
35481,train
87543,train
42176,train
94206,train
92491,train
27424,train
57472,train
18987,train
92220,train
15645,train
14365,train
60190,train
55956,train
30052,train
75321,train
86022,train
32776,train
4547,train
31747,train
81176,train
72228,train
98411,train
10227,train
90515,train
46541,train
76765,train
87682,train
13802,train
14077,train
17922,train
50175,train
85817,train
34611,train
73276,train
62291,train
33798,train
94040,train
11295,train
98716,train
40664,train
12034,train
63211,train
19714,train
28364,train
88674,train
81726,train
12370,train
20704,train
87409,train
30344,train
81624,train
2957,train
68022,train
30908,train
97561,train
14678,train
37506,train
65340,train
33196,train
92527,train
13861,train
65540,train
93021,train
6707,train
76349,train
27453,train
52242,train
87953,train
85006,train
62482,train
34215,train
33050,train
86623,train
99612,train
20141,train
12752,train
17862,train
25887,train
63576,train
81021,train
96919,train
77685,train
63292,train
69100,train
31489,train
97961,train
62186,train
18798,train
98246,train
64416,train
42944,train
72810,train
57675,train
17606,train
23109,train
61967,train
969,train
85037,train
33036,train
52852,train
63244,train
22344,train
23068,train
46689,train
32157,train
46627,train
79307,train
76244,train
17894,train
87499,train
96671,train
60433,train
73058,train
55022,train
58606,train
49855,train
34354,train
19209,train
46992,train
20684,train
42820,train
26003,train
42576,train
55190,train
98366,train
92772,train
1741,train
74182,train
57693,train
90131,train
716,train
99788,train
55452,train
64759,train
74363,train
78093,train
48031,train
84926,train
60548,train
12200,train
89379,train
44541,train
98871,train
4026,train
63098,train
10041,train
26294,train
93971,train
99065,train
70110,train
91820,train
72218,train
98670,train
18799,train
17260,train
64332,train
20523,train
67663,train
72703,train
24921,train
31172,train
59283,train
57654,train
23051,train
64367,train
62551,train
14804,train
13592,train
31008,train
54234,train
42205,train
90593,train
90027,train
28290,train
71081,train
23120,train
43682,train
18473,train
32598,train
50303,train
30398,train
20054,train
42199,train
95095,train
16094,train
85165,train
85260,train
41672,train
38746,train
1184,train
79612,train
16685,train
99767,train
13958,train
98147,train
18137,train
53594,train
58576,train
54917,train
74571,train
70818,train
6792,train
77122,train
13853,train
42067,train
44451,train
68666,train
33175,train
62310,train
72734,train
90707,train
32126,train
5194,train
33461,train
70696,train
50006,train
91840,train
50719,train
88462,train
85321,train
71146,train
86252,train
12191,train
59806,train
73470,train
73376,train
39546,train
16987,train
40178,train
85177,train
39301,train
61452,train
93816,train
55494,train
48003,train
44147,train
95606,train
94842,train
59216,train
2419,train
98990,train
96736,train
85213,train
60461,train
68509,train
29525,train
70865,train
96920,train
6051,train
70643,train
54204,train
33613,train
99125,train
66858,train
19513,train
16811,train
70229,train
77235,train
84674,train
36951,train
37369,train
87125,train
7426,train
80673,train
21983,train
7475,train
33737,train
10974,train
85569,train
54036,train
87269,train
49832,train
35324,train
79855,train
47557,train
65238,train
94185,train
89164,train
2130,train
10747,train
63590,train
1595,train
51931,train
25920,train
28262,train
70529,train
48047,train
20254,train
73414,train
6082,train
41674,train
50996,train
86312,train
17030,train
72374,train
97251,train
94181,train
8556,train
81207,train
45194,train
85950,train
79298,train
55554,train
71692,train
18871,train
8918,train
96216,train
55398,train
93980,train
69700,train
40284,train
3841,train
99573,train
56062,train
24884,train
10177,train
91049,train
23868,train
7562,train
53893,train
52972,train
24412,train
65851,train
30723,train
47714,train
22850,train
42848,train
50757,train
60372,train
65444,train
63804,train
21404,train
14607,train
31795,train
2427,train
63740,train
13436,train
76828,train
93103,train
70723,train
55718,train
79671,train
53297,train
48805,train
23030,train
45280,train
10652,train
27961,train
25590,train
32508,train
44139,train
81827,train
96781,train
19601,train
38968,train
2507,train
59149,train
46325,train
41185,train
12474,train
42570,train
35902,train
84280,train
51255,train
28630,train
86385,train
9168,train
2849,train
9674,train
5403,train
40789,train
41898,train
22551,train
25773,train
43437,train
67412,train
88301,train
67580,train
26086,train
4162,train
82596,train
58184,train
60484,train
30176,train
55207,train
93403,train
6242,train
8274,train
72079,train
68025,train
9008,train
98199,train
98874,train
57771,train
19955,train
67218,train
70649,train
16136,train
60553,train
97720,train
54303,train
8474,train
65299,train
31953,train
76420,train
65988,train
49810,train
86610,train
73409,train
26573,train
14761,train
12363,train
70700,train
90850,train
11964,train
87350,train
97799,train
2325,train
59660,train
28025,train
74509,train
4256,train
64952,train
28889,train
60696,train
27812,train
49869,train
83138,train
42379,train
73868,train
7513,train
25312,train
81911,train
72797,train
48985,train
591,train
13618,train
96623,train
57070,train
65385,train
37355,train
7909,train
66176,train
63543,train
58240,train
72398,train
96263,train
4444,train
65996,train
4315,train
21884,train
42300,train
90987,train
84865,train
38188,train
71208,train
42282,train
2636,train
95993,train
57875,train
52125,train
55403,train
8434,train
55202,train
92202,train
40490,train
33788,train
99109,train
15337,train
25542,train
4885,train
13805,train
10129,train
76680,train
22197,train
77651,train
91415,train
95489,train
3649,train
4277,train
34398,train
12974,train
43100,train
34239,train
98268,train
69876,train
92416,train
65581,train
74022,train
59039,train
96004,train
19649,train
52086,train
81068,train
37533,train
13265,train
30688,train
14335,train
97400,train
34766,train
88152,train
66530,train
31255,train
41225,train
48972,train
90046,train
26712,train
91479,train
14941,train
59226,train
43632,train
69247,train
27700,train
95094,train
64815,train
48489,train
58864,train
44465,train
42402,train
250,train
41240,train
65589,train
33426,train
41001,train
60941,train
24910,train
47561,train
70731,train
62919,train
12969,train
63414,train
18900,train
47220,train
19446,train
8608,train
45897,train
47291,train
35780,train
90011,train
33212,train
84603,train
55698,train
68358,train
17039,train
28959,train
32885,train
50855,train
8013,train
65801,train
68571,train
15062,train
30744,train
88503,train
44188,train
62201,train
13378,train
61615,train
59496,train
70601,train
59493,train
57261,train
68278,train
73899,train
44685,train
91981,train
6492,train
59307,train
48531,train
62921,train
78588,train
23077,train
44475,train
66695,train
74109,train
86289,train
44013,train
6724,train
73045,train
9669,train
51178,train
86201,train
14246,train
5097,train
87766,train
15728,train
22833,train
79292,train
71636,train
36969,train
11769,train
84574,train
84425,train
88985,train
53815,train
62496,train
11082,train
75608,train
56053,train
24458,train
21226,train
73790,train
26249,train
12966,train
74146,train
49645,train
42687,train
71040,train
79826,train
57489,train
66952,train
73765,train
42189,train
41114,train
31296,train
42318,train
89476,train
9725,train
10132,train
94381,train
99443,train
80050,train
61777,train
15639,train
54060,train
47912,train
33783,train
87475,train
61976,train
79362,train
2086,train
25578,train
63880,train
4971,train
69678,train
50595,train
34507,train
51378,train
7630,train
55849,train
45163,train
31003,train
72160,train
21770,train
72073,train
44944,train
26514,train
28033,train
53087,train
7577,train
86681,train
10639,train
71249,train
65370,train
82170,train
69243,train
65711,train
45204,train
17102,train
61355,train
69538,train
39912,train
17892,train
3599,train
85777,train
41924,train
13074,train
27165,train
41133,train
79969,train
31842,train
31662,train
74026,train
50353,train
27825,train
19782,train
18522,train
47390,train
61183,train
48245,train
94509,train
33617,train
36589,train
57395,train
59973,train
97061,train
94538,train
41272,train
85954,train
97666,train
79982,train
19417,train
96572,train
86870,train
91190,train
66211,train
38210,train
76145,train
40708,train
59435,train
88109,train
86903,train
35579,train
83414,train
9937,train
86548,train
44546,train
57554,train
88126,train
54161,train
81048,train
7655,train
61714,train
65378,train
78017,train
55161,train
17282,train
36200,train
53945,train
1043,train
97257,train
30969,train
49906,train
39228,train
25430,train
32845,train
32900,train
79512,train
59133,train
3863,train
50150,train
45126,train
16384,train
44854,train
39599,train
13025,train
30018,train
81790,train
14983,train
80378,train
94396,train
42758,train
97829,train
69547,train
83667,train
36427,train
64443,train
27446,train
73150,train
90664,train
12081,train
72742,train
89170,train
13454,train
89783,train
52995,train
84878,train
20108,train
83777,train
70401,train
36061,train
7994,train
90494,train
21291,train
19247,train
56023,train
7836,train
93005,train
16719,train
57790,train
42325,train
83099,train
16455,train
1427,train
89635,train
13734,train
75648,train
47503,train
87558,train
27400,train
69996,train
63404,train
1721,train
32849,train
25527,train
88453,train
23302,train
41604,train
8715,train
9277,train
24241,train
67740,train
99712,train
46460,train
60955,train
5102,train
91991,train
63156,train
73802,train
76331,train
94997,train
51153,train
82869,train
65576,train
9278,train
22202,train
62045,train
40000,train
40240,train
53672,train
72894,train
91892,train
88312,train
43299,train
81604,train
21723,train
53355,train
92611,train
5812,train
60830,train
87745,train
76563,train
5922,train
75441,train
533,train
65644,train
58821,train
11628,train
6060,train
26154,train
36387,train
64295,train
98444,train
68928,train
7262,train
49142,train
91177,train
82597,train
81339,train
81412,train
29223,train
80230,train
18373,train
6543,train
14198,train
98955,train
51375,train
84836,train
54005,train
5508,train
59597,train
32505,train
18609,train
17760,train
21267,train
14395,train
22535,train
26171,train
30064,train
8276,train
42726,train
15164,train
91084,train
45942,train
23361,train
64821,train
57007,train
57687,train
59870,train
66846,train
13023,train
41083,train
28040,train
48694,train
77363,train
99339,train
6874,train
52485,train
79789,train
87161,train
70893,train
4810,train
71148,train
96276,train
39511,train
24839,train
30429,train
42294,train
34536,train
55764,train
49546,train
39575,train
67388,train
68333,train
65093,train
61050,train
65684,train
60508,train
98237,train
21445,train
68472,train
97671,train
6211,train
62913,train
59649,train
81061,train
78849,train
42853,train
52903,train
88597,train
40191,train
87600,train
10097,train
83553,train
60704,train
86764,train
99222,train
30137,train
80046,train
74361,train
15446,train
34862,train
34266,train
33710,train
39884,train
10553,train
26796,train
88022,train
42334,train
63037,train
3248,train
69277,train
53072,train
18777,train
10244,train
41457,train
920,train
51190,train
66414,train
23606,train
76089,train
65732,train
59533,train
33286,train
95570,train
65067,train
91583,train
55463,train
98702,train
57131,train
6071,train
28941,train
85332,train
49269,train
67133,train
83034,train
94557,train
40288,train
61880,train
83349,train
76498,train
24972,train
45300,train
81995,train
15630,train
89052,train
73542,train
99375,train
73836,train
80091,train
18855,train
12722,train
62309,train
14558,train
31062,train
51662,train
95538,train
91229,train
31723,train
30230,train
24367,train
34926,train
53807,train
44429,train
2071,train
89898,train
89661,train
49212,train
80181,train
94620,train
35383,train
65859,train
52513,train
9688,train
16274,train
44713,train
4521,train
91388,train
2911,train
65640,train
91966,train
82650,train
42494,train
52608,train
18030,train
21037,train
15888,train
94806,train
59857,train
19075,train
77413,train
35473,train
99799,train
12496,train
26975,train
51028,train
9170,train
18887,train
32987,train
60618,train
50974,train
38689,train
1004,train
44846,train
54280,train
76552,train
76297,train
35513,train
43354,train
2179,train
85373,train
68489,train
42497,train
3368,train
41194,train
86145,train
48772,train
54806,train
58885,train
53017,train
73651,train
78161,train
99947,train
42096,train
55776,train
1487,train
21626,train
62653,train
85922,train
48258,train
70821,train
47327,train
34204,train
30730,train
60340,train
5510,train
89391,train
69510,train
44875,train
62827,train
64185,train
10142,train
50667,train
42221,train
97728,train
98354,train
33917,train
58422,train
58683,train
33096,train
95897,train
73144,train
18230,train
487,train
92296,train
88788,train
342,train
2969,train
23421,train
35516,train
43593,train
69978,train
92570,train
76124,train
96748,train
77213,train
12010,train
57113,train
29814,train
2332,train
64042,train
91107,train
17726,train
9880,train
38000,train
94085,train
34363,train
37867,train
24279,train
37389,train
89326,train
94690,train
94928,train
42720,train
61130,train
92078,train
85381,train
41953,train
46757,train
8585,train
23197,train
76250,train
886,train
19436,train
92315,train
22295,train
88970,train
18436,train
96106,train
31330,train
4073,train
14194,train
32566,train
61535,train
94035,train
22554,train
59680,train
27345,train
30081,train
84727,train
9634,train
45080,train
76837,train
64567,train
59427,train
82492,train
25942,train
13202,train
71511,train
45888,train
55938,train
52382,train
97777,train
51984,train
79121,train
76310,train
41073,train
39423,train
25681,train
86467,train
73209,train
5799,train
7156,train
58347,train
67968,train
27579,train
25577,train
54759,train
19538,train
11394,train
474,train
27148,train
32089,train
96332,train
32897,train
17016,train
466,train
83226,train
73323,train
10532,train
82887,train
94687,train
3391,train
6209,train
61349,train
16911,train
838,train
60747,train
41629,train
23033,train
58934,train
43379,train
79347,train
19666,train
76704,train
95487,train
27575,train
91237,train
11203,train
5339,train
98667,train
4966,train
85008,train
29847,train
15860,train
4743,train
12797,train
62439,train
32278,train
83268,train
62739,train
68894,train
23728,train
22078,train
62428,train
60468,train
21574,train
87438,train
88656,train
23177,train
82283,train
44764,train
62557,train
28178,train
50125,train
54725,train
79890,train
755,train
92302,train
99938,train
71935,train
37011,train
63434,train
73451,train
34334,train
95417,train
51835,train
59495,train
29293,train
61325,train
15774,train
66311,train
41086,train
95937,train
60467,train
21379,train
20713,train
30422,train
52863,train
82806,train
80223,train
10456,train
14911,train
46736,train
59663,train
48616,train
45363,train
48266,train
10185,train
37748,train
66594,train
22717,train
48719,train
99692,train
24322,train
62396,train
49755,train
55294,train
58192,train
38668,train
72980,train
62129,train
63578,train
85471,train
29762,train
84894,train
30522,train
91220,train
78112,train
97889,train
67004,train
22644,train
17384,train
35322,train
71270,train
1011,train
458,train
14725,train
31913,train
32216,train
94985,train
5026,train
48469,train
48230,train
16921,train
91621,train
86700,train
88168,train
82750,train
52883,train
93317,train
508,train
97360,train
21568,train
94122,train
43176,train
12316,train
58898,train
16682,train
22571,train
12246,train
327,train
63118,train
88641,train
44417,train
35738,train
78645,train
82790,train
80928,train
90286,train
1682,train
80235,train
63547,train
48876,train
55615,train
6295,train
90889,train
96761,train
82648,train
30796,train
89310,train
75428,train
41140,train
21384,train
54526,train
80891,train
19125,train
15886,train
43120,train
40463,train
73910,train
37668,train
84652,train
96686,train
67459,train
34902,train
34217,train
56999,train
58281,train
83381,train
30028,train
45982,train
45652,train
9426,train
94318,train
51091,train
54994,train
59873,train
15391,train
23968,train
4476,train
18617,train
8978,train
5880,train
5195,train
61374,train
76022,train
7277,train
97042,train
99923,train
90188,train
46942,train
64,train
99324,train
15154,train
88553,train
3014,train
30160,train
76168,train
10110,train
64399,train
34423,train
72669,train
37226,train
62941,train
81071,train
2890,train
30610,train
99174,train
68814,train
26165,train
58231,train
85454,train
69653,train
50023,train
34195,train
93843,train
11782,train
4990,train
9509,train
37070,train
77308,train
3282,train
57271,train
15595,train
47369,train
1435,train
71155,train
87091,train
13141,train
66395,train
94619,train
70101,train
12665,train
19669,train
89901,train
3373,train
12654,train
99972,train
32237,train
62686,train
51341,train
60973,train
86094,train
43797,train
67754,train
10736,train
7519,train
86811,train
98431,train
1814,train
32313,train
11127,train
77408,train
2234,train
71133,train
10845,train
14086,train
16804,train
87651,train
30924,train
42783,train
38643,train
33200,train
70242,train
88693,train
21229,train
12968,train
30308,train
6516,train
34887,train
94394,train
55147,train
61448,train
78212,train
98017,train
11675,train
20814,train
73201,train
75570,train
53214,train
21343,train
76598,train
76409,train
12352,train
39872,train
22449,train
22780,train
47089,train
82757,train
4269,train
22661,train
84461,train
55256,train
44219,train
60054,train
43105,train
7356,train
18403,train
45634,train
86156,train
81084,train
46111,train
34416,train
69298,train
213,train
55966,train
28712,train
57718,train
2116,train
43483,train
86657,train
36803,train
87539,train
63767,train
46437,train
36964,train
97547,train
63254,train
83356,train
66438,train
3706,train
84796,train
50309,train
16,train
89849,train
44339,train
58349,train
62712,train
9958,train
4042,train
34545,train
67087,train
61007,train
21747,train
62917,train
99050,train
20223,train
98934,train
73053,train
40319,train
25621,train
42658,train
31275,train
57762,train
92488,train
9515,train
76708,train
4782,train
20374,train
9776,train
31790,train
69692,train
71589,train
39740,train
53206,train
6695,train
94320,train
42735,train
52416,train
84653,train
29344,train
73866,train
20633,train
96453,train
92483,train
57972,train
24426,train
98350,train
71789,train
37072,train
97102,train
57709,train
12799,train
72843,train
70463,train
36109,train
5564,train
52025,train
75817,train
514,train
48855,train
68541,train
35399,train
53352,train
61476,train
66797,train
46511,train
84392,train
1445,train
34540,train
68840,train
45544,train
41689,train
68716,train
76859,train
14830,train
15654,train
24063,train
27604,train
75682,train
65901,train
48647,train
15438,train
77069,train
261,train
75855,train
68151,train
17731,train
91719,train
53001,train
47258,train
96587,train
15284,train
24424,train
21305,train
52876,train
88809,train
26669,train
21758,train
71010,train
62717,train
57563,train
68418,train
1540,train
12554,train
34528,train
44057,train
93361,train
18422,train
46662,train
49338,train
16292,train
29845,train
62445,train
506,train
97329,train
84491,train
46828,train
4027,train
18890,train
71050,train
28579,train
47808,train
19749,train
56824,train
62292,train
5778,train
74710,train
57981,train
24443,train
38386,train
44506,train
99871,train
37081,train
8646,train
252,train
61575,train
74792,train
94512,train
70165,train
80070,train
59314,train
18164,train
34803,train
77383,train
7040,train
7845,train
61267,train
22273,train
25238,train
45075,train
44992,train
89360,train
22289,train
63905,train
44312,train
10258,train
88794,train
49854,train
73130,train
38159,train
75833,train
34083,train
44734,train
59566,train
35972,train
35346,train
56530,train
11216,train
21617,train
48229,train
8550,train
93872,train
92985,train
83080,train
60567,train
58156,train
56038,train
57701,train
80740,train
80438,train
1048,train
689,train
44206,train
73924,train
8587,train
22538,train
43918,train
92228,train
81635,train
77290,train
65060,train
62449,train
33816,train
67642,train
901,train
12757,train
79869,train
45667,train
44753,train
90073,train
10301,train
30950,train
93653,train
20047,train
59661,train
38465,train
49077,train
30294,train
27072,train
97298,train
86742,train
45675,train
10936,train
53467,train
46674,train
44993,train
14807,train
28906,train
50244,train
20007,train
16756,train
88087,train
78888,train
20438,train
81923,train
97377,train
72560,train
63871,train
63803,train
76015,train
22065,train
75322,train
38250,train
30647,train
75849,train
46367,train
56397,train
83365,train
66993,train
59369,train
79034,train
43152,train
9041,train
59794,train
81317,train
71280,train
12535,train
31821,train
2184,train
46386,train
4567,train
52452,train
33540,train
30231,train
83339,train
88998,train
11792,train
19785,train
56681,train
56105,train
76363,train
24456,train
75254,train
90151,train
31717,train
56461,train
13864,train
62587,train
51205,train
66132,train
45051,train
87498,train
50645,train
52443,train
82515,train
30185,train
57252,train
11346,train
36367,train
43447,train
1809,train
3780,train
40068,train
10931,train
82322,train
11759,train
58167,train
88723,train
51314,train
79288,train
31352,train
96713,train
59443,train
2910,train
8647,train
85405,train
63,train
71373,train
14447,train
7203,train
64647,train
55916,train
44551,train
49717,train
40122,train
2055,train
99124,train
20450,train
61255,train
72495,train
34752,train
40002,train
77444,train
69626,train
13721,train
61687,train
79956,train
69450,train
65405,train
73537,train
96174,train
63066,train
94307,train
52021,train
25289,train
32853,train
47029,train
66326,train
71969,train
56739,train
43556,train
46703,train
63810,train
94856,train
67528,train
54305,train
79547,train
46160,train
42722,train
77791,train
52200,train
49870,train
95365,train
37746,train
68825,train
75997,train
81540,train
35037,train
51654,train
94138,train
92415,train
23815,train
99908,train
24036,train
48598,train
24843,train
88863,train
4925,train
50185,train
97991,train
80363,train
58615,train
61242,train
63413,train
82321,train
16574,train
90596,train
38891,train
34516,train
90462,train
87846,train
57293,train
79234,train
17564,train
47636,train
16646,train
3491,train
45161,train
52696,train
27469,train
309,train
5116,train
28596,train
68984,train
78701,train
28951,train
16388,train
71993,train
97807,train
35169,train
27682,train
14905,train
10537,train
12620,train
12181,train
87832,train
37569,train
63692,train
60045,train
39827,train
84563,train
2837,train
59209,train
90998,train
18550,train
85693,train
31164,train
57032,train
1070,train
23025,train
67081,train
41026,train
99831,train
31771,train
53377,train
60048,train
57366,train
23957,train
47202,train
82431,train
85387,train
61230,train
78540,train
8345,train
22262,train
69650,train
18392,train
18007,train
70134,train
15616,train
13818,train
74248,train
8431,train
61685,train
19160,train
4992,train
31264,train
13636,train
45358,train
65963,train
39745,train
28430,train
15587,train
92767,train
49040,train
31109,train
48537,train
31503,train
49108,train
97698,train
44377,train
70211,train
52067,train
18675,train
38811,train
39488,train
35015,train
33160,train
19698,train
24917,train
97501,train
97852,train
35881,train
26484,train
89167,train
11158,train
81322,train
3273,train
16635,train
83509,train
64485,train
88650,train
51032,train
52523,train
15299,train
93192,train
57767,train
14719,train
87701,train
77372,train
56284,train
53925,train
69972,train
48942,train
56906,train
49183,train
88789,train
31538,train
77271,train
69822,train
47854,train
28129,train
75842,train
46105,train
25560,train
94388,train
90630,train
46709,train
92069,train
62139,train
54803,train
78420,train
12934,train
40072,train
72767,train
32988,train
22729,train
50384,train
42076,train
37633,train
64662,train
27797,train
21613,train
82377,train
4470,train
93525,train
70494,train
80448,train
55015,train
76688,train
7055,train
45747,train
10225,train
66212,train
28810,train
22677,train
68823,train
76962,train
85991,train
94878,train
42571,train
55155,train
61168,train
74780,train
95264,train
39956,train
48059,train
13992,train
94889,train
27090,train
27588,train
20899,train
72376,train
49632,train
6662,train
20754,train
27111,train
66574,train
67403,train
40865,train
43089,train
82995,train
42562,train
90048,train
89139,train
25971,train
58666,train
12698,train
41309,train
22404,train
4317,train
66043,train
54260,train
71106,train
64695,train
1899,train
94500,train
71936,train
77907,train
55048,train
73168,train
18704,train
13974,train
79515,train
97641,train
34670,train
12885,train
57729,train
49704,train
20881,train
47262,train
49235,train
61519,train
77174,train
5282,train
551,train
69828,train
79617,train
87190,train
94773,train
8132,train
33456,train
17607,train
66427,train
12639,train
27007,train
81340,train
68201,train
93439,train
15501,train
32953,train
35086,train
62144,train
12883,train
66572,train
44201,train
53820,train
72381,train
75828,train
75277,train
47554,train
15917,train
38654,train
81686,train
22261,train
12762,train
52826,train
92201,train
47958,train
81574,train
63148,train
43330,train
82754,train
35152,train
28919,train
74207,train
32415,train
86881,train
48096,train
44950,train
96261,train
53705,train
53960,train
6372,train
19009,train
75505,train
91312,train
31228,train
87820,train
42730,train
82440,train
84373,train
52155,train
26196,train
97928,train
29170,train
36193,train
24635,train
76265,train
65517,train
79802,train
94288,train
53975,train
46370,train
61509,train
92680,train
79700,train
7727,train
23865,train
23705,train
26102,train
78247,train
81493,train
39304,train
43955,train
5885,train
61145,train
40482,train
42333,train
76651,train
9544,train
56403,train
20742,train
8667,train
88459,train
60530,train
92286,train
22436,train
92350,train
66177,train
61841,train
69775,train
49823,train
95989,train
35957,train
23708,train
43698,train
41954,train
17001,train
46849,train
24678,train
68228,train
33963,train
359,train
75832,train
98118,train
68005,train
51270,train
27648,train
11138,train
51084,train
60656,train
35996,train
23881,train
83652,train
19274,train
34598,train
98633,train
62955,train
45959,train
85999,train
87218,train
54843,train
80074,train
34175,train
25975,train
25,train
21060,train
5981,train
19082,train
99418,train
60275,train
98495,train
74328,train
14659,train
18795,train
90077,train
38771,train
16170,train
67874,train
56398,train
37040,train
95827,train
7024,train
6750,train
2138,train
70803,train
26860,train
95319,train
55854,train
85271,train
87735,train
56097,train
12617,train
4430,train
91466,train
38381,train
34026,train
60365,train
78333,train
73758,train
43897,train
79584,train
75884,train
69525,train
64724,train
88263,train
85420,train
44956,train
21410,train
48571,train
55603,train
46573,train
46305,train
21507,train
97782,train
20475,train
36750,train
91307,train
5094,train
17749,train
58472,train
45789,train
92817,train
61319,train
27357,train
78559,train
80817,train
60343,train
11067,train
69782,train
13679,train
19355,train
23187,train
70512,train
82368,train
67143,train
18494,train
19285,train
35187,train
56715,train
58826,train
15911,train
7018,train
1405,train
99245,train
36445,train
53713,train
13184,train
75066,train
92597,train
95235,train
44946,train
4622,train
42055,train
74256,train
81242,train
76098,train
58318,train
61085,train
98120,train
49944,train
96858,train
66128,train
94574,train
71028,train
68789,train
69467,train
83699,train
35456,train
56357,train
56021,train
28688,train
55887,train
9149,train
96092,train
38055,train
86011,train
46994,train
28160,train
63516,train
15257,train
78141,train
35223,train
99669,train
35482,train
17386,train
28103,train
74013,train
46232,train
4198,train
37449,train
92667,train
3837,train
42861,train
15288,train
33205,train
72016,train
4890,train
36568,train
88465,train
8458,train
32484,train
17088,train
2846,train
69503,train
2462,train
19870,train
40060,train
42960,train
37395,train
57090,train
4502,train
933,train
36129,train
2260,train
61827,train
64981,train
50299,train
52901,train
77373,train
14896,train
15789,train
10275,train
54099,train
75320,train
14755,train
91097,train
20770,train
47823,train
5894,train
32668,train
74153,train
60936,train
45903,train
39369,train
80955,train
78705,train
14068,train
65560,train
26141,train
80484,train
92177,train
66799,train
93281,train
73240,train
30927,train
86242,train
12307,train
48000,train
73437,train
29619,train
84958,train
79045,train
35534,train
86704,train
79837,train
47682,train
62479,train
29269,train
93949,train
75880,train
43023,train
75989,train
4845,train
64832,train
29559,train
77949,train
29594,train
61344,train
1997,train
26667,train
63005,train
83942,train
26611,train
62502,train
44071,train
75099,train
5290,train
36774,train
61652,train
87664,train
779,train
6283,train
71425,train
69300,train
54627,train
25835,train
7211,train
296,train
69365,train
12208,train
47565,train
27191,train
33719,train
68351,train
27310,train
24882,train
27271,train
3607,train
69977,train
16962,train
40062,train
51853,train
37899,train
18142,train
80713,train
46274,train
21075,train
33104,train
18001,train
37802,train
60749,train
75407,train
64293,train
62803,train
4421,train
95737,train
68141,train
23719,train
59809,train
1111,train
72322,train
72998,train
37576,train
70199,train
49937,train
54088,train
70960,train
64316,train
6440,train
21473,train
46322,train
35643,train
48614,train
15040,train
6819,train
75133,train
28495,train
24679,train
81842,train
37155,train
52662,train
94187,train
39766,train
18862,train
5569,train
38366,train
1290,train
34278,train
84209,train
8098,train
47726,train
79475,train
66362,train
97582,train
72528,train
84884,train
28234,train
96799,train
18008,train
1699,train
95777,train
21068,train
84260,train
39064,train
93300,train
76036,train
27150,train
33317,train
70704,train
81572,train
72509,train
51157,train
61491,train
84512,train
12005,train
94673,train
64007,train
91828,train
5781,train
59405,train
5439,train
73493,train
55524,train
17186,train
42480,train
5625,train
80229,train
93855,train
50426,train
63421,train
37574,train
4071,train
10960,train
62364,train
22207,train
99160,train
87911,train
7050,train
34111,train
42380,train
32130,train
67000,train
74430,train
47599,train
79796,train
16675,train
43578,train
53985,train
11698,train
33045,train
61252,train
66024,train
78597,train
3303,train
46596,train
81775,train
43474,train
16914,train
19716,train
60591,train
225,train
7067,train
8674,train
51673,train
473,train
54574,train
34629,train
70943,train
98503,train
52764,train
30280,train
43435,train
75654,train
86054,train
76100,train
25117,train
85682,train
78556,train
15672,train
3,train
23489,train
26386,train
1053,train
53431,train
47932,train
90159,train
43792,train
68180,train
96926,train
28066,train
34600,train
59137,train
26917,train
20255,train
28640,train
1000,train
85151,train
12552,train
1284,train
27000,train
56587,train
61654,train
61240,train
32015,train
54211,train
11445,train
68431,train
88106,train
93295,train
71664,train
65800,train
29669,train
97980,train
13428,train
19924,train
49369,train
68634,train
24960,train
5291,train
50598,train
52255,train
47718,train
94108,train
22908,train
9481,train
49157,train
79737,train
90149,train
99765,train
23213,train
49935,train
16231,train
97435,train
57367,train
51907,train
44117,train
68104,train
71952,train
84350,train
34849,train
22649,train
57479,train
71758,train
48196,train
18204,train
85030,train
56646,train
46194,train
21550,train
65532,train
34310,train
93750,train
80594,train
30322,train
87236,train
39247,train
50596,train
57734,train
5325,train
31711,train
87530,train
82168,train
93184,train
79893,train
41345,train
19523,train
26116,train
28549,train
68057,train
99710,train
49493,train
9099,train
37671,train
53381,train
68338,train
7654,train
46722,train
84160,train
57025,train
27323,train
96757,train
42597,train
51883,train
93680,train
38067,train
2460,train
64818,train
60527,train
86465,train
27114,train
66521,train
72591,train
63085,train
96340,train
2614,train
17134,train
55337,train
61839,train
40224,train
88795,train
60889,train
30678,train
94400,train
74933,train
2448,train
29638,train
41739,train
32382,train
16439,train
8816,train
8581,train
44902,train
53731,train
53666,train
99181,train
22822,train
4103,train
26606,train
66881,train
68035,train
83670,train
59441,train
83907,train
57408,train
55647,train
10143,train
29341,train
95713,train
34558,train
92457,train
31888,train
19942,train
71526,train
79192,train
60858,train
47996,train
67555,train
79785,train
49561,train
6303,train
57884,train
28546,train
64783,train
96967,train
6979,train
10471,train
83518,train
17049,train
58727,train
69293,train
2160,train
42394,train
63589,train
24804,train
34228,train
25606,train
74892,train
21839,train
82288,train
31885,train
17956,train
56954,train
39769,train
66282,train
9706,train
14878,train
7875,train
69112,train
17140,train
23243,train
93794,train
94844,train
60893,train
62108,train
78886,train
16623,train
92935,train
37943,train
14341,train
83072,train
83346,train
33052,train
61669,train
33209,train
20915,train
44232,train
79526,train
78892,train
97299,train
11773,train
15613,train
30115,train
62455,train
49192,train
43050,train
95273,train
41709,train
37195,train
81875,train
80084,train
2883,train
53798,train
80781,train
12390,train
61579,train
65613,train
14820,train
70032,train
91815,train
78742,train
33577,train
73683,train
70438,train
85532,train
50743,train
95226,train
66678,train
54084,train
9632,train
19235,train
77452,train
28173,train
67328,train
74432,train
57309,train
38959,train
42705,train
59610,train
15447,train
2608,train
85859,train
64664,train
18068,train
99558,train
37179,train
46720,train
4675,train
70538,train
43204,train
56302,train
64299,train
32290,train
49595,train
45345,train
44031,train
39355,train
37351,train
36540,train
86491,train
20456,train
61803,train
14069,train
26899,train
89866,train
25782,train
70433,train
56554,train
33503,train
23215,train
64873,train
3937,train
44111,train
76430,train
66511,train
12017,train
71703,train
41885,train
86853,train
32660,train
5783,train
80725,train
283,train
96514,train
83791,train
81740,train
36882,train
83179,train
44660,train
76919,train
83786,train
88370,train
93734,train
96043,train
75964,train
37388,train
42868,train
97878,train
86871,train
79492,train
4865,train
46806,train
87534,train
25514,train
19456,train
44191,train
27257,train
42270,train
94446,train
90028,train
20525,train
29916,train
7691,train
19512,train
33591,train
53980,train
4255,train
65052,train
21147,train
15222,train
31506,train
41990,train
9267,train
51232,train
49153,train
945,train
46808,train
32081,train
25348,train
83659,train
35606,train
18814,train
7770,train
61032,train
5220,train
12606,train
74023,train
67291,train
99993,train
95950,train
93108,train
73659,train
98536,train
79486,train
98417,train
82289,train
12926,train
65156,train
38015,train
25313,train
63117,train
32572,train
51762,train
35219,train
7941,train
37568,train
9308,train
95808,train
22724,train
20809,train
13970,train
91258,train
3028,train
70775,train
56578,train
46050,train
99144,train
8628,train
42478,train
259,train
92124,train
17405,train
22751,train
20342,train
39459,train
59868,train
2485,train
12697,train
87866,train
2585,train
1852,train
77047,train
33293,train
2100,train
74623,train
57599,train
51433,train
90260,train
46247,train
53805,train
11578,train
50955,train
83721,train
76398,train
27091,train
45462,train
15098,train
32379,train
6673,train
27013,train
39580,train
37685,train
86367,train
21768,train
11049,train
8686,train
74281,train
36242,train
82642,train
97964,train
14251,train
59955,train
94922,train
52075,train
75121,train
60019,train
71726,train
5924,train
76958,train
28663,train
34740,train
53733,train
60307,train
29464,train
28185,train
47751,train
35483,train
58217,train
95560,train
83016,train
98609,train
52999,train
77037,train
23090,train
47071,train
45104,train
99303,train
53683,train
57213,train
70112,train
22580,train
79800,train
1258,train
9061,train
54178,train
2563,train
9131,train
84630,train
9763,train
96440,train
40031,train
68175,train
39234,train
79320,train
1057,train
23542,train
87204,train
84822,train
23724,train
98283,train
27002,train
48568,train
64690,train
49961,train
17658,train
82345,train
14852,train
10431,train
18367,train
13350,train
78260,train
87812,train
30367,train
40752,train
8323,train
39430,train
79446,train
37750,train
91733,train
83615,train
90503,train
47036,train
75631,train
18654,train
8407,train
66710,train
83530,train
79487,train
27336,train
26068,train
44945,train
64934,train
31024,train
59835,train
19459,train
4797,train
64377,train
68336,train
72790,train
45986,train
41125,train
50526,train
74817,train
44409,train
85413,train
55056,train
38358,train
7307,train
50779,train
90069,train
82959,train
93372,train
62693,train
56292,train
96518,train
38585,train
72658,train
87075,train
94063,train
77816,train
88897,train
67632,train
40805,train
69063,train
46470,train
48231,train
42532,train
96691,train
40987,train
28649,train
96057,train
43561,train
75758,train
90238,train
34030,train
2468,train
47104,train
54906,train
2097,train
58695,train
67282,train
6040,train
29117,train
22884,train
19534,train
97398,train
63825,train
28834,train
9946,train
22640,train
89009,train
71123,train
22667,train
6476,train
81720,train
60707,train
66782,train
1027,train
86541,train
2580,train
71802,train
99911,train
60148,train
93986,train
49629,train
48172,train
73596,train
80290,train
85603,train
65599,train
73582,train
86314,train
97231,train
82696,train
46422,train
48317,train
23458,train
40480,train
85203,train
86448,train
96432,train
23032,train
67293,train
53943,train
29827,train
43317,train
87248,train
19520,train
25473,train
26090,train
88016,train
91616,train
55638,train
11220,train
83390,train
96336,train
38305,train
63320,train
53317,train
97956,train
64726,train
72642,train
60301,train
98049,train
85192,train
83542,train
55319,train
26469,train
5400,train
6896,train
11997,train
25359,train
63575,train
97557,train
1130,train
67135,train
7075,train
7228,train
42460,train
75234,train
3975,train
1010,train
46447,train
38802,train
96487,train
32396,train
94851,train
93144,train
97871,train
92532,train
26848,train
28624,train
95198,train
60901,train
69398,train
12836,train
22864,train
51839,train
15188,train
87658,train
69931,train
90373,train
81974,train
64232,train
12557,train
21146,train
40364,train
26718,train
44830,train
39681,train
99582,train
55568,train
3969,train
15542,train
32312,train
22993,train
45072,train
26163,train
49211,train
48355,train
28971,train
39651,train
41473,train
94134,train
89780,train
31973,train
30339,train
91877,train
28812,train
443,train
93588,train
36328,train
44227,train
7660,train
74382,train
33292,train
32563,train
34647,train
81838,train
48601,train
69217,train
95512,train
98173,train
89563,train
42070,train
50239,train
68390,train
49387,train
51499,train
84289,train
57506,train
91642,train
60547,train
27464,train
35845,train
75157,train
68542,train
82838,train
25848,train
84643,train
61873,train
20818,train
4794,train
85195,train
42383,train
67885,train
31466,train
41069,train
33450,train
8319,train
7535,train
98468,train
64166,train
3548,train
34285,train
83548,train
50932,train
41745,train
21121,train
16030,train
60977,train
39324,train
73116,train
72401,train
19048,train
29876,train
63558,train
12077,train
87827,train
26148,train
65911,train
28222,train
72833,train
80182,train
16407,train
58833,train
63234,train
51192,train
26505,train
97448,train
24209,train
63411,train
36342,train
34665,train
48802,train
58899,train
24794,train
72412,train
62084,train
45039,train
79139,train
12664,train
62864,train
4396,train
17375,train
23098,train
18146,train
39145,train
88282,train
87793,train
96710,train
81102,train
66778,train
20197,train
89434,train
74445,train
61254,train
92885,train
93007,train
5665,train
71964,train
79983,train
91069,train
90144,train
19705,train
47607,train
48922,train
69961,train
17732,train
88397,train
10989,train
11181,train
43718,train
52846,train
85050,train
22690,train
288,train
99241,train
73117,train
24225,train
21472,train
26101,train
86832,train
44726,train
35811,train
79318,train
86520,train
1433,train
4243,train
490,train
87279,train
83454,train
58693,train
14733,train
31805,train
49354,train
45473,train
95419,train
33380,train
73110,train
92974,train
8016,train
42455,train
8467,train
94755,train
25494,train
93844,train
29221,train
6351,train
86197,train
20840,train
33941,train
45655,train
1315,train
6405,train
22304,train
40741,train
47440,train
26096,train
41816,train
79218,train
35952,train
70207,train
92277,train
46996,train
47880,train
17903,train
54553,train
51545,train
18538,train
87912,train
99973,train
97882,train
49801,train
22530,train
97916,train
80199,train
8666,train
83136,train
3712,train
76856,train
17511,train
57284,train
37993,train
28729,train
66719,train
87160,train
66359,train
20950,train
28245,train
62936,train
92988,train
1895,train
5219,train
8796,train
76815,train
52716,train
22397,train
71227,train
98805,train
85170,train
98835,train
53369,train
21024,train
2065,train
26648,train
13946,train
581,train
47199,train
82343,train
73902,train
29300,train
21826,train
691,train
92738,train
310,train
79799,train
79358,train
7161,train
39891,train
39188,train
62751,train
25851,train
69234,train
31234,train
89285,train
733,train
82536,train
46716,train
47659,train
51650,train
20017,train
81575,train
30309,train
54422,train
47502,train
26664,train
89613,train
55464,train
93170,train
19773,train
26844,train
51397,train
93291,train
68272,train
82387,train
31673,train
59863,train
99570,train
11288,train
74510,train
1133,train
70160,train
75847,train
31277,train
68690,train
10346,train
60685,train
9891,train
3993,train
5419,train
64258,train
49720,train
19604,train
70883,train
73496,train
88129,train
30749,train
90967,train
65887,train
59383,train
11534,train
12308,train
42921,train
94232,train
33862,train
62147,train
11564,train
50407,train
93079,train
67124,train
1386,train
41667,train
81431,train
21300,train
18324,train
28899,train
25596,train
87653,train
71571,train
33811,train
24538,train
2341,train
9435,train
3945,train
30751,train
43151,train
8072,train
73309,train
57503,train
90451,train
3380,train
63225,train
6771,train
75006,train
91532,train
45847,train
12198,train
31380,train
82234,train
31404,train
78501,train
68550,train
86475,train
68439,train
54724,train
61912,train
37162,train
35356,train
29945,train
45289,train
43469,train
93939,train
93282,train
26272,train
51170,train
56867,train
3957,train
72373,train
44695,train
21016,train
19079,train
90704,train
31635,train
89217,train
9180,train
92955,train
21275,train
7531,train
10378,train
7969,train
73560,train
92877,train
73838,train
59557,train
10069,train
24776,train
35503,train
4029,train
49062,train
12101,train
53165,train
88320,train
13905,train
48076,train
14104,train
57019,train
94350,train
93178,train
6977,train
97831,train
88774,train
3210,train
78974,train
46584,train
12569,train
31715,train
56959,train
31326,train
59357,train
15801,train
16491,train
33792,train
80430,train
72911,train
90316,train
3774,train
90871,train
16718,train
50841,train
61178,train
77150,train
40833,train
55589,train
91157,train
91654,train
25801,train
10812,train
41972,train
53824,train
50796,train
80171,train
88439,train
24153,train
80675,train
22716,train
65652,train
17708,train
95795,train
24139,train
73760,train
7997,train
72697,train
35241,train
87363,train
45029,train
8012,train
87122,train
87503,train
60132,train
65272,train
59790,train
32539,train
71562,train
6080,train
64073,train
87021,train
30697,train
97683,train
83013,train
8378,train
4816,train
59033,train
18715,train
59959,train
41963,train
65902,train
75335,train
15879,train
34173,train
23158,train
95697,train
13939,train
86563,train
53612,train
19949,train
94044,train
9266,train
16343,train
49975,train
62423,train
39470,train
83123,train
92468,train
85175,train
82494,train
18025,train
75365,train
78660,train
78031,train
46981,train
7174,train
63681,train
69348,train
79156,train
30103,train
38687,train
78005,train
17159,train
52600,train
26988,train
58793,train
75897,train
91394,train
37248,train
86921,train
77514,train
66239,train
91091,train
73948,train
90472,train
49977,train
62383,train
11535,train
93189,train
64387,train
83076,train
16838,train
52252,train
47242,train
32828,train
85599,train
91912,train
89587,train
25866,train
29801,train
81181,train
70366,train
3692,train
30667,train
27804,train
71383,train
16456,train
69157,train
85390,train
98657,train
43872,train
17645,train
24568,train
59510,train
9834,train
50539,train
78686,train
5606,train
52727,train
6802,train
56401,train
48135,train
31678,train
17579,train
44264,train
49394,train
6577,train
31857,train
46356,train
86507,train
36995,train
65013,train
94825,train
59714,train
64988,train
35190,train
58536,train
26697,train
78727,train
70510,train
17336,train
76112,train
9596,train
60801,train
25548,train
57920,train
77167,train
65192,train
94868,train
46654,train
89029,train
23735,train
84789,train
90308,train
52236,train
36034,train
44557,train
72327,train
46155,train
84683,train
69659,train
10555,train
3346,train
61921,train
15362,train
85463,train
53097,train
62807,train
59083,train
26780,train
25282,train
33010,train
76370,train
73575,train
69235,train
97027,train
49159,train
65694,train
46300,train
24206,train
23472,train
3224,train
61607,train
89024,train
74016,train
24141,train
75988,train
89586,train
9432,train
5506,train
623,train
44972,train
60155,train
76983,train
9429,train
67822,train
29076,train
80592,train
14934,train
89420,train
41593,train
48104,train
48018,train
97858,train
2211,train
81696,train
34122,train
25390,train
60954,train
89312,train
766,train
17831,train
34960,train
94105,train
33871,train
45170,train
10319,train
25074,train
7485,train
2058,train
54412,train
96173,train
73737,train
10309,train
69769,train
84242,train
53304,train
57098,train
93219,train
6199,train
24897,train
83436,train
15191,train
85564,train
18875,train
53047,train
77968,train
50297,train
84177,train
63489,train
55011,train
97338,train
6347,train
17230,train
4839,train
45495,train
59063,train
47741,train
4016,train
51315,train
43835,train
59635,train
90648,train
20779,train
13757,train
81642,train
97157,train
33682,train
56973,train
11948,train
78975,train
70667,train
15637,train
94283,train
41769,train
82891,train
48243,train
74924,train
41872,train
42567,train
94655,train
39874,train
40445,train
97592,train
92582,train
28850,train
67392,train
82026,train
60095,train
55204,train
59861,train
77080,train
5147,train
33749,train
99425,train
51745,train
67694,train
64733,train
65900,train
80835,train
86105,train
67547,train
70417,train
38535,train
69046,train
76483,train
5133,train
79747,train
84205,train
24549,train
63483,train
44565,train
36618,train
61446,train
5537,train
71185,train
5238,train
71829,train
42889,train
55165,train
99517,train
79437,train
46648,train
36160,train
62971,train
66890,train
4313,train
60167,train
57962,train
35212,train
79517,train
7300,train
93352,train
84580,train
41002,train
54755,train
96131,train
63050,train
97765,train
18850,train
31841,train
49057,train
15136,train
77185,train
20483,train
996,train
5268,train
74025,train
52726,train
42290,train
95775,train
32592,train
69435,train
7198,train
6505,train
84743,train
28508,train
44961,train
10945,train
45210,train
7215,train
41441,train
17138,train
99244,train
35915,train
55993,train
58133,train
84354,train
95605,train
4182,train
86900,train
28794,train
40616,train
15209,train
56274,train
69658,train
3164,train
95778,train
83240,train
21506,train
38135,train
71094,train
49899,train
81333,train
87924,train
50555,train
4771,train
88944,train
98150,train
39825,train
53552,train
66062,train
6930,train
1720,train
33683,train
12176,train
53209,train
35477,train
48932,train
63736,train
26592,train
85650,train
71564,train
54217,train
63141,train
20995,train
72883,train
27834,train
71087,train
34119,train
34836,train
17448,train
74325,train
97415,train
71712,train
3106,train
97512,train
39736,train
55557,train
87395,train
96507,train
95333,train
67278,train
66725,train
77341,train
43059,train
65805,train
32548,train
10368,train
38320,train
64249,train
59645,train
69121,train
34738,train
31740,train
97426,train
88036,train
24664,train
22840,train
11433,train
5213,train
59711,train
51477,train
5074,train
28745,train
95455,train
25579,train
12979,train
54358,train
303,train
84353,train
77453,train
71646,train
92813,train
57848,train
94599,train
32695,train
11910,train
91488,train
21444,train
79312,train
60985,train
50038,train
15921,train
57243,train
92123,train
30516,train
84668,train
72516,train
43730,train
88607,train
99985,train
4564,train
58684,train
88942,train
23560,train
37974,train
17333,train
50096,train
6338,train
93293,train
78897,train
63128,train
65671,train
34147,train
16617,train
7670,train
26488,train
11148,train
14508,train
90557,train
73688,train
4864,train
96320,train
33572,train
50000,train
14638,train
46982,train
29023,train
62962,train
41160,train
2244,train
384,train
26741,train
62742,train
33005,train
14323,train
80162,train
14076,train
16645,train
33901,train
5662,train
96130,train
11785,train
26218,train
38042,train
11670,train
45981,train
37454,train
99662,train
87043,train
90695,train
70487,train
18831,train
55274,train
65979,train
49066,train
15538,train
79250,train
12398,train
3806,train
91262,train
36077,train
77586,train
56655,train
19201,train
75318,train
20042,train
68572,train
91336,train
76160,train
63033,train
16917,train
11712,train
31020,train
55020,train
14669,train
69702,train
1039,train
1596,train
9093,train
89292,train
57054,train
66994,train
77743,train
70506,train
71640,train
1211,train
56535,train
23402,train
44023,train
35201,train
39335,train
3379,train
20262,train
62159,train
1632,train
18761,train
8316,train
47831,train
48788,train
71949,train
16414,train
11483,train
58094,train
63194,train
96318,train
99133,train
75771,train
83445,train
47998,train
81712,train
34213,train
91643,train
22711,train
47653,train
74066,train
31346,train
24938,train
88372,train
94920,train
330,train
31045,train
75916,train
35233,train
38192,train
28418,train
46013,train
53515,train
82466,train
83610,train
45838,train
23915,train
67003,train
25936,train
902,train
23797,train
54834,train
39129,train
43565,train
56593,train
81362,train
91800,train
46875,train
28379,train
93235,train
93569,train
36230,train
6982,train
52822,train
58188,train
46678,train
40049,train
90343,train
85314,train
55869,train
45540,train
70200,train
98767,train
82599,train
86285,train
29057,train
94402,train
78317,train
99950,train
61212,train
70031,train
45616,train
25054,train
42825,train
19843,train
25539,train
42604,train
40949,train
10739,train
98106,train
25797,train
62464,train
95451,train
54262,train
84439,train
50099,train
61672,train
77839,train
84550,train
85201,train
39881,train
17524,train
98141,train
4187,train
6135,train
4177,train
28910,train
16570,train
91263,train
46890,train
90315,train
73865,train
19492,train
13401,train
67243,train
40905,train
34816,train
45394,train
73073,train
13887,train
60593,train
18866,train
16521,train
63020,train
81321,train
31606,train
31240,train
47678,train
69376,train
20642,train
5093,train
32221,train
26755,train
30934,train
90960,train
11452,train
79876,train
68871,train
69370,train
25811,train
57322,train
30,train
33334,train
13752,train
46014,train
18929,train
20959,train
740,train
93401,train
49819,train
99437,train
84049,train
13360,train
77131,train
80353,train
78288,train
16671,train
311,train
9214,train
51323,train
24251,train
18417,train
44479,train
27861,train
74889,train
99412,train
60733,train
6244,train
72254,train
13158,train
83184,train
17067,train
50322,train
27144,train
16814,train
30467,train
28886,train
26495,train
62648,train
77668,train
17278,train
45212,train
90052,train
39123,train
64968,train
57879,train
24334,train
71492,train
16859,train
24205,train
24668,train
93574,train
19804,train
86378,train
32406,train
60404,train
48411,train
93324,train
69139,train
70416,train
63424,train
44249,train
99293,train
18408,train
8239,train
9284,train
77400,train
78092,train
31614,train
68835,train
19055,train
14532,train
66522,train
64913,train
49684,train
45659,train
23396,train
62368,train
50403,train
18579,train
96894,train
61315,train
79076,train
94141,train
97024,train
79230,train
41357,train
75500,train
51302,train
46295,train
16948,train
36161,train
94292,train
52944,train
16204,train
38736,train
64531,train
32014,train
79213,train
14785,train
14345,train
21236,train
93520,train
96709,train
41515,train
10404,train
80060,train
24353,train
74360,train
62063,train
76472,train
63334,train
12002,train
23918,train
22211,train
28736,train
99880,train
93740,train
60774,train
42292,train
99235,train
66384,train
33532,train
69082,train
96344,train
93724,train
43011,train
18055,train
9347,train
20577,train
28642,train
12733,train
57457,train
10360,train
54832,train
67758,train
82467,train
56172,train
6126,train
6339,train
5371,train
18453,train
80811,train
38248,train
79133,train
68922,train
53028,train
1707,train
93307,train
46306,train
44579,train
38078,train
2132,train
24857,train
52873,train
85798,train
62454,train
67748,train
90422,train
59502,train
64544,train
40147,train
1724,train
25913,train
18125,train
15940,train
49816,train
99884,train
65797,train
67814,train
92019,train
77581,train
76148,train
16657,train
80993,train
15116,train
24414,train
17632,train
54080,train
67593,train
69983,train
74125,train
79887,train
81256,train
55224,train
14815,train
91276,train
89364,train
93048,train
77280,train
22591,train
19564,train
18033,train
79667,train
4820,train
73721,train
85007,train
85055,train
69397,train
942,train
61725,train
76799,train
20061,train
82937,train
20605,train
26297,train
44722,train
64465,train
71820,train
84422,train
18456,train
76778,train
58146,train
79294,train
49647,train
4650,train
73746,train
42203,train
85141,train
7598,train
53663,train
72750,train
61106,train
84419,train
2525,train
27658,train
17160,train
67238,train
62759,train
2569,train
90239,train
45780,train
7324,train
67998,train
93622,train
375,train
83082,train
75687,train
76009,train
7484,train
1832,train
47405,train
2740,train
7608,train
15307,train
60127,train
21373,train
47903,train
81899,train
72684,train
72172,train
74750,train
45230,train
8547,train
53764,train
82911,train
90098,train
90102,train
9361,train
43782,train
88219,train
88002,train
47713,train
84021,train
44404,train
40958,train
81689,train
99845,train
42640,train
75700,train
78669,train
89542,train
35391,train
6475,train
15944,train
84133,train
16538,train
67398,train
42972,train
61110,train
4096,train
47137,train
71406,train
46340,train
40324,train
91983,train
85237,train
17097,train
98408,train
6401,train
77642,train
27287,train
38220,train
41772,train
38110,train
87444,train
27443,train
76389,train
40992,train
52362,train
56059,train
87385,train
87306,train
46001,train
60600,train
68583,train
66345,train
50172,train
28223,train
97830,train
86218,train
2302,train
53913,train
84880,train
10475,train
77767,train
3583,train
24029,train
19754,train
73882,train
17228,train
29472,train
83783,train
5038,train
82740,train
16818,train
82913,train
4083,train
23097,train
51864,train
42651,train
58602,train
43478,train
86607,train
48784,train
63229,train
59200,train
7110,train
47747,train
18959,train
55561,train
1237,train
60244,train
35458,train
48730,train
68375,train
16191,train
85396,train
18754,train
57823,train
87591,train
93222,train
92610,train
71546,train
70482,train
27321,train
21892,train
93516,train
47701,train
66984,train
21354,train
89108,train
24086,train
52392,train
65321,train
73352,train
87951,train
44793,train
88339,train
12314,train
46254,train
11083,train
81858,train
12401,train
25236,train
85743,train
19501,train
51798,train
39424,train
42235,train
98275,train
1324,train
31364,train
13976,train
22863,train
51277,train
54980,train
14133,train
44621,train
63069,train
87443,train
80526,train
51100,train
72023,train
15100,train
23834,train
69718,train
93344,train
83501,train
42690,train
2950,train
85580,train
24983,train
25889,train
70553,train
32949,train
99168,train
81844,train
55689,train
39352,train
98059,train
3307,train
64004,train
4056,train
41909,train
12625,train
48803,train
33105,train
2384,train
64964,train
50029,train
49688,train
96327,train
3928,train
68728,train
21486,train
94711,train
79427,train
39238,train
45924,train
92430,train
87310,train
21511,train
46307,train
68565,train
62115,train
90158,train
98706,train
94664,train
43418,train
70708,train
69924,train
58122,train
85022,train
59709,train
20014,train
74811,train
39719,train
21609,train
95685,train
84202,train
73645,train
1534,train
53150,train
27060,train
15373,train
93320,train
61372,train
6933,train
17371,train
467,train
47481,train
90055,train
71004,train
30304,train
68462,train
10729,train
38671,train
72916,train
92741,train
3216,train
28298,train
60629,train
30581,train
43521,train
61762,train
84017,train
86504,train
95086,train
37335,train
95364,train
16438,train
77859,train
34702,train
53466,train
6173,train
88128,train
78985,train
20207,train
30918,train
17310,train
34796,train
17570,train
67075,train
39157,train
43644,train
65481,train
77099,train
93638,train
44825,train
78990,train
90382,train
43616,train
30289,train
68131,train
10428,train
7348,train
27665,train
92115,train
265,train
97553,train
53044,train
72604,train
52512,train
94717,train
95448,train
62939,train
88192,train
81212,train
26759,train
41663,train
94412,train
56426,train
15931,train
90942,train
76410,train
24517,train
85441,train
19067,train
35636,train
8445,train
70282,train
86922,train
25250,train
99446,train
78144,train
38222,train
48555,train
79741,train
21709,train
9055,train
48991,train
37590,train
3821,train
13961,train
5555,train
29527,train
13910,train
51062,train
20059,train
38849,train
98094,train
67948,train
30727,train
60679,train
56264,train
29911,train
26200,train
55175,train
95793,train
76309,train
15903,train
22085,train
69505,train
52746,train
78986,train
48396,train
524,train
29429,train
9541,train
97474,train
74840,train
10192,train
51933,train
63147,train
85708,train
43133,train
21064,train
10337,train
27976,train
1022,train
91505,train
49733,train
4180,train
86103,train
68546,train
16873,train
28637,train
180,train
72694,train
68251,train
48838,train
40943,train
81214,train
13144,train
34068,train
28820,train
31724,train
78585,train
21816,train
88618,train
73256,train
87262,train
80773,train
38329,train
57621,train
86932,train
30881,train
41755,train
53909,train
49668,train
28960,train
9007,train
80134,train
70100,train
44694,train
89066,train
54498,train
72248,train
20266,train
41892,train
81081,train
76978,train
97365,train
22392,train
49927,train
34748,train
66316,train
96876,train
39045,train
41561,train
49659,train
19517,train
99195,train
46492,train
48117,train
89023,train
35401,train
90949,train
21019,train
20341,train
59627,train
6704,train
76896,train
87864,train
36413,train
4569,train
71686,train
44893,train
84068,train
1742,train
68676,train
64378,train
95449,train
75034,train
99291,train
16410,train
18053,train
17522,train
9237,train
58314,train
17343,train
70317,train
46574,train
42542,train
26636,train
83036,train
3195,train
15124,train
52771,train
97516,train
57676,train
39605,train
42924,train
31040,train
71041,train
20716,train
25325,train
58466,train
21958,train
86965,train
7652,train
91701,train
95677,train
26699,train
76632,train
76566,train
63162,train
22238,train
44178,train
8723,train
80483,train
19823,train
9195,train
99307,train
81891,train
19786,train
15104,train
50592,train
97997,train
69236,train
60826,train
68128,train
31206,train
7355,train
17957,train
62789,train
53837,train
60374,train
38935,train
94073,train
62043,train
21538,train
94958,train
41969,train
65245,train
70170,train
49734,train
71303,train
61042,train
73613,train
48256,train
59423,train
86829,train
50721,train
68532,train
68976,train
35501,train
90107,train
94191,train
56641,train
43984,train
35550,train
76568,train
31945,train
60804,train
15890,train
16341,train
93542,train
47660,train
67225,train
30436,train
81042,train
67831,train
50337,train
38052,train
46598,train
88101,train
16433,train
49013,train
57547,train
59177,train
32012,train
60355,train
98432,train
37229,train
63738,train
68703,train
78999,train
71663,train
24822,train
51614,train
58272,train
88593,train
85191,train
71971,train
17546,train
47305,train
98223,train
66641,train
6267,train
43139,train
57314,train
78120,train
44804,train
27846,train
55622,train
90573,train
82080,train
99497,train
87136,train
37289,train
19372,train
90547,train
59060,train
3603,train
88688,train
26507,train
77049,train
98347,train
72500,train
49279,train
26763,train
86390,train
92757,train
40688,train
2786,train
67774,train
8974,train
2746,train
31942,train
41378,train
44709,train
60286,train
54131,train
92561,train
44775,train
15302,train
76162,train
62274,train
50043,train
4754,train
6926,train
99213,train
59463,train
33780,train
67717,train
2891,train
11377,train
41226,train
62889,train
16537,train
81457,train
98021,train
82097,train
86511,train
10892,train
54393,train
85430,train
91596,train
16262,train
10642,train
85225,train
47129,train
67017,train
10840,train
92261,train
62599,train
67285,train
61486,train
9140,train
35170,train
6831,train
61908,train
22291,train
32993,train
59556,train
62492,train
11062,train
83347,train
28138,train
82933,train
86718,train
12609,train
75333,train
49121,train
87152,train
73936,train
25837,train
15181,train
70448,train
96552,train
92687,train
85533,train
20287,train
51943,train
39262,train
65107,train
37476,train
37848,train
73985,train
4305,train
80788,train
83562,train
2951,train
82870,train
26193,train
46921,train
52619,train
53890,train
35211,train
63150,train
67330,train
73860,train
23340,train
10335,train
73642,train
43412,train
97085,train
8081,train
94303,train
29075,train
39462,train
77957,train
22886,train
54894,train
90018,train
8034,train
43993,train
74656,train
29405,train
13745,train
24100,train
33134,train
61028,train
33217,train
93877,train
91935,train
27387,train
95978,train
46523,train
47560,train
6909,train
38650,train
33452,train
79522,train
47123,train
48561,train
52906,train
40950,train
67221,train
35334,train
74560,train
52577,train
72700,train
55670,train
39180,train
17970,train
53569,train
44515,train
12399,train
9292,train
49042,train
65352,train
66773,train
44803,train
13210,train
60590,train
23638,train
71290,train
92865,train
98959,train
66133,train
35585,train
24630,train
50211,train
22000,train
15873,train
36724,train
68413,train
83376,train
76908,train
14611,train
13965,train
947,train
59398,train
27606,train
87317,train
16753,train
5394,train
99000,train
35950,train
21976,train
47107,train
59950,train
40711,train
90635,train
38212,train
43634,train
24756,train
95223,train
17267,train
2489,train
36918,train
47791,train
42723,train
99998,train
36737,train
76469,train
34365,train
16334,train
21202,train
59278,train
29789,train
45108,train
44153,train
74416,train
24706,train
40258,train
64628,train
64189,train
94168,train
55969,train
88815,train
54208,train
55234,train
97156,train
87223,train
25161,train
14059,train
53539,train
39734,train
67381,train
52654,train
58081,train
90410,train
537,train
49094,train
26177,train
58417,train
84433,train
2368,train
75308,train
1890,train
17720,train
8970,train
37546,train
62916,train
76072,train
57514,train
72946,train
14469,train
72514,train
73874,train
39847,train
53149,train
27502,train
8956,train
95349,train
48343,train
82896,train
2714,train
47335,train
6187,train
34688,train
12542,train
11752,train
26134,train
14915,train
34698,train
28697,train
58613,train
59944,train
27818,train
51982,train
71367,train
23900,train
46206,train
99866,train
811,train
32877,train
54037,train
71443,train
17454,train
4478,train
75315,train
29169,train
71797,train
95544,train
955,train
13983,train
30553,train
94955,train
39909,train
95037,train
40403,train
11710,train
19198,train
12360,train
97072,train
76354,train
20710,train
30232,train
14298,train
74452,train
43423,train
70057,train
73605,train
87156,train
35110,train
89520,train
82021,train
35362,train
62327,train
57897,train
59686,train
74144,train
62208,train
94131,train
96197,train
57486,train
96960,train
72342,train
39189,train
2371,train
61341,train
38967,train
50795,train
9924,train
72813,train
47539,train
26215,train
17131,train
55533,train
34506,train
47770,train
24092,train
76056,train
62271,train
31022,train
91434,train
40096,train
3119,train
47024,train
9526,train
5847,train
15376,train
9982,train
64678,train
11135,train
61594,train
35841,train
71854,train
45356,train
83257,train
68123,train
48881,train
51993,train
66457,train
61500,train
10011,train
1967,train
44566,train
89197,train
13280,train
20075,train
31819,train
32201,train
40548,train
96437,train
52413,train
57593,train
24572,train
53966,train
14063,train
93498,train
68402,train
38778,train
62489,train
9414,train
88070,train
54039,train
2790,train
43808,train
96778,train
88474,train
385,train
81803,train
66474,train
92666,train
51254,train
96724,train
52098,train
7760,train
14399,train
47109,train
87259,train
72377,train
83241,train
64363,train
53106,train
34101,train
28204,train
135,train
21662,train
88498,train
47368,train
55961,train
946,train
87434,train
45866,train
99075,train
58800,train
75405,train
20136,train
74899,train
5747,train
6547,train
32741,train
71856,train
17279,train
27839,train
22396,train
26693,train
2453,train
96212,train
61123,train
59514,train
33345,train
64307,train
41914,train
28132,train
23423,train
50561,train
28555,train
14265,train
41029,train
2876,train
48867,train
92854,train
85555,train
86964,train
47187,train
43171,train
55599,train
54100,train
5533,train
15353,train
27878,train
70002,train
35310,train
13956,train
85670,train
31859,train
29189,train
1623,train
17845,train
57124,train
91040,train
96362,train
48553,train
94819,train
50035,train
74578,train
62008,train
93584,train
43579,train
18227,train
73139,train
90721,train
93151,train
14529,train
8417,train
4207,train
16720,train
87671,train
90174,train
33730,train
40131,train
70004,train
75348,train
48698,train
21593,train
68585,train
27743,train
64663,train
43369,train
35524,train
57761,train
92942,train
97644,train
29793,train
73696,train
79905,train
11667,train
18824,train
53034,train
77643,train
54226,train
94130,train
43828,train
57647,train
77530,train
5900,train
87854,train
10012,train
11749,train
29792,train
55434,train
93112,train
75770,train
58402,train
73212,train
52786,train
26824,train
57677,train
3684,train
5658,train
46400,train
79686,train
95952,train
69261,train
89216,train
45841,train
94051,train
43177,train
95433,train
39870,train
21481,train
54203,train
25629,train
67976,train
1878,train
97296,train
74545,train
69211,train
27084,train
94207,train
41780,train
21179,train
28831,train
91019,train
93434,train
23337,train
18347,train
32480,train
22936,train
33221,train
16428,train
38245,train
24184,train
30552,train
22121,train
23641,train
4498,train
84263,train
12315,train
86759,train
22616,train
72792,train
4960,train
19390,train
32179,train
71895,train
6853,train
59662,train
58603,train
19094,train
6152,train
68118,train
57825,train
56418,train
9349,train
65126,train
21703,train
66514,train
47451,train
1328,train
82447,train
27038,train
86048,train
24928,train
8179,train
40268,train
16841,train
1194,train
61161,train
39524,train
25285,train
21359,train
1992,train
18984,train
78146,train
83104,train
11463,train
84996,train
79256,train
38659,train
95869,train
28270,train
13094,train
58013,train
91793,train
18271,train
44287,train
68751,train
35828,train
41532,train
8696,train
42504,train
6706,train
84701,train
4997,train
14768,train
95941,train
8173,train
52920,train
95790,train
58940,train
18022,train
18469,train
71371,train
62918,train
56070,train
53143,train
26296,train
1645,train
18724,train
81012,train
95634,train
60900,train
57674,train
92291,train
66280,train
85475,train
2061,train
15754,train
79771,train
27194,train
93997,train
56516,train
9630,train
18608,train
25704,train
42932,train
16007,train
84897,train
56948,train
10128,train
85545,train
65965,train
37093,train
60326,train
32809,train
15561,train
47101,train
23,train
85556,train
13264,train
50478,train
72427,train
22017,train
73634,train
99933,train
11943,train
8829,train
95933,train
11330,train
81598,train
61463,train
97775,train
94915,train
57471,train
70234,train
43790,train
24186,train
98112,train
72020,train
13355,train
91191,train
29038,train
99360,train
92702,train
92648,train
47887,train
51211,train
12080,train
10942,train
49672,train
83058,train
54035,train
23755,train
37068,train
53686,train
15043,train
70080,train
35968,train
99996,train
87777,train
46841,train
580,train
53746,train
41391,train
80220,train
20876,train
2330,train
20386,train
2738,train
21375,train
82502,train
53103,train
27983,train
40038,train
3666,train
73180,train
51570,train
97043,train
88596,train
63259,train
71955,train
67701,train
97180,train
28644,train
16684,train
40620,train
25297,train
19825,train
64309,train
27535,train
33094,train
34684,train
25416,train
59313,train
30968,train
3288,train
49423,train
40878,train
37119,train
24744,train
95301,train
64732,train
97776,train
15385,train
65538,train
88989,train
17395,train
52779,train
51801,train
20639,train
18933,train
41790,train
86883,train
33765,train
81429,train
96458,train
33285,train
72480,train
53585,train
26072,train
7347,train
78236,train
72815,train
24088,train
56200,train
50335,train
7843,train
55438,train
43082,train
21671,train
25205,train
13,train
47245,train
59001,train
13900,train
93557,train
92650,train
80912,train
92213,train
43702,train
94335,train
34313,train
46413,train
37553,train
85725,train
3727,train
54786,train
91732,train
82346,train
6940,train
56079,train
64143,train
11647,train
66399,train
54641,train
29893,train
98307,train
15321,train
68146,train
36571,train
68946,train
72778,train
55032,train
23830,train
49957,train
7242,train
8358,train
96373,train
45247,train
52760,train
14598,train
26289,train
81400,train
26730,train
42724,train
81602,train
43660,train
80416,train
25053,train
30788,train
84891,train
44817,train
34011,train
65416,train
95647,train
53644,train
61031,train
60279,train
35807,train
93735,train
67315,train
96657,train
90033,train
62003,train
10298,train
90213,train
79324,train
21491,train
83461,train
60820,train
22778,train
95158,train
72637,train
72573,train
27768,train
46146,train
27106,train
36758,train
42877,train
55446,train
46038,train
60952,train
14744,train
5321,train
70464,train
47929,train
63939,train
12720,train
63828,train
25676,train
93011,train
54057,train
26564,train
12588,train
42541,train
28303,train
20216,train
16421,train
42489,train
62405,train
54947,train
88740,train
80444,train
76615,train
64248,train
88280,train
60845,train
87747,train
79342,train
79351,train
61595,train
12798,train
76585,train
68393,train
11747,train
61403,train
98640,train
14555,train
80001,train
44885,train
10725,train
17955,train
93303,train
8212,train
29502,train
74088,train
22359,train
3132,train
65263,train
90021,train
6589,train
883,train
25260,train
23783,train
19763,train
55480,train
18858,train
62425,train
39969,train
19047,train
90863,train
14239,train
52977,train
33339,train
24395,train
31712,train
88476,train
33953,train
93977,train
92793,train
63305,train
44168,train
21002,train
43605,train
69409,train
60107,train
94909,train
74291,train
76909,train
80911,train
97318,train
47073,train
75075,train
86671,train
16351,train
15981,train
3547,train
64102,train
61439,train
89269,train
37575,train
39015,train
40158,train
32928,train
50763,train
54584,train
51244,train
38522,train
88421,train
54220,train
67655,train
86898,train
58977,train
39631,train
56132,train
11021,train
93226,train
43876,train
98612,train
51609,train
6366,train
70237,train
61238,train
74912,train
27515,train
16277,train
46101,train
78580,train
77312,train
12631,train
99017,train
30193,train
20352,train
44511,train
16972,train
71527,train
69106,train
91510,train
37964,train
55164,train
97011,train
24307,train
95816,train
52798,train
82099,train
87484,train
21755,train
12633,train
69929,train
37600,train
67936,train
55041,train
28863,train
71520,train
97344,train
4223,train
94604,train
47001,train
10795,train
7936,train
65308,train
1337,train
29843,train
71783,train
71273,train
44001,train
95081,train
62199,train
88563,train
69004,train
23667,train
90640,train
63040,train
62618,train
88790,train
47832,train
21059,train
91050,train
20634,train
64096,train
22299,train
84402,train
10359,train
58690,train
98195,train
3486,train
41989,train
27582,train
71459,train
78296,train
45638,train
54072,train
99660,train
27550,train
18451,train
78678,train
10365,train
68274,train
80112,train
46788,train
52893,train
69437,train
70945,train
31027,train
47986,train
16212,train
22044,train
12629,train
72776,train
53077,train
93518,train
11845,train
57855,train
34515,train
25553,train
90540,train
73887,train
30237,train
6875,train
2735,train
65012,train
13806,train
6803,train
1818,train
22117,train
58831,train
78222,train
44592,train
70593,train
10051,train
68625,train
7200,train
9297,train
47424,train
8663,train
12676,train
66202,train
33404,train
19187,train
77164,train
48986,train
1100,train
78931,train
56628,train
3682,train
56736,train
86798,train
57500,train
38792,train
94,train
59265,train
64275,train
11236,train
99794,train
31299,train
13868,train
97926,train
62351,train
12074,train
59148,train
74351,train
19230,train
20960,train
38428,train
42555,train
70703,train
70117,train
42018,train
73847,train
58019,train
19836,train
76319,train
86540,train
30556,train
43584,train
66082,train
59834,train
81466,train
64175,train
31298,train
27214,train
47676,train
108,train
92187,train
10607,train
41567,train
66444,train
35769,train
30040,train
75553,train
40559,train
92562,train
58711,train
99737,train
83113,train
96406,train
81863,train
71399,train
31186,train
95901,train
35384,train
51867,train
72512,train
11365,train
57717,train
78591,train
28108,train
94395,train
79382,train
80576,train
45421,train
99925,train
47494,train
78360,train
87206,train
75551,train
47334,train
1364,train
75794,train
5730,train
7796,train
21980,train
1444,train
56128,train
15055,train
11347,train
44078,train
94074,train
3239,train
59109,train
9022,train
86753,train
40967,train
30940,train
8981,train
8442,train
96074,train
96049,train
69219,train
5553,train
78196,train
98949,train
6716,train
42994,train
58468,train
87461,train
12672,train
31300,train
30645,train
44911,train
84156,train
21684,train
95826,train
96937,train
33731,train
73888,train
21932,train
58108,train
53817,train
4481,train
35474,train
73702,train
42378,train
12188,train
16821,train
80845,train
41400,train
76590,train
63047,train
64619,train
14348,train
36546,train
3294,train
58759,train
24998,train
20794,train
13544,train
59770,train
31880,train
31210,train
41064,train
16499,train
53726,train
3455,train
50603,train
74197,train
87526,train
84452,train
1246,train
8539,train
16240,train
77147,train
42545,train
69577,train
73046,train
17917,train
70380,train
88496,train
15030,train
4676,train
87351,train
32228,train
63202,train
31508,train
35360,train
70045,train
29478,train
28945,train
14908,train
797,train
82832,train
88353,train
96298,train
64001,train
14002,train
18165,train
77894,train
37141,train
70136,train
58148,train
86185,train
19561,train
28921,train
36515,train
31718,train
56106,train
22115,train
7492,train
7476,train
18576,train
76358,train
71360,train
12651,train
8310,train
43268,train
97992,train
1235,train
87109,train
52715,train
76304,train
32616,train
85615,train
93688,train
80482,train
73837,train
30511,train
81195,train
67326,train
66091,train
20351,train
63566,train
77785,train
58048,train
76290,train
21688,train
51782,train
63997,train
27160,train
83732,train
72574,train
58517,train
98795,train
3335,train
1357,train
30440,train
28144,train
94005,train
35689,train
14715,train
57006,train
79997,train
72650,train
15283,train
17587,train
32554,train
25355,train
60720,train
34341,train
10900,train
96484,train
54282,train
42336,train
40360,train
40066,train
4858,train
16023,train
67794,train
2415,train
90457,train
86734,train
23320,train
18904,train
57775,train
46198,train
91253,train
28544,train
76932,train
77317,train
84481,train
10735,train
99037,train
47688,train
75603,train
98772,train
42809,train
87578,train
66648,train
81244,train
21205,train
26554,train
7402,train
2785,train
65977,train
65936,train
55612,train
54836,train
37379,train
242,train
209,train
79061,train
66413,train
95870,train
82300,train
35022,train
29254,train
44788,train
69089,train
73897,train
66294,train
24866,train
71538,train
77836,train
79111,train
50273,train
78899,train
60376,train
51944,train
75544,train
68426,train
75795,train
28332,train
89794,train
18486,train
24309,train
90004,train
19259,train
32715,train
85242,train
40436,train
88801,train
62619,train
45723,train
86666,train
7773,train
65180,train
55676,train
38031,train
1776,train
24741,train
29909,train
46895,train
61176,train
86924,train
69901,train
10770,train
80075,train
36392,train
55567,train
4671,train
68555,train
42895,train
86013,train
52514,train
92017,train
61265,train
28117,train
23164,train
66236,train
55194,train
34282,train
29884,train
92504,train
89372,train
11313,train
32591,train
91385,train
63714,train
64380,train
67805,train
74308,train
96783,train
62644,train
56494,train
68593,train
76221,train
86570,train
32408,train
27474,train
76411,train
58434,train
14228,train
7867,train
4533,train
83511,train
58262,train
5476,train
19138,train
36640,train
32359,train
91539,train
54767,train
78307,train
57475,train
56920,train
77788,train
33235,train
90663,train
38647,train
38965,train
39748,train
4163,train
50051,train
53571,train
72915,train
47755,train
57362,train
12234,train
3115,train
18331,train
61298,train
456,train
41664,train
83148,train
40566,train
35046,train
12577,train
93279,train
94378,train
98970,train
61197,train
77392,train
31954,train
15701,train
73533,train
16840,train
64071,train
72208,train
39990,train
94437,train
34141,train
62715,train
69218,train
4660,train
217,train
57107,train
98893,train
60113,train
70114,train
23383,train
49492,train
96281,train
5343,train
48089,train
64008,train
49593,train
46629,train
74191,train
95314,train
33168,train
37298,train
18751,train
70794,train
95996,train
76888,train
75675,train
13409,train
73681,train
76313,train
23691,train
93247,train
5132,train
92097,train
86168,train
75010,train
25481,train
10400,train
96388,train
10252,train
53918,train
41430,train
33866,train
29630,train
67549,train
34925,train
55853,train
66715,train
65425,train
38209,train
40226,train
22946,train
84064,train
96285,train
58871,train
86723,train
72972,train
90199,train
91888,train
44016,train
91794,train
76807,train
91494,train
39193,train
60049,train
46798,train
34377,train
64304,train
82543,train
5643,train
20574,train
2874,train
81288,train
89283,train
11951,train
46690,train
60142,train
67074,train
41121,train
20317,train
35333,train
14832,train
31046,train
81093,train
19964,train
59555,train
937,train
48605,train
47095,train
31999,train
29423,train
92028,train
85143,train
43479,train
28481,train
41149,train
42797,train
87208,train
39275,train
29614,train
70902,train
11375,train
99227,train
27639,train
60058,train
1461,train
30687,train
44058,train
83792,train
66670,train
14147,train
49414,train
50352,train
85813,train
2022,train
12494,train
7863,train
45720,train
68517,train
8884,train
5857,train
7680,train
88362,train
94029,train
24739,train
3698,train
79886,train
26793,train
55142,train
24955,train
11469,train
75088,train
37577,train
59147,train
66255,train
68355,train
28541,train
29130,train
94285,train
16471,train
64436,train
24700,train
75670,train
86192,train
93012,train
87738,train
59224,train
1028,train
96076,train
77194,train
36997,train
40430,train
28701,train
44053,train
32698,train
52062,train
70274,train
27538,train
28784,train
88811,train
47383,train
17271,train
17971,train
17089,train
745,train
83936,train
83665,train
83821,train
92398,train
90780,train
10305,train
25647,train
13787,train
17693,train
36906,train
99354,train
48083,train
11529,train
63732,train
96955,train
27319,train
25682,train
74387,train
57218,train
92394,train
98661,train
78739,train
50196,train
28425,train
70244,train
5160,train
10523,train
60813,train
86437,train
41946,train
78439,train
97523,train
33047,train
80913,train
91765,train
25511,train
4749,train
4904,train
56183,train
60312,train
38416,train
85641,train
56045,train
7070,train
50616,train
71244,train
57432,train
61295,train
59270,train
97832,train
79722,train
47233,train
61689,train
25663,train
18423,train
34019,train
10067,train
99948,train
35264,train
91178,train
325,train
42186,train
33405,train
51299,train
27179,train
74921,train
37495,train
88724,train
33662,train
31591,train
1148,train
22005,train
45439,train
41074,train
47723,train
52719,train
62721,train
74624,train
7644,train
92675,train
36223,train
84442,train
49101,train
73503,train
29954,train
74745,train
34827,train
95864,train
8853,train
47191,train
41687,train
67875,train
89369,train
670,train
55030,train
96256,train
3617,train
74731,train
95744,train
59079,train
98765,train
68206,train
46517,train
81452,train
73263,train
56138,train
96851,train
42529,train
11097,train
35284,train
43917,train
73422,train
51470,train
75445,train
10863,train
85157,train
43210,train
50443,train
61465,train
84947,train
44378,train
40051,train
6879,train
15783,train
40814,train
64215,train
77063,train
92857,train
59407,train
72965,train
22066,train
31178,train
29410,train
26155,train
94973,train
2162,train
72668,train
59746,train
22287,train
48835,train
14728,train
5926,train
27833,train
43042,train
24721,train
41005,train
21706,train
8214,train
88883,train
46901,train
75765,train
85442,train
41331,train
1765,train
43349,train
21678,train
52046,train
76203,train
42208,train
11916,train
189,train
74971,train
63855,train
36584,train
1709,train
40545,train
98584,train
35149,train
25453,train
31852,train
63014,train
26527,train
28888,train
89192,train
49828,train
20985,train
39087,train
76531,train
72576,train
26987,train
40635,train
38317,train
11363,train
84155,train
24415,train
66596,train
58165,train
84819,train
97522,train
3001,train
48137,train
67873,train
55637,train
64679,train
35374,train
27200,train
9703,train
12582,train
5292,train
78973,train
86538,train
94064,train
52376,train
88772,train
36170,train
89703,train
92340,train
50634,train
26092,train
63913,train
9371,train
15250,train
75696,train
5342,train
21021,train
61286,train
61840,train
84600,train
25257,train
30408,train
60605,train
22439,train
1686,train
97636,train
93163,train
4979,train
64057,train
48820,train
92581,train
35781,train
76258,train
32444,train
94233,train
27149,train
31366,train
35258,train
56804,train
4670,train
68110,train
38890,train
98572,train
29548,train
14281,train
67592,train
786,train
44398,train
20546,train
61814,train
13015,train
59489,train
17456,train
91971,train
47209,train
87069,train
85720,train
3032,train
41370,train
96077,train
11296,train
8651,train
87430,train
44769,train
54297,train
92829,train
71638,train
35156,train
24581,train
70626,train
1665,train
71762,train
15,train
39310,train
55794,train
94944,train
21855,train
10236,train
50580,train
82175,train
1956,train
29376,train
19289,train
29289,train
72268,train
17235,train
46283,train
24350,train
15037,train
69296,train
7111,train
22002,train
34983,train
10158,train
12495,train
24501,train
34080,train
6455,train
61847,train
61136,train
54172,train
81532,train
55205,train
86150,train
40370,train
68091,train
89620,train
10403,train
44334,train
14475,train
37237,train
56270,train
21763,train
82867,train
49409,train
83408,train
59785,train
43945,train
82433,train
2153,train
99334,train
134,train
85786,train
26393,train
87102,train
34294,train
71451,train
25688,train
94994,train
97511,train
6620,train
88898,train
39083,train
36958,train
97965,train
45017,train
5567,train
47526,train
31831,train
29612,train
95034,train
50168,train
62738,train
6991,train
5298,train
53832,train
78030,train
33985,train
43933,train
36059,train
74711,train
1548,train
46143,train
27385,train
98187,train
75456,train
76955,train
64738,train
31529,train
10670,train
14277,train
55681,train
8879,train
51417,train
15894,train
79191,train
29484,train
85450,train
62053,train
34511,train
18802,train
28993,train
18627,train
90541,train
84165,train
53046,train
79219,train
10336,train
5898,train
87115,train
43432,train
70103,train
29106,train
44449,train
95221,train
57941,train
83603,train
8139,train
85252,train
93956,train
43382,train
12265,train
31091,train
15223,train
56474,train
35036,train
99844,train
72252,train
83033,train
19111,train
37015,train
36000,train
55488,train
76501,train
55257,train
92292,train
74694,train
31957,train
11196,train
16581,train
72289,train
33607,train
74910,train
19482,train
40998,train
35887,train
8089,train
84120,train
50243,train
281,train
88856,train
49339,train
68987,train
4884,train
48362,train
83623,train
94111,train
88418,train
35337,train
8301,train
38917,train
28051,train
88686,train
15522,train
20139,train
59202,train
72605,train
48886,train
53795,train
40256,train
72145,train
24844,train
98740,train
94784,train
63860,train
36183,train
17165,train
25116,train
67374,train
72245,train
80731,train
46246,train
82770,train
77057,train
57557,train
64483,train
99689,train
74847,train
21177,train
53852,train
36665,train
40179,train
43981,train
53288,train
32571,train
91445,train
26428,train
26103,train
54769,train
16462,train
55785,train
42443,train
89725,train
44327,train
5997,train
26904,train
42309,train
65000,train
43902,train
32053,train
45671,train
97303,train
22657,train
3701,train
25712,train
42559,train
77554,train
47183,train
48947,train
85616,train
73284,train
50383,train
5261,train
29085,train
70220,train
58053,train
64858,train
79081,train
18307,train
39621,train
22458,train
13931,train
40782,train
51684,train
89481,train
19570,train
35249,train
50414,train
15949,train
19056,train
75977,train
20423,train
25006,train
44827,train
29212,train
91133,train
78664,train
82778,train
97339,train
41783,train
5453,train
12008,train
97173,train
21457,train
94540,train
50558,train
41852,train
94822,train
4325,train
47865,train
41063,train
63116,train
40718,train
98781,train
99676,train
32746,train
63665,train
22394,train
53786,train
64093,train
7087,train
88603,train
23056,train
57949,train
53213,train
5059,train
50749,train
80803,train
79187,train
70176,train
19331,train
60991,train
84573,train
22372,train
8996,train
48878,train
47857,train
49999,train
35961,train
39056,train
17780,train
51599,train
24748,train
91425,train
15354,train
40924,train
51160,train
78498,train
83395,train
51820,train
49851,train
56449,train
29520,train
2559,train
4032,train
7342,train
94424,train
66713,train
35684,train
63371,train
37448,train
25561,train
86947,train
89594,train
59459,train
48476,train
64602,train
1269,train
65298,train
6513,train
36309,train
40211,train
32115,train
81218,train
52651,train
26816,train
44954,train
10973,train
87162,train
69560,train
86199,train
78348,train
82469,train
87868,train
64954,train
85076,train
72841,train
87822,train
96916,train
76497,train
83301,train
92699,train
63450,train
45926,train
96726,train
15350,train
82111,train
12267,train
68569,train
40127,train
61962,train
29680,train
51538,train
55227,train
9469,train
78793,train
51770,train
34654,train
33604,train
43102,train
11619,train
46354,train
32071,train
25112,train
56726,train
79696,train
68998,train
34633,train
99426,train
94733,train
98340,train
77744,train
83909,train
4615,train
43401,train
65944,train
63657,train
42701,train
68344,train
92262,train
33145,train
12227,train
21108,train
45221,train
8118,train
24726,train
1326,train
90674,train
59684,train
45813,train
80963,train
51318,train
7971,train
65134,train
88385,train
74572,train
32258,train
61945,train
52904,train
97294,train
63160,train
26586,train
85491,train
97475,train
16416,train
62293,train
44436,train
71039,train
51122,train
44344,train
43758,train
12905,train
6953,train
67256,train
99279,train
44920,train
97082,train
2712,train
64748,train
32339,train
69340,train
16077,train
20587,train
33553,train
18117,train
78911,train
7629,train
7543,train
65628,train
63724,train
85676,train
63700,train
11955,train
28880,train
54898,train
34963,train
68932,train
10668,train
56289,train
5914,train
94625,train
38900,train
18231,train
78928,train
55486,train
64134,train
88180,train
69003,train
8385,train
30418,train
7708,train
72890,train
884,train
98182,train
23003,train
52623,train
61105,train
93903,train
62542,train
52607,train
39013,train
10541,train
18257,train
16733,train
38039,train
92093,train
93884,train
6233,train
19721,train
75117,train
94356,train
85928,train
81833,train
73392,train
73285,train
15085,train
82840,train
88973,train
56776,train
97030,train
40307,train
21989,train
90947,train
20651,train
23683,train
13267,train
79365,train
53430,train
73929,train
11343,train
72445,train
16165,train
41212,train
90216,train
70827,train
26222,train
67543,train
62189,train
96489,train
11012,train
48688,train
91610,train
76960,train
26834,train
42169,train
43205,train
12768,train
10911,train
92969,train
90348,train
98159,train
77800,train
59655,train
47444,train
57523,train
42879,train
69704,train
32,train
66466,train
9476,train
46074,train
5629,train
11828,train
3681,train
16263,train
8564,train
83389,train
69637,train
23576,train
73262,train
68927,train
25000,train
14748,train
78180,train
99675,train
10473,train
84466,train
74483,train
96517,train
58098,train
51050,train
85295,train
20018,train
18827,train
13149,train
74590,train
43508,train
10212,train
59024,train
70085,train
84234,train
23976,train
14108,train
71742,train
15479,train
61363,train
45184,train
42505,train
33723,train
16772,train
33139,train
28456,train
21912,train
88608,train
40326,train
39655,train
95886,train
14342,train
40130,train
45432,train
36409,train
58230,train
63073,train
81673,train
37960,train
50237,train
75452,train
83707,train
96550,train
66696,train
79698,train
50529,train
90133,train
89993,train
51927,train
71212,train
56553,train
83598,train
94385,train
94501,train
95635,train
45827,train
6600,train
15487,train
71093,train
50817,train
8364,train
79944,train
65376,train
81101,train
29364,train
47875,train
34596,train
62314,train
20680,train
53223,train
86005,train
27881,train
5374,train
61842,train
93737,train
59797,train
21622,train
44461,train
17670,train
93249,train
43621,train
3809,train
55071,train
4473,train
87027,train
37393,train
98412,train
67684,train
62677,train
53955,train
52251,train
74719,train
1085,train
34047,train
98280,train
52831,train
70802,train
78603,train
10320,train
84537,train
71326,train
96666,train
65512,train
98962,train
94016,train
10615,train
61530,train
17753,train
18895,train
10379,train
36486,train
58356,train
82007,train
43465,train
77255,train
41260,train
5648,train
75829,train
52979,train
44894,train
34082,train
87717,train
71736,train
14891,train
25929,train
44193,train
81120,train
26927,train
84186,train
63549,train
56673,train
63554,train
64616,train
96861,train
53284,train
81323,train
2408,train
85527,train
43494,train
78841,train
30991,train
80932,train
38807,train
77777,train
86281,train
40826,train
88886,train
71222,train
48558,train
8067,train
93074,train
65254,train
53417,train
95929,train
52837,train
72785,train
24344,train
92252,train
39505,train
10622,train
16868,train
17558,train
32448,train
39929,train
4987,train
87676,train
91413,train
61823,train
7540,train
26301,train
12064,train
33068,train
57208,train
74165,train
13739,train
57130,train
91776,train
91381,train
79761,train
48001,train
8922,train
28023,train
57748,train
9097,train
8718,train
4066,train
98058,train
34108,train
84434,train
18019,train
22292,train
92279,train
22509,train
66922,train
40376,train
88648,train
16201,train
41071,train
51443,train
9058,train
27548,train
750,train
31406,train
39081,train
63463,train
18481,train
45085,train
32003,train
43225,train
41241,train
50103,train
3615,train
174,train
81943,train
73430,train
94079,train
57746,train
76328,train
22329,train
40547,train
26989,train
9996,train
69948,train
4733,train
17910,train
45385,train
87501,train
53653,train
77747,train
13718,train
92407,train
69378,train
52478,train
52316,train
28035,train
49614,train
47141,train
86836,train
35305,train
80983,train
38223,train
51693,train
39382,train
27086,train
89281,train
58052,train
28714,train
75705,train
83109,train
76533,train
40316,train
42661,train
48761,train
30183,train
20253,train
67767,train
63163,train
55977,train
19719,train
83697,train
86593,train
36004,train
67608,train
38580,train
72499,train
82672,train
30816,train
1304,train
20920,train
80836,train
76706,train
22328,train
32265,train
4792,train
86696,train
89551,train
5391,train
48955,train
30963,train
8868,train
21649,train
37936,train
51802,train
70987,train
15625,train
85319,train
6477,train
14165,train
93392,train
82548,train
79773,train
29447,train
19356,train
72422,train
48712,train
86307,train
37419,train
69440,train
58051,train
77231,train
80663,train
40654,train
28526,train
48527,train
96101,train
10321,train
26115,train
40187,train
39030,train
6291,train
87593,train
35144,train
63707,train
13365,train
7917,train
50012,train
37681,train
81698,train
60614,train
74225,train
15885,train
14757,train
8064,train
55146,train
47208,train
67763,train
2515,train
1457,train
84984,train
68403,train
16702,train
72969,train
4952,train
78224,train
15202,train
33988,train
8373,train
58403,train
77425,train
88116,train
60426,train
98491,train
63626,train
48078,train
39440,train
99217,train
74812,train
29685,train
12597,train
61854,train
90609,train
17428,train
72409,train
75249,train
3683,train
3437,train
203,train
89658,train
69777,train
65712,train
35309,train
68494,train
49613,train
33785,train
90235,train
22525,train
86941,train
36925,train
86225,train
80765,train
21254,train
72812,train
75233,train
96104,train
18568,train
86748,train
29260,train
94205,train
91363,train
17737,train
81453,train
80941,train
8059,train
91656,train
3042,train
46002,train
89206,train
69662,train
20056,train
31709,train
21273,train
23457,train
67928,train
85140,train
40417,train
20707,train
42147,train
34757,train
3601,train
21650,train
71601,train
1785,train
91930,train
92070,train
74639,train
92374,train
10005,train
21363,train
98687,train
26199,train
73579,train
92966,train
40140,train
59375,train
20395,train
44801,train
86732,train
96719,train
75297,train
22809,train
45217,train
22953,train
58463,train
17418,train
8691,train
67270,train
74896,train
5487,train
49749,train
4410,train
91535,train
4603,train
60352,train
58739,train
96224,train
97821,train
5574,train
1961,train
70492,train
59233,train
72829,train
72096,train
86204,train
21914,train
65516,train
35788,train
68092,train
2178,train
61165,train
75861,train
17076,train
44748,train
44650,train
45992,train
96765,train
15121,train
95646,train
50722,train
10650,train
44497,train
48371,train
78273,train
49738,train
41472,train
71902,train
90090,train
43078,train
29608,train
31915,train
49076,train
93972,train
26242,train
34968,train
85051,train
25516,train
74808,train
89169,train
49709,train
84005,train
58383,train
35586,train
39986,train
98395,train
90306,train
41219,train
80016,train
11816,train
32914,train
73369,train
641,train
30009,train
48440,train
57163,train
73423,train
13230,train
35826,train
49817,train
74338,train
61217,train
69896,train
30323,train
40517,train
6037,train
34535,train
41190,train
84825,train
76032,train
96560,train
61447,train
93250,train
29982,train
91501,train
12143,train
91883,train
87553,train
26132,train
20816,train
14259,train
4896,train
50875,train
66786,train
5659,train
58218,train
2046,train
33852,train
51075,train
88315,train
94228,train
43056,train
66035,train
13603,train
82325,train
44241,train
97643,train
9614,train
31960,train
36226,train
53021,train
58882,train
2438,train
37849,train
13581,train
32292,train
27074,train
81879,train
21993,train
50396,train
10450,train
47116,train
4166,train
89743,train
2777,train
88433,train
97198,train
9053,train
20303,train
5113,train
91480,train
81524,train
19938,train
69091,train
39170,train
49790,train
56378,train
19832,train
29196,train
20718,train
32693,train
40208,train
14424,train
79999,train
20486,train
91546,train
94860,train
7403,train
94286,train
76441,train
29202,train
73952,train
8253,train
82049,train
86703,train
88746,train
79322,train
2286,train
83715,train
72973,train
4626,train
61713,train
21485,train
15329,train
67932,train
12770,train
91077,train
7010,train
99545,train
92100,train
19783,train
42330,train
84808,train
96972,train
85359,train
59822,train
94220,train
56741,train
68366,train
59964,train
36645,train
89852,train
52506,train
63864,train
16299,train
12505,train
1529,train
33026,train
30226,train
57618,train
75044,train
12014,train
30639,train
29425,train
53796,train
83118,train
67959,train
70508,train
65597,train
15064,train
86592,train
7392,train
4495,train
22380,train
72490,train
15592,train
14512,train
11272,train
52166,train
23969,train
23011,train
34197,train
43172,train
26762,train
69789,train
43159,train
76017,train
62321,train
99210,train
71863,train
27863,train
50055,train
81318,train
36678,train
45581,train
28386,train
36252,train
44221,train
5667,train
58242,train
26343,train
64482,train
91121,train
53291,train
53632,train
35791,train
71142,train
85755,train
19131,train
14256,train
61163,train
37794,train
59908,train
35711,train
46519,train
79709,train
9775,train
24148,train
87396,train
82591,train
85384,train
27526,train
3337,train
12341,train
79363,train
18846,train
5281,train
49187,train
8907,train
85645,train
32377,train
48677,train
80511,train
41092,train
95410,train
23461,train
96490,train
53976,train
21824,train
43355,train
5947,train
13579,train
44973,train
62635,train
92929,train
3456,train
56116,train
1704,train
28005,train
21667,train
42621,train
82050,train
59317,train
41904,train
77348,train
10468,train
14973,train
22230,train
36121,train
52685,train
39528,train
31193,train
28416,train
60512,train
98823,train
11680,train
67682,train
97673,train
60251,train
78570,train
24472,train
16071,train
13062,train
64697,train
22830,train
47260,train
24711,train
13892,train
13332,train
22182,train
97912,train
70596,train
96772,train
48204,train
55629,train
62206,train
3784,train
41498,train
84524,train
62382,train
93868,train
93414,train
18448,train
56268,train
38335,train
44209,train
54382,train
11382,train
10169,train
36174,train
75968,train
71228,train
96259,train
92066,train
25032,train
81442,train
25778,train
90182,train
98646,train
7417,train
38119,train
23266,train
72905,train
39232,train
14526,train
40058,train
43647,train
33064,train
76392,train
9268,train
18352,train
31122,train
47779,train
3017,train
44705,train
26077,train
13417,train
41129,train
92776,train
56790,train
39550,train
8526,train
4591,train
46878,train
71447,train
55784,train
71382,train
81559,train
30853,train
7461,train
16305,train
14291,train
3186,train
2103,train
76810,train
70586,train
63021,train
81951,train
13911,train
22246,train
71274,train
49321,train
84141,train
34829,train
99179,train
36231,train
40524,train
72691,train
60961,train
43646,train
329,train
84726,train
61133,train
88135,train
7799,train
48490,train
82965,train
74447,train
89274,train
16638,train
49674,train
27974,train
5184,train
16967,train
1163,train
98299,train
54493,train
61878,train
81007,train
51612,train
15108,train
97659,train
73871,train
92324,train
57294,train
95091,train
42980,train
79022,train
51850,train
25247,train
91055,train
6936,train
96705,train
45761,train
39290,train
81378,train
46900,train
68060,train
58443,train
9255,train
10424,train
6767,train
63629,train
5921,train
99810,train
41579,train
71604,train
58667,train
57819,train
56963,train
30599,train
92215,train
81744,train
80481,train
80159,train
46403,train
21749,train
71680,train
76190,train
3125,train
49544,train
27650,train
11472,train
67561,train
41642,train
54423,train
20612,train
89223,train
58002,train
11379,train
52191,train
91739,train
6780,train
98616,train
90134,train
85636,train
70840,train
88622,train
23245,train
1456,train
83396,train
43661,train
44144,train
10490,train
33437,train
20021,train
17783,train
78757,train
82875,train
52256,train
83864,train
75227,train
42816,train
33283,train
28748,train
10135,train
48156,train
95230,train
75375,train
89212,train
40015,train
48648,train
10332,train
10634,train
1334,train
70356,train
35196,train
13693,train
73586,train
87830,train
66562,train
4413,train
24017,train
82104,train
32135,train
1538,train
93700,train
89615,train
25583,train
40163,train
64463,train
98547,train
76780,train
28752,train
57022,train
21237,train
94433,train
502,train
73115,train
93350,train
63940,train
20776,train
72436,train
1206,train
57886,train
83046,train
76249,train
64139,train
16207,train
46616,train
30691,train
44083,train
5317,train
27856,train
84445,train
35744,train
77134,train
72543,train
41006,train
23124,train
91555,train
26979,train
41860,train
22339,train
19017,train
61412,train
72997,train
59179,train
84591,train
48498,train
1775,train
99078,train
44921,train
97012,train
29890,train
37098,train
89106,train
74954,train
80425,train
58394,train
57739,train
73478,train
47769,train
50229,train
29060,train
55225,train
69146,train
29074,train
5899,train
85094,train
71724,train
70094,train
15786,train
84720,train
52533,train
26331,train
36993,train
14364,train
80761,train
72724,train
65182,train
6703,train
30321,train
8997,train
61651,train
36249,train
43484,train
11794,train
7081,train
92011,train
44870,train
40598,train
61834,train
82462,train
14854,train
89516,train
22607,train
75651,train
34701,train
12153,train
74168,train
59116,train
17504,train
76445,train
44772,train
55904,train
31806,train
47937,train
43689,train
11611,train
52532,train
48705,train
96865,train
60723,train
63204,train
28028,train
75949,train
70315,train
50512,train
1451,train
20220,train
91571,train
15817,train
99507,train
81035,train
58325,train
4438,train
58172,train
59379,train
50390,train
54693,train
15811,train
73723,train
50398,train
61006,train
88485,train
27975,train
33060,train
8566,train
44118,train
82985,train
36989,train
50845,train
84360,train
45372,train
73538,train
14421,train
73089,train
16092,train
52733,train
14070,train
35853,train
84863,train
81192,train
49149,train
65557,train
5401,train
5521,train
94188,train
25272,train
26362,train
84089,train
14467,train
30555,train
17187,train
6403,train
56971,train
4763,train
56522,train
50091,train
33413,train
92348,train
77546,train
79543,train
23214,train
34409,train
23625,train
11226,train
73883,train
46302,train
37620,train
34559,train
82189,train
18226,train
67022,train
31617,train
70528,train
98600,train
15663,train
78200,train
96532,train
97813,train
44313,train
93834,train
9527,train
8960,train
46243,train
18683,train
12063,train
92531,train
86142,train
80087,train
68672,train
42519,train
14230,train
77798,train
3231,train
64525,train
68308,train
15901,train
97669,train
49936,train
77377,train
12763,train
40989,train
97217,train
85646,train
84094,train
16477,train
36075,train
40498,train
92954,train
7645,train
31493,train
67345,train
2996,train
63214,train
64229,train
12497,train
67014,train
43290,train
63690,train
8099,train
26129,train
26160,train
47380,train
62651,train
26496,train
27719,train
92021,train
49083,train
63660,train
27906,train
23321,train
20349,train
81082,train
46229,train
93867,train
65708,train
85649,train
82444,train
67738,train
41756,train
55106,train
83776,train
88536,train
52649,train
51086,train
38079,train
30397,train
50812,train
83690,train
91554,train
12116,train
75487,train
24285,train
46008,train
40655,train
75732,train
94785,train
96333,train
93080,train
91810,train
6737,train
62718,train
43269,train
42044,train
33986,train
32461,train
44045,train
81270,train
34109,train
11780,train
55576,train
86728,train
3424,train
34167,train
83902,train
61297,train
24990,train
16596,train
71749,train
78930,train
67361,train
58367,train
72075,train
1788,train
51182,train
26696,train
95242,train
15290,train
13899,train
35521,train
25783,train
34930,train
38737,train
6664,train
28207,train
26208,train
52935,train
88866,train
32321,train
71347,train
32852,train
78076,train
84456,train
69182,train
61483,train
85753,train
4926,train
25825,train
88195,train
90605,train
21120,train
26383,train
76477,train
61658,train
29595,train
89693,train
91788,train
47575,train
36182,train
15835,train
74454,train
10721,train
30887,train
20284,train
39686,train
31802,train
15520,train
62077,train
88253,train
71009,train
84586,train
90872,train
63571,train
7880,train
58384,train
2388,train
75743,train
33971,train
18084,train
47505,train
24602,train
87674,train
48823,train
90218,train
35378,train
42166,train
91674,train
25914,train
42526,train
65829,train
98090,train
28787,train
34491,train
85659,train
12140,train
3324,train
3747,train
60686,train
28436,train
36734,train
1174,train
24388,train
56337,train
81148,train
5044,train
80574,train
7899,train
58510,train
69708,train
90231,train
18769,train
88727,train
44246,train
9842,train
92629,train
40779,train
88380,train
63152,train
50140,train
77169,train
10758,train
41541,train
90846,train
83700,train
10406,train
91634,train
54965,train
69371,train
97265,train
8211,train
8774,train
26832,train
78478,train
24705,train
73829,train
71569,train
65893,train
7740,train
77390,train
59371,train
92686,train
71196,train
12529,train
76422,train
91145,train
88621,train
67119,train
74039,train
49029,train
61285,train
90009,train
5031,train
80926,train
82800,train
75040,train
9671,train
30665,train
83641,train
81959,train
28243,train
2640,train
332,train
13670,train
86310,train
19639,train
79274,train
88787,train
154,train
39923,train
53065,train
80471,train
75524,train
35084,train
30656,train
84767,train
90957,train
8941,train
98389,train
34425,train
26303,train
97185,train
92656,train
37908,train
42024,train
46168,train
32296,train
29483,train
72154,train
17346,train
88534,train
25617,train
91132,train
28528,train
39312,train
84091,train
96893,train
5033,train
39834,train
28872,train
5140,train
62824,train
15796,train
80109,train
40692,train
1976,train
15983,train
54354,train
51066,train
63054,train
36558,train
92569,train
96158,train
50881,train
47102,train
81325,train
74269,train
66139,train
41929,train
4575,train
15567,train
43029,train
12049,train
44800,train
91295,train
84092,train
28944,train
62515,train
93123,train
37378,train
81112,train
91947,train
30672,train
3329,train
13287,train
56514,train
19401,train
87690,train
23334,train
92501,train
69276,train
80525,train
62954,train
72093,train
63696,train
54329,train
62480,train
13894,train
48579,train
86576,train
6428,train
84664,train
26651,train
22253,train
65584,train
3833,train
51428,train
66238,train
53691,train
96627,train
94745,train
97612,train
97424,train
8935,train
87141,train
78226,train
72334,train
1196,train
60135,train
81804,train
24599,train
52349,train
57918,train
87776,train
92342,train
3719,train
22999,train
2935,train
87374,train
44354,train
1266,train
26604,train
72224,train
32196,train
87516,train
38296,train
10872,train
49558,train
13377,train
79410,train
54708,train
16298,train
17637,train
68842,train
11595,train
74377,train
85075,train
67491,train
73707,train
21714,train
82781,train
92749,train
46361,train
59448,train
12823,train
41315,train
69002,train
82889,train
45968,train
90499,train
63045,train
10003,train
27036,train
49619,train
75340,train
51301,train
29839,train
45042,train
35041,train
17176,train
45013,train
73502,train
27004,train
35934,train
65932,train
82749,train
51992,train
38469,train
98697,train
31574,train
32471,train
93751,train
27064,train
79498,train
47354,train
84848,train
38186,train
51167,train
44905,train
12647,train
24438,train
92000,train
98710,train
21512,train
44299,train
49258,train
20830,train
74267,train
25893,train
2999,train
99826,train
63588,train
1500,train
25401,train
32418,train
4461,train
19563,train
92770,train
2932,train
2811,train
78619,train
45435,train
20919,train
3386,train
76239,train
69530,train
16124,train
24896,train
3385,train
89129,train
21735,train
27816,train
51534,train
84450,train
8082,train
54839,train
25350,train
44450,train
81811,train
60336,train
25757,train
4951,train
79163,train
84559,train
83311,train
84426,train
86282,train
34102,train
82640,train
63096,train
59401,train
61991,train
30707,train
4770,train
16923,train
37667,train
98836,train
18466,train
47590,train
76219,train
93297,train
36497,train
83925,train
72130,train
65908,train
96714,train
51333,train
6686,train
21044,train
52271,train
63817,train
33421,train
64842,train
31447,train
90556,train
87439,train
66161,train
61559,train
17027,train
92014,train
53561,train
6070,train
14084,train
17673,train
55895,train
14154,train
1240,train
71763,train
63339,train
23855,train
2442,train
25181,train
17534,train
771,train
82976,train
80445,train
90192,train
93472,train
42401,train
38105,train
69222,train
53324,train
83742,train
82668,train
8784,train
11352,train
71627,train
18759,train
53972,train
80142,train
49715,train
32326,train
99352,train
37636,train
80131,train
5573,train
82068,train
62176,train
12538,train
52539,train
7138,train
83545,train
6218,train
46373,train
64878,train
97404,train
84693,train
41321,train
48195,train
72588,train
38493,train
40840,train
43513,train
25685,train
35577,train
7852,train
34848,train
14224,train
62471,train
77411,train
67601,train
54685,train
11301,train
3139,train
43895,train
6464,train
52464,train
10216,train
94358,train
6196,train
26349,train
95386,train
89956,train
13922,train
94059,train
37584,train
11293,train
99023,train
71535,train
35220,train
39772,train
16304,train
3154,train
81468,train
19041,train
8781,train
86174,train
25237,train
62861,train
92588,train
24294,train
3764,train
59883,train
8295,train
47516,train
33870,train
33800,train
6116,train
97628,train
15997,train
72678,train
15845,train
88909,train
91499,train
30126,train
81040,train
21203,train
67689,train
68017,train
15858,train
68921,train
3169,train
90193,train
98695,train
73706,train
50466,train
96059,train
67217,train
14360,train
19830,train
56206,train
14930,train
36509,train
78140,train
37738,train
4742,train
3862,train
85993,train
97924,train
68633,train
60379,train
73786,train
26368,train
64542,train
65629,train
34216,train
99949,train
67744,train
21850,train
26451,train
12333,train
84199,train
60765,train
21403,train
59417,train
58677,train
60159,train
90569,train
17834,train
81864,train
26478,train
16605,train
91838,train
27594,train
16365,train
9418,train
37436,train
73592,train
62566,train
88562,train
99842,train
93110,train
75762,train
34546,train
27405,train
86651,train
7036,train
65941,train
35938,train
36485,train
27626,train
70183,train
29250,train
34857,train
29643,train
87515,train
76898,train
58459,train
82619,train
8187,train
14102,train
72128,train
17788,train
7128,train
94034,train
24889,train
17234,train
6813,train
40121,train
58473,train
36513,train
71669,train
41740,train
35047,train
13935,train
89788,train
55892,train
99954,train
76705,train
1922,train
58706,train
33188,train
13099,train
70868,train
67546,train
53071,train
72719,train
64747,train
63802,train
78332,train
76381,train
4975,train
89208,train
347,train
32028,train
53306,train
50326,train
70937,train
87644,train
43745,train
45310,train
53145,train
12304,train
32437,train
694,train
33524,train
77621,train
12769,train
59382,train
66694,train
85486,train
38196,train
63755,train
77877,train
7372,train
4572,train
5206,train
78500,train
82200,train
63232,train
75731,train
36492,train
9736,train
3331,train
73548,train
94715,train
66796,train
76845,train
13161,train
66458,train
14928,train
89844,train
44293,train
69189,train
97022,train
23315,train
99299,train
22656,train
67172,train
54521,train
26458,train
87844,train
42206,train
14287,train
37930,train
49191,train
81946,train
56589,train
52430,train
60777,train
55090,train
42006,train
84612,train
41857,train
4141,train
83314,train
68381,train
40838,train
38293,train
91730,train
90911,train
35389,train
63680,train
10748,train
58195,train
57716,train
66908,train
52406,train
13098,train
53567,train
14810,train
30829,train
14772,train
28268,train
59569,train
42501,train
63428,train
63606,train
20914,train
50833,train
29264,train
74873,train
72312,train
14371,train
10341,train
67752,train
87033,train
53341,train
84210,train
86967,train
98939,train
70820,train
68342,train
49401,train
64089,train
61718,train
21611,train
26631,train
9203,train
85952,train
78036,train
86229,train
96459,train
20522,train
28622,train
41380,train
75334,train
88779,train
40638,train
26065,train
28232,train
85963,train
34098,train
36369,train
3130,train
93413,train
53460,train
29988,train
98770,train
58385,train
65719,train
98448,train
14692,train
68103,train
82263,train
26821,train
82410,train
91236,train
32531,train
80787,train
71624,train
43692,train
95426,train
63949,train
16311,train
18082,train
98443,train
43726,train
20836,train
93874,train
67526,train
14927,train
7399,train
27117,train
40804,train
96316,train
23575,train
58328,train
15170,train
54612,train
94526,train
51169,train
74166,train
5949,train
49467,train
25100,train
87823,train
21046,train
35995,train
97955,train
22036,train
58713,train
20110,train
76172,train
5164,train
48086,train
48235,train
66960,train
69268,train
5623,train
70292,train
30301,train
32728,train
27916,train
75902,train
35207,train
14679,train
6798,train
66639,train
609,train
72002,train
23366,train
6566,train
64771,train
19515,train
2247,train
57924,train
28826,train
70792,train
75913,train
94708,train
87138,train
99112,train
64513,train
1015,train
75387,train
87242,train
16604,train
28331,train
54544,train
980,train
34455,train
66304,train
11351,train
68326,train
8822,train
26822,train
49199,train
63179,train
44850,train
36219,train
44320,train
3785,train
73677,train
44942,train
52396,train
58233,train
34238,train
17682,train
97258,train
43259,train
22516,train
8986,train
22962,train
90060,train
71405,train
67750,train
56435,train
71667,train
19123,train
76245,train
67090,train
66173,train
27140,train
27635,train
56149,train
9166,train
78900,train
88612,train
67468,train
6864,train
95458,train
52466,train
51887,train
82774,train
5868,train
72175,train
82811,train
2990,train
85957,train
76025,train
27561,train
99089,train
77250,train
6949,train
42888,train
29891,train
3972,train
2715,train
45699,train
37428,train
11847,train
97565,train
78563,train
41934,train
79527,train
50143,train
61336,train
927,train
91352,train
37479,train
39780,train
23425,train
81097,train
86379,train
16771,train
56699,train
73311,train
5779,train
90506,train
19467,train
26302,train
81219,train
45708,train
70159,train
23548,train
5504,train
70921,train
98775,train
39646,train
23186,train
85916,train
21387,train
11623,train
84265,train
50447,train
92351,train
41324,train
85310,train
21220,train
40673,train
84331,train
12779,train
40493,train
20228,train
89619,train
38393,train
99393,train
55418,train
15189,train
40828,train
53083,train
11217,train
73259,train
58028,train
60604,train
25701,train
69125,train
53588,train
53761,train
44065,train
78751,train
47738,train
18515,train
5079,train
67272,train
62598,train
35567,train
18676,train
48857,train
96499,train
12260,train
87298,train
83868,train
96010,train
40234,train
9848,train
9603,train
52650,train
88624,train
69379,train
45915,train
8773,train
68644,train
67059,train
1492,train
31097,train
84860,train
78782,train
1490,train
33916,train
16876,train
86560,train
64212,train
30314,train
61187,train
63201,train
62089,train
44857,train
9605,train
51792,train
82138,train
8332,train
77549,train
48462,train
1902,train
82768,train
23857,train
1136,train
83593,train
47789,train
88922,train
20357,train
30776,train
78026,train
58412,train
2552,train
62665,train
8711,train
73807,train
65769,train
78832,train
93985,train
79117,train
47579,train
51034,train
73867,train
76684,train
64340,train
66804,train
31944,train
96155,train
47727,train
36729,train
53904,train
96784,train
47287,train
40886,train
68627,train
7761,train
54302,train
32391,train
68744,train
48284,train
36777,train
77575,train
48683,train
35184,train
38867,train
91586,train
72131,train
31848,train
50887,train
81418,train
22735,train
32356,train
78071,train
26788,train
72553,train
55940,train
29395,train
28965,train
39957,train
66865,train
5505,train
76707,train
70555,train
78532,train
96128,train
34986,train
29239,train
39438,train
11551,train
17699,train
25319,train
72151,train
12977,train
94914,train
87837,train
24933,train
35008,train
36132,train
57582,train
27788,train
20750,train
86933,train
17467,train
360,train
23685,train
47196,train
87305,train
60330,train
2290,train
62095,train
68008,train
56075,train
89933,train
91143,train
74457,train
63902,train
39596,train
27683,train
9661,train
25058,train
91487,train
911,train
50929,train
13133,train
9091,train
14520,train
30419,train
80734,train
2751,train
75727,train
6665,train
2861,train
86695,train
80528,train
75396,train
2601,train
69162,train
90769,train
13759,train
31258,train
79718,train
89110,train
25885,train
5551,train
33243,train
40233,train
9765,train
23988,train
72798,train
52344,train
90861,train
20649,train
80927,train
20620,train
2147,train
1280,train
91432,train
95119,train
59676,train
82008,train
38584,train
36983,train
39451,train
99262,train
88420,train
3898,train
45773,train
72351,train
25761,train
28680,train
51411,train
50454,train
77493,train
89297,train
93060,train
3977,train
25665,train
75288,train
85346,train
66921,train
7729,train
20387,train
72850,train
46024,train
13340,train
25555,train
89136,train
6024,train
16552,train
64181,train
84876,train
12818,train
71049,train
80189,train
88695,train
51392,train
1421,train
51296,train
75721,train
67766,train
51227,train
32272,train
61069,train
5649,train
5939,train
98929,train
98705,train
53254,train
57559,train
22208,train
399,train
32584,train
11164,train
7349,train
44758,train
35969,train
83950,train
42321,train
76002,train
90923,train
51416,train
32036,train
31569,train
88935,train
45239,train
21212,train
56471,train
9773,train
19185,train
33257,train
7892,train
12455,train
64740,train
34040,train
80820,train
56054,train
20900,train
54279,train
26248,train
76800,train
81599,train
68303,train
4017,train
63729,train
20460,train
45868,train
27297,train
39553,train
32351,train
42405,train
83282,train
74674,train
46669,train
49462,train
46864,train
59633,train
35914,train
33481,train
19758,train
5797,train
51639,train
60153,train
55126,train
29021,train
36770,train
83803,train
91710,train
64794,train
62457,train
15726,train
81370,train
72675,train
49535,train
10852,train
40761,train
6289,train
8554,train
7061,train
67922,train
40768,train
96142,train
31982,train
35955,train
79720,train
34625,train
5128,train
58124,train
99698,train
17023,train
5598,train
91780,train
58891,train
64519,train
72478,train
64899,train
15335,train
50393,train
7842,train
19340,train
67540,train
53623,train
84922,train
62799,train
59825,train
42078,train
49253,train
45287,train
15474,train
46003,train
64744,train
16150,train
68432,train
19046,train
86876,train
35443,train
66691,train
97387,train
44183,train
24725,train
42510,train
77314,train
24448,train
8665,train
59355,train
7583,train
83565,train
58059,train
3586,train
15729,train
19930,train
39695,train
78744,train
24528,train
23811,train
95624,train
12230,train
36159,train
18881,train
51507,train
49020,train
67251,train
57837,train
1868,train
67041,train
157,train
71432,train
40869,train
93311,train
17782,train
50617,train
47486,train
3108,train
80138,train
88502,train
11209,train
66745,train
88471,train
61488,train
82876,train
65155,train
37205,train
98384,train
61190,train
69982,train
57323,train
80480,train
84874,train
54979,train
4151,train
16167,train
3319,train
76931,train
41556,train
99212,train
75046,train
77305,train
12053,train
66190,train
72317,train
91949,train
85394,train
2962,train
30757,train
73320,train
22950,train
17966,train
67900,train
54145,train
7137,train
11966,train
17341,train
42139,train
17290,train
27397,train
29971,train
59529,train
9601,train
46494,train
58086,train
84790,train
60509,train
83604,train
36423,train
82098,train
67284,train
21200,train
79501,train
76123,train
47704,train
34322,train
43949,train
65242,train
25381,train
84143,train
96600,train
43645,train
13295,train
62401,train
28273,train
70396,train
88978,train
6408,train
84758,train
81079,train
6400,train
83401,train
76930,train
65034,train
97951,train
9809,train
25925,train
80018,train
89984,train
12299,train
44940,train
95665,train
97210,train
90303,train
267,train
15737,train
86292,train
32966,train
56353,train
19232,train
54502,train
74751,train
76035,train
96470,train
9399,train
45884,train
82537,train
89772,train
55092,train
19912,train
7366,train
65637,train
22040,train
42741,train
55086,train
81757,train
87449,train
77066,train
92108,train
62536,train
68738,train
36225,train
16980,train
94788,train
21997,train
32789,train
74073,train
82202,train
49560,train
29524,train
25346,train
49655,train
69537,train
98809,train
90722,train
84032,train
87607,train
51884,train
53117,train
79239,train
77774,train
21397,train
33262,train
4404,train
16372,train
62975,train
59604,train
58529,train
19678,train
25692,train
809,train
88712,train
69332,train
9236,train
37526,train
22873,train
98032,train
18560,train
14212,train
81789,train
26873,train
46483,train
4909,train
96845,train
93960,train
92334,train
72127,train
64315,train
3964,train
915,train
29807,train
91753,train
70863,train
57074,train
36710,train
5069,train
10243,train
19206,train
69888,train
45702,train
2347,train
96936,train
45530,train
8890,train
51830,train
24195,train
53577,train
66385,train
44918,train
11509,train
94261,train
89895,train
2511,train
34763,train
44275,train
61148,train
93596,train
63725,train
12735,train
22885,train
63598,train
77025,train
99206,train
2050,train
10032,train
16294,train
7589,train
6084,train
33434,train
4108,train
14478,train
88034,train
36374,train
62375,train
87245,train
17901,train
20749,train
39307,train
59020,train
38637,train
90527,train
23392,train
60126,train
18122,train
18880,train
75739,train
67514,train
12152,train
66301,train
80184,train
42717,train
98993,train
47417,train
90049,train
63846,train
20724,train
28297,train
96102,train
23950,train
56022,train
92042,train
6616,train
70933,train
16111,train
27510,train
25451,train
76712,train
24586,train
11812,train
41266,train
64725,train
74626,train
33997,train
30043,train
56360,train
29699,train
71661,train
36795,train
61969,train
39987,train
12545,train
26252,train
9949,train
31090,train
992,train
84749,train
91137,train
89229,train
58971,train
55063,train
31959,train
46628,train
25120,train
41967,train
36400,train
32631,train
17968,train
71996,train
57967,train
60034,train
3176,train
81145,train
56452,train
41037,train
12924,train
70872,train
51857,train
59295,train
43075,train
77646,train
50589,train
21902,train
33568,train
40303,train
54794,train
44,train
62825,train
518,train
1430,train
68404,train
55692,train
67511,train
12295,train
8351,train
10955,train
20720,train
56505,train
73995,train
72951,train
45614,train
17247,train
79370,train
79614,train
86980,train
43995,train
82847,train
42148,train
7336,train
13640,train
75083,train
62819,train
87805,train
62853,train
74418,train
63027,train
96472,train
20864,train
6754,train
51036,train
50427,train
45712,train
1449,train
74128,train
96564,train
72517,train
90010,train
31861,train
61775,train
79678,train
20008,train
4034,train
6038,train
70698,train
80600,train
27785,train
94520,train
36150,train
39634,train
41163,train
82304,train
68686,train
21216,train
5599,train
90229,train
14695,train
39053,train
482,train
31713,train
21023,train
36357,train
51559,train
18163,train
37265,train
94314,train
12681,train
8826,train
69595,train
89419,train
41594,train
31977,train
40148,train
95706,train
86438,train
8080,train
13168,train
80380,train
57042,train
38230,train
47041,train
98274,train
68372,train
77681,train
70414,train
52258,train
2259,train
36339,train
75251,train
75823,train
20772,train
18578,train
31030,train
41170,train
89049,train
37852,train
14597,train
85721,train
40009,train
10672,train
92154,train
16302,train
65233,train
58554,train
14209,train
75053,train
31011,train
79223,train
76438,train
89696,train
10922,train
44759,train
10825,train
63525,train
24376,train
44050,train
15334,train
32279,train
80637,train
66582,train
99856,train
71861,train
91544,train
73000,train
46290,train
88860,train
13785,train
24824,train
29086,train
68887,train
97113,train
6902,train
23081,train
40204,train
76990,train
7890,train
52767,train
29457,train
60560,train
99201,train
36468,train
17226,train
22673,train
50048,train
91212,train
39259,train
50053,train
96732,train
35295,train
19939,train
24722,train
49356,train
90699,train
55605,train
16789,train
14452,train
15577,train
91353,train
40202,train
10271,train
65739,train
43816,train
21341,train
95663,train
89748,train
41704,train
6761,train
65257,train
28726,train
85372,train
8658,train
78682,train
7020,train
76508,train
45691,train
67570,train
1938,train
27900,train
1574,train
6996,train
64660,train
7637,train
67269,train
77044,train
91288,train
22288,train
47860,train
58105,train
59728,train
56660,train
40124,train
62365,train
32472,train
87572,train
5236,train
6155,train
18384,train
30772,train
3591,train
35499,train
79676,train
63753,train
15010,train
68864,train
86730,train
19202,train
97851,train
84895,train
26472,train
61478,train
85674,train
1038,train
23478,train
8410,train
90817,train
84219,train
42963,train
14531,train
38787,train
49227,train
12572,train
52570,train
28932,train
30570,train
54271,train
77628,train
12266,train
94528,train
27406,train
70549,train
5952,train
46084,train
8815,train
9791,train
99930,train
9859,train
77155,train
66300,train
36370,train
91515,train
21776,train
59249,train
66549,train
41820,train
34833,train
19444,train
99481,train
43848,train
85860,train
76343,train
73084,train
35971,train
57166,train
82745,train
1330,train
62362,train
42075,train
60428,train
58818,train
54001,train
87290,train
6910,train
41699,train
17764,train
36530,train
48987,train
52931,train
13728,train
88222,train
85432,train
42558,train
90493,train
2542,train
90403,train
23566,train
9128,train
4208,train
22373,train
5834,train
75094,train
67999,train
32077,train
36158,train
40932,train
49873,train
94486,train
53406,train
45933,train
62020,train
72686,train
52614,train
96639,train
49154,train
13515,train
87768,train
12548,train
10173,train
64876,train
25123,train
78294,train
20737,train
74336,train
57110,train
55306,train
28854,train
4334,train
52108,train
19174,train
80784,train
42942,train
61994,train
10049,train
38822,train
66219,train
27415,train
42467,train
17005,train
68605,train
38360,train
61995,train
97343,train
29125,train
91350,train
53433,train
36001,train
42284,train
30385,train
98593,train
69117,train
18246,train
60947,train
36377,train
81661,train
43746,train
97013,train
77562,train
52682,train
98771,train
20081,train
6441,train
7385,train
77215,train
44114,train
93436,train
1955,train
44133,train
21935,train
73275,train
37069,train
10587,train
50517,train
51103,train
25674,train
46406,train
13223,train
73306,train
52179,train
34900,train
92932,train
19959,train
1008,train
44821,train
27209,train
24270,train
77990,train
27835,train
89991,train
84976,train
86183,train
34120,train
2480,train
38952,train
55353,train
58320,train
12059,train
43934,train
66220,train
74647,train
73584,train
25650,train
75512,train
7800,train
4267,train
19854,train
73120,train
78309,train
10976,train
95792,train
40773,train
43455,train
40266,train
84697,train
62097,train
64688,train
23067,train
17916,train
72153,train
56013,train
73308,train
37898,train
85748,train
79544,train
61938,train
32159,train
92161,train
27294,train
89547,train
48718,train
51595,train
87867,train
95742,train
76199,train
85443,train
51154,train
65403,train
59771,train
65525,train
72636,train
55813,train
6148,train
2819,train
61616,train
2897,train
40582,train
35060,train
2512,train
84245,train
25664,train
82663,train
71296,train
31486,train
10804,train
60791,train
8162,train
74514,train
98394,train
72595,train
95131,train
64781,train
5318,train
77221,train
37665,train
91657,train
36177,train
25659,train
63592,train
37883,train
65624,train
36305,train
65863,train
82388,train
33346,train
87316,train
42648,train
17471,train
37956,train
95400,train
8342,train
38901,train
79710,train
64331,train
29577,train
14916,train
23092,train
36417,train
91543,train
25353,train
57862,train
54434,train
12990,train
12187,train
70456,train
31835,train
77758,train
35834,train
26452,train
60296,train
40468,train
25767,train
79033,train
19050,train
62346,train
33239,train
88672,train
44054,train
98523,train
95691,train
14013,train
19642,train
14776,train
35232,train
51120,train
55237,train
58823,train
67106,train
98559,train
35100,train
13583,train
68065,train
10995,train
14951,train
76332,train
24674,train
28611,train
72628,train
73072,train
20781,train
912,train
70309,train
75196,train
92750,train
23285,train
51784,train
98675,train
75285,train
52657,train
2232,train
48242,train
44604,train
48057,train
5529,train
29832,train
96606,train
34842,train
96145,train
24372,train
31268,train
96694,train
58485,train
64183,train
18321,train
33670,train
35498,train
29284,train
37426,train
15432,train
27305,train
78876,train
90587,train
56900,train
26547,train
96421,train
7903,train
46777,train
33107,train
57932,train
6439,train
72608,train
81121,train
44355,train
71537,train
58010,train
46471,train
92079,train
83204,train
99729,train
8225,train
11302,train
50047,train
12149,train
78067,train
99362,train
8464,train
9986,train
7514,train
95286,train
26941,train
39773,train
65320,train
76824,train
5794,train
39077,train
38424,train
97958,train
18649,train
40095,train
31930,train
85259,train
22180,train
6599,train
22768,train
84896,train
60650,train
42507,train
33290,train
49747,train
94703,train
87359,train
5173,train
93156,train
14115,train
26224,train
39403,train
58625,train
16144,train
97602,train
36105,train
83153,train
32519,train
85154,train
24614,train
39718,train
30302,train
24948,train
36649,train
44784,train
1983,train
46735,train
94080,train
47806,train
15618,train
95674,train
49041,train
13516,train
59933,train
7296,train
60923,train
55427,train
36131,train
33112,train
95437,train
91378,train
28709,train
79925,train
29100,train
44666,train
5876,train
73313,train
31284,train
94924,train
83083,train
9202,train
96957,train
37430,train
95181,train
40795,train
26473,train
89021,train
29701,train
68122,train
80424,train
11336,train
54577,train
88307,train
19968,train
9047,train
67265,train
64864,train
17383,train
98866,train
87803,train
19972,train
43542,train
13343,train
43831,train
21833,train
49182,train
56352,train
26818,train
69891,train
23601,train
64355,train
13231,train
83261,train
26041,train
49099,train
93832,train
20934,train
63524,train
46998,train
33231,train
65167,train
15439,train
53238,train
51875,train
81819,train
13456,train
97847,train
9406,train
46569,train
89374,train
39467,train
32142,train
31523,train
81896,train
40874,train
73568,train
35721,train
30101,train
44268,train
53372,train
25631,train
58789,train
82644,train
28189,train
81104,train
54773,train
43787,train
18634,train
864,train
1272,train
99878,train
21242,train
36753,train
95110,train
68713,train
32233,train
81988,train
48696,train
25916,train
34066,train
43908,train
16554,train
7255,train
41322,train
78345,train
77497,train
41470,train
71239,train
33338,train
34815,train
91932,train
13468,train
67753,train
66667,train
6362,train
68883,train
32974,train
64574,train
7440,train
97219,train
87873,train
1604,train
3190,train
56496,train
86869,train
87496,train
33761,train
43325,train
46087,train
68597,train
13587,train
20409,train
49019,train
60444,train
92185,train
72726,train
46445,train
56193,train
60528,train
97288,train
69419,train
33081,train
72132,train
83662,train
79625,train
66433,train
93063,train
25261,train
11479,train
18130,train
61721,train
52735,train
4526,train
25003,train
35168,train
94010,train
91887,train
18441,train
94284,train
89785,train
48143,train
85111,train
41066,train
93024,train
39139,train
22556,train
58363,train
14410,train
88317,train
85082,train
94447,train
24566,train
87172,train
1848,train
91542,train
32133,train
79331,train
38485,train
74934,train
50900,train
32438,train
86842,train
22294,train
56226,train
25829,train
53914,train
29645,train
55264,train
69945,train
16480,train
70305,train
69014,train
2995,train
92622,train
40704,train
51180,train
18421,train
97293,train
3240,train
91196,train
3343,train
92411,train
26477,train
36820,train
13040,train
35640,train
88061,train
21804,train
38969,train
52001,train
89305,train
3685,train
44874,train
67531,train
6511,train
11284,train
90553,train
27790,train
99327,train
57152,train
3979,train
81479,train
81878,train
63419,train
2688,train
8531,train
76827,train
93238,train
9657,train
37045,train
94931,train
47122,train
53574,train
11145,train
92503,train
15056,train
74635,train
5987,train
22147,train
64444,train
60902,train
48129,train
55943,train
95,train
34936,train
92210,train
82052,train
4991,train
27586,train
38592,train
91287,train
17022,train
74411,train
12442,train
89821,train
18869,train
55788,train
92641,train
68164,train
96725,train
67094,train
62879,train
63595,train
54748,train
36607,train
87390,train
9916,train
47849,train
2145,train
80123,train
37737,train
5764,train
92370,train
51831,train
45803,train
54579,train
63295,train
64271,train
36723,train
15609,train
68695,train
45090,train
18656,train
96664,train
65394,train
62895,train
39743,train
17914,train
68339,train
81274,train
47896,train
1094,train
29615,train
11787,train
29541,train
1356,train
55019,train
66166,train
36656,train
54620,train
36639,train
59664,train
42502,train
80205,train
89406,train
27236,train
48225,train
27950,train
6659,train
49911,train
63461,train
57912,train
3462,train
65111,train
11890,train
20370,train
89224,train
83624,train
68978,train
49141,train
12369,train
57673,train
95505,train
35641,train
1244,train
44995,train
49829,train
67229,train
3396,train
61425,train
32701,train
82930,train
9813,train
16567,train
32700,train
77432,train
59632,train
3466,train
28034,train
93620,train
31371,train
3313,train
31579,train
41452,train
71194,train
68359,train
70467,train
48495,train
87339,train
83040,train
19400,train
55511,train
59158,train
72849,train
19106,train
55669,train
60864,train
7992,train
42862,train
44156,train
49054,train
21211,train
67210,train
41166,train
99163,train
59999,train
17684,train
75538,train
3581,train
27029,train
76187,train
57555,train
39781,train
60978,train
79368,train
15661,train
22732,train
87246,train
79632,train
39311,train
66358,train
72403,train
446,train
94873,train
43574,train
37250,train
55844,train
71822,train
8729,train
45093,train
26572,train
37989,train
53043,train
82557,train
39068,train
53804,train
59732,train
99593,train
18044,train
86918,train
17940,train
15033,train
65980,train
34366,train
46157,train
2743,train
54417,train
31543,train
28652,train
72362,train
87740,train
14477,train
32792,train
50332,train
92835,train
94133,train
64943,train
8206,train
696,train
10778,train
72472,train
6687,train
33297,train
91872,train
11184,train
63075,train
30164,train
15552,train
84633,train
56214,train
8574,train
27677,train
81240,train
77735,train
96271,train
51471,train
21571,train
45743,train
52748,train
27741,train
46317,train
39752,train
12016,train
91298,train
1402,train
12482,train
79484,train
71074,train
80343,train
84751,train
64426,train
2689,train
67747,train
35364,train
41676,train
34866,train
19609,train
62580,train
6778,train
24760,train
87455,train
21818,train
99436,train
12084,train
78506,train
76969,train
92753,train
56222,train
80601,train
64970,train
4978,train
23688,train
54184,train
1915,train
75601,train
14687,train
17193,train
43138,train
5609,train
73602,train
75047,train
19431,train
40860,train
11571,train
96282,train
88905,train
50701,train
62959,train
28452,train
74662,train
70511,train
96976,train
96258,train
15883,train
25223,train
44212,train
98311,train
14019,train
19598,train
11842,train
68073,train
19573,train
37865,train
40144,train
23155,train
23372,train
47735,train
33440,train
98217,train
48846,train
23692,train
65747,train
99252,train
74007,train
58970,train
38405,train
89118,train
53199,train
83399,train
15814,train
41572,train
36895,train
5410,train
54850,train
8839,train
69023,train
65146,train
34856,train
86803,train
35761,train
90928,train
85376,train
52875,train
70337,train
96052,train
89891,train
10184,train
44190,train
8413,train
45406,train
47620,train
40033,train
51941,train
97725,train
76812,train
37274,train
73744,train
12342,train
78066,train
85849,train
44605,train
46711,train
38566,train
7199,train
33063,train
13470,train
3890,train
12638,train
95057,train
24547,train
56503,train
32723,train
29456,train
90357,train
41862,train
32905,train
42852,train
94033,train
44787,train
65237,train
41122,train
57401,train
64900,train
66568,train
30085,train
83751,train
39540,train
87007,train
31095,train
62125,train
77559,train
56322,train
59172,train
42431,train
81355,train
40213,train
87398,train
1521,train
39325,train
80212,train
94683,train
4045,train
42223,train
32895,train
16550,train
95011,train
21585,train
96171,train
87273,train
91608,train
13000,train
59631,train
18500,train
68624,train
26463,train
63843,train
99699,train
57255,train
19358,train
89850,train
51553,train
81226,train
41393,train
55590,train
22378,train
21743,train
74651,train
67690,train
64626,train
19995,train
97150,train
85728,train
77670,train
36293,train
99107,train
86487,train
50476,train
253,train
34916,train
41938,train
45284,train
98506,train
57690,train
3428,train
42037,train
76614,train
72183,train
26771,train
83352,train
56365,train
13723,train
26519,train
10836,train
84158,train
98922,train
60260,train
47818,train
83162,train
58988,train
56179,train
61788,train
72273,train
2622,train
17945,train
41976,train
62548,train
25549,train
74746,train
60283,train
37811,train
56656,train
39812,train
87809,train
83859,train
77354,train
58996,train
98711,train
63560,train
16631,train
84978,train
49250,train
83183,train
95618,train
70585,train
75035,train
36084,train
78451,train
4202,train
79108,train
58159,train
3409,train
98439,train
46698,train
20443,train
98018,train
63813,train
34131,train
72891,train
11126,train
90243,train
82828,train
65100,train
29040,train
42237,train
98969,train
21596,train
49248,train
64202,train
98013,train
18350,train
94642,train
99110,train
92197,train
42073,train
361,train
78896,train
13117,train
18856,train
2655,train
60851,train
12225,train
73876,train
32946,train
43974,train
3705,train
2331,train
65960,train
35490,train
308,train
87799,train
97540,train
46442,train
81476,train
38356,train
37593,train
5835,train
61611,train
85232,train
35741,train
18559,train
41101,train
25642,train
10984,train
44070,train
49773,train
42419,train
91354,train
75049,train
52370,train
82412,train
38627,train
39269,train
20269,train
39755,train
94615,train
8683,train
64306,train
71433,train
76133,train
14,train
70452,train
83677,train
7915,train
75567,train
30482,train
1439,train
30503,train
73192,train
67482,train
92251,train
67101,train
71391,train
69938,train
76843,train
6328,train
47350,train
47011,train
78689,train
9446,train
32310,train
44456,train
54345,train
60993,train
66772,train
76407,train
53386,train
27009,train
72739,train
37120,train
74679,train
99672,train
56998,train
35098,train
34634,train
51600,train
41995,train
31629,train
79730,train
16660,train
37192,train
79932,train
52510,train
29377,train
43380,train
85406,train
56281,train
63622,train
90768,train
8615,train
81716,train
21253,train
95358,train
48380,train
35796,train
31993,train
76833,train
26258,train
48221,train
66209,train
94310,train
78631,train
78040,train
67503,train
91083,train
87369,train
74138,train
17048,train
42739,train
22488,train
81066,train
41941,train
14078,train
47493,train
83968,train
86343,train
21251,train
7902,train
13750,train
6935,train
13369,train
67441,train
11598,train
42060,train
69664,train
92868,train
53041,train
28171,train
5473,train
16342,train
49416,train
44319,train
22275,train
70443,train
29151,train
21502,train
77056,train
45997,train
38591,train
22702,train
28938,train
39517,train
44963,train
51979,train
93147,train
97712,train
54984,train
80434,train
22063,train
53429,train
26105,train
89398,train
10585,train
11836,train
79780,train
75388,train
47664,train
63308,train
56642,train
6578,train
12197,train
87633,train
64055,train
90215,train
3080,train
68943,train
95858,train
10171,train
33464,train
47840,train
37698,train
38602,train
33340,train
29217,train
16643,train
83937,train
54311,train
56748,train
3838,train
4053,train
66429,train
67971,train
40008,train
4488,train
30140,train
80704,train
75776,train
58178,train
77379,train
72396,train
15755,train
24519,train
40217,train
31467,train
52892,train
48690,train
38011,train
46502,train
98517,train
71709,train
56652,train
77729,train
16316,train
99016,train
69468,train
41973,train
80449,train
5593,train
57219,train
61922,train
49385,train
59776,train
8390,train
4705,train
72808,train
54993,train
69590,train
49231,train
90402,train
33210,train
41372,train
67469,train
7299,train
3561,train
57907,train
86908,train
47981,train
59979,train
20388,train
47913,train
44838,train
6384,train
31773,train
31393,train
66811,train
92304,train
25070,train
3582,train
75366,train
77244,train
57571,train
97532,train
39339,train
64920,train
91120,train
35875,train
81550,train
93581,train
48468,train
59186,train
17610,train
71229,train
6551,train
89143,train
36316,train
87977,train
88183,train
18401,train
26692,train
17595,train
54225,train
93681,train
57804,train
82674,train
1972,train
39224,train
65127,train
38066,train
28010,train
18199,train
18052,train
11475,train
65336,train
41382,train
96109,train
79518,train
7912,train
23286,train
75774,train
17168,train
76933,train
92896,train
32046,train
84051,train
58577,train
81421,train
16722,train
11995,train
28450,train
85011,train
46679,train
92189,train
38986,train
60438,train
94774,train
76382,train
29357,train
98458,train
66720,train
35282,train
52781,train
6855,train
28788,train
74697,train
20429,train
76702,train
51248,train
72927,train
53597,train
16484,train
16022,train
61362,train
13775,train
82935,train
98732,train
57161,train
3726,train
66306,train
8366,train
70285,train
866,train
93182,train
17017,train
38929,train
2623,train
23681,train
2068,train
98967,train
96780,train
48077,train
4946,train
96417,train
17900,train
98521,train
18701,train
87294,train
45935,train
49440,train
53070,train
24255,train
96202,train
92615,train
72179,train
51398,train
83275,train
96598,train
55749,train
17098,train
12983,train
98766,train
51527,train
29735,train
72356,train
6640,train
6733,train
74107,train
55024,train
43915,train
85937,train
69849,train
11324,train
96355,train
56941,train
70384,train
42365,train
31610,train
48346,train
91367,train
25263,train
49758,train
2979,train
83463,train
79477,train
29444,train
69338,train
28329,train
98708,train
63872,train
65754,train
15418,train
93683,train
45989,train
54928,train
26529,train
19158,train
77916,train
93440,train
3628,train
54431,train
86179,train
49330,train
55404,train
6131,train
61138,train
83735,train
89294,train
46176,train
10556,train
86463,train
13979,train
25536,train
58991,train
5615,train
73106,train
1586,train
71942,train
55171,train
72848,train
34687,train
91296,train
29932,train
61527,train
34785,train
91721,train
30746,train
41117,train
70994,train
95128,train
74754,train
95134,train
41338,train
55910,train
4891,train
49531,train
84123,train
69844,train
83795,train
46486,train
30583,train
3468,train
27101,train
24930,train
54920,train
9317,train
17829,train
92321,train
93944,train
8046,train
52260,train
6270,train
32530,train
38427,train
97572,train
31302,train
81332,train
21992,train
82363,train
71782,train
5348,train
64716,train
83854,train
41550,train
60136,train
95374,train
26151,train
61640,train
82553,train
36422,train
73522,train
96573,train
89431,train
3147,train
12607,train
65568,train
95868,train
43190,train
26660,train
80371,train
61763,train
21919,train
94476,train
51758,train
97,train
83900,train
98288,train
8892,train
22376,train
28535,train
41586,train
8913,train
44608,train
53800,train
95530,train
95971,train
66421,train
15821,train
85250,train
9993,train
9151,train
6246,train
30366,train
4206,train
56750,train
67614,train
56597,train
54893,train
90045,train
34357,train
76743,train
64168,train
24190,train
20623,train
5732,train
38600,train
17778,train
3059,train
46954,train
61709,train
86597,train
58183,train
58764,train
26650,train
38440,train
67893,train
57512,train
68540,train
39671,train
2945,train
30097,train
40279,train
98003,train
65128,train
46768,train
53289,train
78442,train
36886,train
52780,train
72189,train
43599,train
80366,train
89733,train
42217,train
57861,train
21888,train
14240,train
57643,train
50110,train
93332,train
4701,train
86522,train
19838,train
59759,train
90572,train
98642,train
86640,train
44000,train
71847,train
19507,train
71800,train
87705,train
41333,train
58649,train
7947,train
82893,train
90990,train
34342,train
68599,train
45529,train
87714,train
57000,train
69721,train
67891,train
68119,train
83197,train
57327,train
33686,train
55315,train
4209,train
21915,train
92654,train
80520,train
74278,train
95482,train
93125,train
80553,train
52480,train
92596,train
19767,train
2024,train
96881,train
7279,train
75255,train
93731,train
19663,train
84185,train
92190,train
10638,train
37507,train
18616,train
98733,train
55473,train
55122,train
8042,train
12765,train
25860,train
93437,train
72162,train
85187,train
11322,train
55251,train
90839,train
87577,train
2199,train
5859,train
4013,train
85975,train
99405,train
20666,train
16288,train
76758,train
10664,train
95510,train
29657,train
50385,train
97809,train
76238,train
50422,train
66863,train
4466,train
28318,train
13602,train
58280,train
9987,train
82338,train
42252,train
36149,train
98820,train
81792,train
17345,train
87175,train
31125,train
24987,train
34143,train
73122,train
75527,train
84346,train
29983,train
64075,train
38154,train
1703,train
29803,train
4431,train
16557,train
54327,train
31947,train
94048,train
25654,train
23587,train
85771,train
82255,train
58091,train
76892,train
15767,train
3235,train
74253,train
40610,train
95443,train
55786,train
51136,train
87335,train
19914,train
82580,train
89359,train
29037,train
26852,train
63693,train
89159,train
1438,train
66831,train
67736,train
50040,train
44903,train
16245,train
65967,train
48178,train
90898,train
3702,train
80542,train
44632,train
44353,train
55970,train
5673,train
37173,train
58497,train
8560,train
14446,train
85460,train
20405,train
64066,train
6658,train
87710,train
10324,train
61957,train
62589,train
57870,train
39832,train
64930,train
74098,train
22028,train
63077,train
21721,train
30958,train
80662,train
25079,train
91047,train
29132,train
81238,train
57217,train
23964,train
9157,train
59419,train
77854,train
86080,train
64677,train
25142,train
17689,train
24202,train
63288,train
61373,train
58925,train
82463,train
25587,train
13841,train
41216,train
48353,train
72827,train
31310,train
86861,train
53836,train
58728,train
80000,train
8220,train
12594,train
42684,train
78743,train
23898,train
93346,train
18877,train
24450,train
97324,train
37614,train
48937,train
61274,train
63797,train
17562,train
13766,train
85900,train
42738,train
91410,train
68535,train
5304,train
45291,train
34328,train
57279,train
59010,train
21176,train
40286,train
53671,train
41403,train
33760,train
39966,train
97737,train
27438,train
6193,train
77786,train
66032,train
8697,train
12840,train
55108,train
17385,train
25766,train
27177,train
12890,train
40154,train
35209,train
24656,train
35617,train
29767,train
32121,train
13779,train
17432,train
49845,train
74543,train
38582,train
14848,train
97419,train
3713,train
23454,train
84395,train
58662,train
22043,train
54223,train
4157,train
98902,train
57192,train
81016,train
76564,train
54754,train
29027,train
66321,train
26957,train
23949,train
14933,train
34841,train
40016,train
94960,train
93528,train
60972,train
34181,train
70932,train
17742,train
10125,train
56743,train
66363,train
4428,train
36280,train
8248,train
67850,train
43799,train
40963,train
65447,train
47893,train
84539,train
13754,train
96628,train
91916,train
18513,train
18250,train
63894,train
46276,train
83508,train
55872,train
3723,train
53229,train
55445,train
1302,train
60882,train
65959,train
42137,train
88369,train
36839,train
52648,train
48320,train
4266,train
95169,train
12592,train
1963,train
79563,train
89961,train
36676,train
42878,train
83939,train
18789,train
56537,train
28529,train
85453,train
72855,train
86090,train
2398,train
49889,train
56830,train
71832,train
7272,train
68514,train
53737,train
18115,train
9825,train
72226,train
97432,train
97422,train
36112,train
23207,train
66489,train
44749,train
80737,train
93556,train
95295,train
16520,train
17094,train
34722,train
32345,train
29335,train
86542,train
90965,train
69205,train
49226,train
43262,train
94818,train
50519,train
75483,train
89470,train
4781,train
38099,train
82380,train
61812,train
18145,train
3407,train
31657,train
15245,train
65575,train
17881,train
66075,train
18150,train
12269,train
46499,train
58941,train
75659,train
33936,train
20043,train
68179,train
47266,train
26928,train
14226,train
50192,train
5839,train
47553,train
4254,train
64700,train
18865,train
32779,train
85380,train
40585,train
28929,train
93858,train
90224,train
49860,train
20929,train
17747,train
89878,train
50330,train
58374,train
80345,train
17942,train
48435,train
30197,train
86386,train
30939,train
11686,train
9463,train
82845,train
48132,train
91430,train
41023,train
34743,train
25983,train
18790,train
44255,train
42566,train
71494,train
62270,train
67720,train
7080,train
9411,train
39173,train
25165,train
68138,train
7945,train
63039,train
25693,train
73832,train
45349,train
68356,train
59967,train
111,train
52199,train
7951,train
61207,train
37031,train
70260,train
21877,train
54838,train
54351,train
89077,train
80495,train
32199,train
35591,train
77371,train
37377,train
84960,train
46275,train
81708,train
69051,train
21277,train
20769,train
11862,train
44965,train
97597,train
14428,train
2706,train
5335,train
21916,train
77332,train
51488,train
24136,train
76355,train
22494,train
73355,train
30966,train
38977,train
29476,train
73718,train
97074,train
23531,train
75605,train
64802,train
65648,train
87210,train
72780,train
16057,train
87481,train
92434,train
63061,train
27399,train
79135,train
67233,train
63599,train
51685,train
80687,train
91511,train
54702,train
50664,train
422,train
68312,train
46237,train
11841,train
53147,train
56904,train
57470,train
80253,train
14271,train
64897,train
46321,train
56111,train
29503,train
89601,train
46297,train
94346,train
56251,train
99200,train
86023,train
67865,train
55295,train
29105,train
77121,train
49352,train
37599,train
74250,train
76984,train
366,train
69517,train
56850,train
58387,train
10033,train
88977,train
59182,train
49959,train
44233,train
16736,train
93562,train
9137,train
46412,train
16743,train
22726,train
31383,train
87197,train
21050,train
7591,train
92064,train
63518,train
70083,train
17514,train
21494,train
751,train
99751,train
47489,train
45880,train
4663,train
39461,train
53479,train
68704,train
18821,train
63954,train
91962,train
25409,train
43395,train
89882,train
53855,train
36375,train
88892,train
7953,train
74919,train
60089,train
99960,train
16683,train
39415,train
17858,train
38606,train
5393,train
116,train
59486,train
7849,train
20012,train
99076,train
82014,train
49627,train
40369,train
28278,train
69843,train
5558,train
70188,train
33638,train
42043,train
22789,train
4758,train
21984,train
36857,train
82287,train
83640,train
94875,train
28002,train
2354,train
19635,train
22240,train
99159,train
97045,train
29187,train
85794,train
99624,train
34792,train
13551,train
14969,train
81220,train
11494,train
34480,train
68573,train
1497,train
97986,train
72441,train
54663,train
58805,train
4035,train
83836,train
82957,train
75578,train
16315,train
33921,train
96165,train
76633,train
80960,train
89857,train
25588,train
29743,train
44568,train
15390,train
72819,train
76565,train
61066,train
35148,train
36863,train
20859,train
2278,train
98512,train
82056,train
83981,train
35535,train
52227,train
50499,train
76277,train
77610,train
93041,train
83249,train
73769,train
17608,train
66081,train
70446,train
10867,train
78440,train
82671,train
78168,train
40344,train
32745,train
89628,train
70651,train
37874,train
42152,train
50013,train
96810,train
50341,train
6009,train
47378,train
16232,train
3002,train
25279,train
8029,train
50831,train
43639,train
75747,train
321,train
73544,train
60174,train
30268,train
61934,train
51199,train
86956,train
97585,train
34915,train
29977,train
75704,train
23687,train
94805,train
63431,train
49303,train
66785,train
80826,train
35288,train
47457,train
54312,train
68640,train
78870,train
82886,train
35552,train
52934,train
96085,train
44375,train
34882,train
86506,train
81336,train
75043,train
66794,train
29848,train
71173,train
97302,train
9182,train
76532,train
24697,train
2594,train
65763,train
8392,train
88436,train
94569,train
23173,train
24904,train
35670,train
13059,train
98776,train
1560,train
79186,train
4856,train
12739,train
70109,train
15760,train
17912,train
55419,train
20510,train
12728,train
34356,train
54156,train
92513,train
10030,train
86485,train
93572,train
14241,train
10480,train
82698,train
71887,train
3673,train
50559,train
83341,train
46602,train
94212,train
57453,train
14304,train
71978,train
16047,train
18320,train
82918,train
56712,train
57899,train
16910,train
70119,train
74442,train
47654,train
55223,train
71231,train
38404,train
18355,train
57721,train
4273,train
59909,train
74028,train
50832,train
3886,train
4906,train
99763,train
95572,train
36690,train
61815,train
41229,train
70799,train
61013,train
89949,train
54681,train
30090,train
75923,train
62265,train
11851,train
2318,train
72497,train
38390,train
43564,train
926,train
60563,train
2451,train
18225,train
83464,train
24039,train
87990,train
9473,train
17730,train
55132,train
27068,train
52088,train
4287,train
24996,train
21054,train
37519,train
7204,train
40424,train
68348,train
26391,train
45441,train
29872,train
15155,train
12537,train
42524,train
91830,train
34286,train
94981,train
47475,train
49277,train
66456,train
58292,train
24165,train
36721,train
60945,train
61229,train
35637,train
6925,train
15134,train
64085,train
45472,train
60485,train
44060,train
50232,train
94213,train
20346,train
46812,train
71200,train
70550,train
85761,train
28835,train
87120,train
50442,train
24499,train
58720,train
87689,train
92141,train
56129,train
76519,train
68915,train
41253,train
12717,train
53419,train
62568,train
74844,train
78152,train
77357,train
53903,train
51295,train
40973,train
57138,train
65603,train
97994,train
25791,train
60699,train
12321,train
36456,train
48038,train
28916,train
9796,train
5866,train
53186,train
77182,train
75164,train
89380,train
94120,train
19541,train
57680,train
18939,train
7898,train
11829,train
89370,train
64475,train
61544,train
82081,train
20238,train
24577,train
44889,train
48252,train
52367,train
35462,train
72451,train
46881,train
79938,train
42052,train
6424,train
77584,train
90398,train
92505,train
80144,train
9846,train
53040,train
25861,train
33108,train
49346,train
16133,train
64035,train
31794,train
58093,train
22267,train
67461,train
26043,train
94158,train
80902,train
54154,train
45225,train
4464,train
55182,train
25559,train
38679,train
93615,train
50679,train
64015,train
95491,train
50448,train
8484,train
31593,train
36531,train
47992,train
73728,train
65366,train
7089,train
90476,train
26580,train
20177,train
44603,train
29523,train
99296,train
65767,train
78353,train
33449,train
46364,train
41600,train
77097,train
88853,train
78764,train
47500,train
30382,train
86053,train
81425,train
12423,train
52521,train
56668,train
16620,train
22697,train
62942,train
44762,train
13090,train
61699,train
807,train
67715,train
2267,train
78339,train
74156,train
19734,train
63586,train
52960,train
96493,train
99532,train
40067,train
68667,train
57348,train
34638,train
11055,train
5964,train
76270,train
48860,train
24478,train
34864,train
67956,train
66751,train
30747,train
92584,train
1455,train
28561,train
64995,train
17312,train
15123,train
82711,train
70672,train
78280,train
2243,train
95203,train
59478,train
87086,train
88599,train
32029,train
1840,train
49072,train
48924,train
21415,train
66604,train
71054,train
27933,train
59436,train
25746,train
46100,train
17303,train
20398,train
6371,train
82115,train
45771,train
24592,train
94849,train
23896,train
38359,train
51794,train
75411,train
38391,train
35269,train
88835,train
93909,train
10008,train
10159,train
70241,train
32040,train
87790,train
66633,train
85703,train
94116,train
26329,train
65690,train
90555,train
81203,train
46653,train
61982,train
75192,train
14373,train
43329,train
76361,train
80974,train
113,train
17043,train
14396,train
99792,train
8950,train
61216,train
48079,train
27093,train
73364,train
41244,train
57244,train
94789,train
11235,train
62286,train
54196,train
13924,train
70422,train
65326,train
81088,train
45707,train
11444,train
14431,train
4215,train
64673,train
94510,train
11676,train
23570,train
34676,train
12415,train
36691,train
3763,train
80294,train
47768,train
91798,train
27578,train
2449,train
82505,train
31877,train
99492,train
74024,train
73142,train
55996,train
46961,train
26042,train
11274,train
51678,train
96091,train
45625,train
55484,train
74401,train
9694,train
57607,train
85929,train
61,train
658,train
75525,train
28823,train
24490,train
83044,train
34287,train
43018,train
77222,train
6234,train
25597,train
6740,train
68135,train
31950,train
55008,train
40378,train
53548,train
285,train
73151,train
96520,train
87365,train
63727,train
22357,train
11085,train
28149,train
5329,train
89749,train
56536,train
55291,train
58754,train
24172,train
7436,train
43967,train
98313,train
10906,train
49562,train
5149,train
48094,train
73228,train
23348,train
68618,train
42818,train
79083,train
93991,train
41501,train
68701,train
85998,train
25280,train
21891,train
96036,train
5912,train
23181,train
73051,train
93342,train
6770,train
81855,train
58265,train
33608,train
60093,train
77980,train
36237,train
23128,train
9976,train
80987,train
35687,train
64484,train
26767,train
49475,train
26440,train
97034,train
85551,train
79202,train
55685,train
78304,train
52299,train
32662,train
69926,train
62573,train
60106,train
81448,train
49392,train
28142,train
98236,train
86647,train
21130,train
24303,train
98753,train
57885,train
42586,train
10292,train
56985,train
7472,train
27707,train
59388,train
74298,train
21589,train
72005,train
29230,train
54428,train
37655,train
50724,train
31350,train
85414,train
3054,train
39842,train
1216,train
88551,train
59571,train
9388,train
39433,train
28661,train
69073,train
74229,train
86846,train
8942,train
9824,train
57936,train
30381,train
21952,train
57749,train
59962,train
31187,train
62805,train
42746,train
11830,train
8927,train
30731,train
97026,train
69588,train
63611,train
49080,train
72834,train
78048,train
17100,train
40602,train
70026,train
66150,train
7878,train
63861,train
64881,train
56821,train
32185,train
30212,train
84332,train
54301,train
88589,train
89930,train
52345,train
44244,train
6858,train
28237,train
89880,train
92484,train
79733,train
67080,train
71666,train
45001,train
97280,train
49731,train
19617,train
98505,train
50089,train
40225,train
94262,train
4188,train
18804,train
17085,train
88019,train
25622,train
80832,train
99709,train
70267,train
98428,train
57341,train
41633,train
22431,train
3772,train
3489,train
73456,train
92609,train
9273,train
42464,train
99090,train
55885,train
90665,train
52141,train
63862,train
19704,train
38793,train
52784,train
72826,train
71747,train
18380,train
60204,train
99631,train
14141,train
17427,train
33505,train
46239,train
12887,train
88980,train
61079,train
27429,train
90132,train
27183,train
33907,train
69558,train
51724,train
22966,train
63385,train
90365,train
7510,train
63403,train
73730,train
92490,train
78426,train
41374,train
88259,train
1180,train
52388,train
12055,train
39211,train
86739,train
67154,train
95708,train
39958,train
4125,train
6158,train
93897,train
15025,train
8294,train
2989,train
66926,train
35602,train
23650,train
35191,train
32245,train
69833,train
27288,train
56579,train
54454,train
99331,train
23290,train
48300,train
83077,train
8252,train
65681,train
75820,train
6017,train
95173,train
9447,train
37751,train
22280,train
64800,train
12657,train
72552,train
34388,train
94866,train
7097,train
87802,train
87006,train
79507,train
88264,train
39476,train
83918,train
4527,train
25490,train
679,train
36335,train
19770,train
16782,train
70578,train
25809,train
81407,train
98927,train
6229,train
11885,train
84794,train
59267,train
35894,train
69113,train
7026,train
99161,train
27270,train
68730,train
19985,train
21869,train
1946,train
56654,train
36213,train
90968,train
45240,train
78265,train
90554,train
5907,train
24318,train
18633,train
87568,train
50281,train
37057,train
56541,train
77557,train
1162,train
54309,train
3739,train
81094,train
56716,train
78692,train
24835,train
57558,train
60130,train
91578,train
88481,train
31369,train
66410,train
90592,train
62204,train
52116,train
9806,train
90570,train
70767,train
5067,train
40894,train
51061,train
32118,train
64240,train
68955,train
84073,train
26275,train
55630,train
19430,train
98729,train
8210,train
86864,train
93651,train
54317,train
43031,train
85861,train
80565,train
65729,train
86897,train
57337,train
73529,train
734,train
42129,train
4592,train
74434,train
62060,train
88655,train
57574,train
82824,train
4608,train
76308,train
14337,train
25895,train
94635,train
61876,train
74106,train
47463,train
8968,train
97691,train
40570,train
7140,train
88635,train
45458,train
11344,train
6799,train
6133,train
49473,train
604,train
25544,train
20478,train
18427,train
17111,train
17578,train
86823,train
4363,train
40686,train
69905,train
43812,train
48293,train
67453,train
78522,train
6901,train
21296,train
48619,train
27170,train
76433,train
45169,train
25262,train
94161,train
39233,train
30876,train
17080,train
25374,train
8710,train
97195,train
22659,train
70318,train
32069,train
31248,train
13048,train
59614,train
51917,train
58416,train
9348,train
46007,train
26993,train
68434,train
54735,train
67703,train
83192,train
36334,train
96870,train
69827,train
93996,train
93497,train
5183,train
98576,train
97769,train
89932,train
41243,train
22316,train
64917,train
97063,train
47027,train
79963,train
16128,train
77015,train
81315,train
91407,train
43347,train
73358,train
30681,train
1134,train
8886,train
48898,train
87719,train
62888,train
43656,train
60717,train
79806,train
87094,train
79386,train
24925,train
13229,train
80029,train
71103,train
43697,train
53544,train
26905,train
44043,train
58119,train
67054,train
53803,train
95393,train
47483,train
88021,train
83536,train
4001,train
54195,train
18233,train
76637,train
54563,train
88783,train
46657,train
78245,train
92171,train
2984,train
22601,train
79255,train
49989,train
2878,train
39006,train
6028,train
1940,train
47121,train
94163,train
38574,train
21288,train
10569,train
66120,train
27980,train
22881,train
51213,train
24304,train
34489,train
21606,train
7923,train
53099,train
64891,train
70104,train
4110,train
99534,train
70990,train
77311,train
62154,train
10057,train
47532,train
37326,train
23368,train
64925,train
23624,train
39518,train
98282,train
19156,train
96997,train
77210,train
63349,train
27737,train
79243,train
4221,train
21426,train
78642,train
57847,train
37917,train
37170,train
62435,train
76337,train
53188,train
64383,train
59219,train
3123,train
52020,train
75199,train
27476,train
87922,train
25414,train
7692,train
83475,train
48406,train
16824,train
485,train
93826,train
63183,train
19606,train
54384,train
21621,train
38374,train
67019,train
9413,train
47786,train
85313,train
59576,train
31471,train
21604,train
88871,train
40506,train
28221,train
34859,train
28651,train
41290,train
67079,train
55487,train
76816,train
41893,train
1924,train
34220,train
16616,train
57806,train
94088,train
43111,train
19694,train
25881,train
9424,train
30104,train
38712,train
72278,train
93959,train
97333,train
62524,train
77261,train
15918,train
2531,train
41925,train
11115,train
18905,train
61052,train
58453,train
61257,train
32609,train
19018,train
80855,train
38191,train
69602,train
97935,train
89944,train
54418,train
95099,train
38780,train
58621,train
51267,train
64601,train
50935,train
97700,train
43371,train
92912,train
99686,train
29387,train
23777,train
89603,train
92229,train
34549,train
8338,train
13822,train
43076,train
1627,train
72656,train
29029,train
89417,train
59488,train
79405,train
47824,train
60687,train
45469,train
87471,train
45467,train
85941,train
34693,train
20746,train
94917,train
77989,train
91823,train
9056,train
94215,train
66459,train
46133,train
52708,train
10265,train
85992,train
12203,train
38629,train
1083,train
34471,train
36903,train
69933,train
22186,train
93243,train
46641,train
43962,train
67896,train
12509,train
11416,train
19076,train
95779,train
68171,train
29215,train
42644,train
22089,train
21773,train
59263,train
28957,train
2317,train
59906,train
63919,train
87320,train
80039,train
2496,train
71286,train
45651,train
31390,train
45730,train
88609,train
20805,train
8037,train
28864,train
98371,train
23619,train
91075,train
70637,train
51025,train
51597,train
98377,train
1944,train
99268,train
7584,train
33629,train
57937,train
28655,train
57666,train
96341,train
95696,train
12257,train
39299,train
12923,train
10377,train
88813,train
16828,train
42185,train
5538,train
26923,train
15449,train
25072,train
86531,train
62790,train
32878,train
47868,train
82010,train
44272,train
27559,train
12305,train
25898,train
66292,train
5679,train
35925,train
82370,train
80506,train
34140,train
69390,train
85912,train
86257,train
33675,train
52264,train
11622,train
11022,train
40803,train
13707,train
80009,train
66674,train
99974,train
77140,train
60090,train
48270,train
75722,train
14924,train
49941,train
77307,train
72864,train
8052,train
27371,train
60026,train
67907,train
37850,train
84080,train
46760,train
42097,train
1672,train
65926,train
32411,train
18049,train
45646,train
47241,train
46635,train
16691,train
35111,train
71988,train
32038,train
28743,train
50537,train
62307,train
69918,train
4759,train
96547,train
95541,train
59312,train
9448,train
5852,train
24805,train
77129,train
52640,train
69643,train
85246,train
65184,train
54054,train
220,train
55540,train
36907,train
59025,train
15748,train
85827,train
94369,train
13351,train
38635,train
37758,train
1031,train
82143,train
52189,train
87182,train
17568,train
7460,train
50768,train
79749,train
75363,train
98201,train
77824,train
70757,train
4727,train
89526,train
64351,train
68120,train
75316,train
78437,train
22099,train
87228,train
44185,train
16338,train
89810,train
81993,train
8425,train
3635,train
89424,train
49842,train
37278,train
63060,train
3124,train
26578,train
1756,train
99679,train
17364,train
1544,train
35766,train
86453,train
41811,train
56977,train
26642,train
7985,train
49036,train
92227,train
16422,train
75856,train
35409,train
11175,train
10659,train
45259,train
96140,train
35664,train
22835,train
84347,train
26402,train
99979,train
79712,train
67502,train
12322,train
67348,train
86186,train
40405,train
5542,train
93142,train
24046,train
86510,train
23281,train
81026,train
39776,train
227,train
81582,train
82123,train
99589,train
37332,train
46639,train
96497,train
94459,train
85302,train
84460,train
13297,train
58607,train
43861,train
7023,train
94839,train
81814,train
30660,train
49898,train
53346,train
15161,train
77764,train
81229,train
76927,train
65477,train
63317,train
8241,train
22609,train
55886,train
68576,train
66482,train
82566,train
58670,train
46410,train
18374,train
32837,train
51385,train
90285,train
63036,train
781,train
17391,train
20544,train
91216,train
41303,train
2801,train
12753,train
98509,train
52655,train
83038,train
44785,train
26137,train
19373,train
42814,train
30915,train
35849,train
1278,train
66749,train
89059,train
54385,train
72768,train
71842,train
22979,train
69310,train
95371,train
19588,train
63309,train
1616,train
3735,train
62055,train
47398,train
6723,train
69534,train
58433,train
35724,train
93535,train
6898,train
59008,train
62713,train
25013,train
83093,train
61429,train
98400,train
97362,train
44880,train
11341,train
42775,train
52553,train
3447,train
19301,train
54163,train
66850,train
31491,train
1516,train
74449,train
82465,train
91405,train
44365,train
81002,train
294,train
70750,train
25026,train
55062,train
93663,train
11414,train
87729,train
32193,train
6967,train
56687,train
32804,train
83143,train
7942,train
51582,train
36100,train
12467,train
22983,train
30870,train
871,train
79092,train
70227,train
81900,train
54375,train
13066,train
54656,train
63240,train
37459,train
47648,train
6013,train
97396,train
45152,train
87598,train
67508,train
41173,train
97624,train
42927,train
65867,train
24512,train
75572,train
65558,train
31932,train
10249,train
83635,train
2242,train
12822,train
63143,train
18842,train
3238,train
90895,train
69685,train
60865,train
58908,train
57887,train
25721,train
92595,train
24649,train
68203,train
87121,train
54851,train
48508,train
80614,train
84613,train
27366,train
16447,train
33533,train
32801,train
21395,train
42069,train
69428,train
54542,train
78633,train
84611,train
36175,train
38343,train
80593,train
56903,train
49028,train
75474,train
90673,train
3360,train
22745,train
45762,train
76719,train
9458,train
67790,train
31387,train
43321,train
34188,train
69608,train
81173,train
34720,train
26949,train
32522,train
11333,train
64469,train
39177,train
84044,train
32541,train
84950,train
16286,train
70662,train
90715,train
98174,train
15714,train
19103,train
36581,train
56914,train
64823,train
11914,train
72993,train
86308,train
87295,train
13327,train
50809,train
98728,train
57,train
39758,train
89202,train
12247,train
96234,train
28607,train
89950,train
14871,train
44897,train
81374,train
59153,train
72690,train
94802,train
21490,train
60883,train
47563,train
63062,train
73241,train
1789,train
30388,train
68401,train
20670,train
97843,train
91519,train
86948,train
2939,train
54595,train
62178,train
57662,train
91173,train
80807,train
98522,train
36222,train
19861,train
36988,train
29576,train
64241,train
39497,train
91989,train
52487,train
79469,train
66724,train
5756,train
89232,train
9331,train
96126,train
78622,train
91349,train
53237,train
27558,train
10006,train
34933,train
3229,train
9511,train
6776,train
46964,train
96241,train
82054,train
21600,train
77248,train
18217,train
72165,train
92725,train
99858,train
37776,train
45778,train
76475,train
1131,train
77090,train
31037,train
92077,train
51567,train
3717,train
55573,train
14352,train
77054,train
21042,train
51413,train
85608,train
57084,train
44683,train
48142,train
2362,train
38203,train
24002,train
30475,train
83333,train
70081,train
30856,train
58610,train
82196,train
53582,train
45911,train
44622,train
70248,train
74220,train
20175,train
37613,train
43125,train
59162,train
18597,train
73673,train
96988,train
51479,train
36283,train
83870,train
51824,train
52647,train
78770,train
23391,train
88226,train
83957,train
96393,train
14196,train
42749,train
86949,train
52848,train
83576,train
50633,train
24399,train
37023,train
85228,train
52572,train
70701,train
49506,train
12679,train
86369,train
16563,train
85258,train
45263,train
29622,train
61140,train
77101,train
44348,train
53928,train
87170,train
65898,train
62024,train
2226,train
58078,train
38429,train
31624,train
89017,train
29119,train
19552,train
55997,train
16506,train
94554,train
78466,train
45648,train
85602,train
13473,train
67192,train
15444,train
38855,train
24432,train
35028,train
88526,train
62021,train
45006,train
69962,train
784,train
35101,train
96143,train
30834,train
90312,train
61199,train
98376,train
48685,train
61321,train
8624,train
88838,train
61650,train
21505,train
51243,train
55834,train
19164,train
58848,train
33316,train
96630,train
15039,train
5657,train
15693,train
37337,train
99298,train
29617,train
98121,train
94193,train
59808,train
98294,train
68806,train
49070,train
88533,train
2560,train
81914,train
69806,train
19137,train
17593,train
13638,train
52945,train
81751,train
77679,train
50497,train
69214,train
27409,train
96485,train
65777,train
47377,train
86556,train
31197,train
82834,train
43010,train
72704,train
8408,train
26672,train
22515,train
67199,train
71858,train
72408,train
5308,train
50346,train
13249,train
18995,train
4833,train
58542,train
12719,train
70484,train
24982,train
35130,train
88552,train
30313,train
79071,train
79392,train
23174,train
14247,train
31653,train
52286,train
35740,train
43916,train
75866,train
5470,train
53897,train
83566,train
91389,train
29690,train
42174,train
57943,train
95652,train
7822,train
93084,train
96238,train
59827,train
46390,train
36184,train
50747,train
76090,train
20878,train
73317,train
40260,train
22493,train
19956,train
38690,train
47785,train
59847,train
8994,train
67198,train
97096,train
50869,train
76929,train
45384,train
53459,train
95838,train
30255,train
82691,train
15471,train
59165,train
55162,train
41483,train
6997,train
70639,train
22152,train
93577,train
84102,train
66434,train
56860,train
81463,train
96213,train
89808,train
20350,train
31433,train
63637,train
70566,train
6885,train
24781,train
86805,train
38399,train
82837,train
68726,train
26366,train
22366,train
42589,train
91112,train
40126,train
71804,train
71417,train
22021,train
13171,train
92289,train
44390,train
74990,train
79214,train
74199,train
20890,train
69264,train
87685,train
17854,train
24840,train
23812,train
20002,train
55893,train
93266,train
83716,train
78914,train
32207,train
15165,train
27643,train
17815,train
79912,train
8580,train
8175,train
82073,train
66727,train
6293,train
7726,train
89076,train
59306,train
41644,train
1635,train
38583,train
33932,train
2966,train
41823,train
21117,train
56414,train
8860,train
13036,train
88567,train
6466,train
58034,train
84191,train
80536,train
78590,train
59987,train
11478,train
58532,train
33265,train
5910,train
20970,train
83813,train
65939,train
29894,train
32821,train
56490,train
51813,train
24690,train
87366,train
72877,train
88232,train
35038,train
19252,train
99847,train
19299,train
36528,train
88587,train
88437,train
32343,train
87015,train
68020,train
66319,train
13139,train
15352,train
26422,train
59380,train
77034,train
98034,train
47009,train
33435,train
74052,train
34290,train
80661,train
23224,train
88251,train
54508,train
26891,train
34349,train
62876,train
17300,train
62776,train
87852,train
79285,train
4826,train
28892,train
91993,train
29148,train
45661,train
6461,train
48445,train
91893,train
4465,train
3654,train
73425,train
25445,train
13253,train
44007,train
94190,train
16113,train
81760,train
78676,train
78856,train
81127,train
70230,train
38325,train
3179,train
15416,train
24408,train
46646,train
48649,train
45222,train
33777,train
46282,train
79635,train
30895,train
950,train
75708,train
64438,train
30549,train
5417,train
42285,train
88467,train
72479,train
60847,train
47957,train
79583,train
11259,train
51508,train
72732,train
97499,train
7487,train
32187,train
79668,train
50797,train
87493,train
23546,train
82201,train
57569,train
93050,train
40092,train
85172,train
3469,train
23517,train
93568,train
18545,train
1340,train
7840,train
30965,train
24040,train
7656,train
79459,train
37597,train
32835,train
17537,train
44143,train
9947,train
22352,train
60996,train
86751,train
96434,train
42195,train
43986,train
95164,train
20940,train
96209,train
65328,train
71078,train
10146,train
68071,train
55671,train
48861,train
83766,train
26791,train
7062,train
28783,train
58439,train
91138,train
65219,train
17079,train
19516,train
20538,train
80065,train
43080,train
54332,train
77947,train
51736,train
37618,train
14283,train
58306,train
27258,train
27210,train
90265,train
81676,train
75592,train
60021,train
31434,train
50355,train
6525,train
9841,train
21957,train
5070,train
91457,train
89515,train
5519,train
1440,train
98754,train
39471,train
2119,train
24819,train
65533,train
78337,train
510,train
18898,train
36358,train
21459,train
78917,train
84259,train
68604,train
60796,train
75621,train
13292,train
19181,train
49255,train
84025,train
67329,train
96070,train
81961,train
78544,train
60232,train
33510,train
13708,train
84262,train
60794,train
86954,train
87780,train
54439,train
20566,train
85210,train
24918,train
77717,train
89213,train
10861,train
94281,train
91785,train
21836,train
91533,train
14244,train
82555,train
27273,train
8483,train
92994,train
93345,train
54653,train
63237,train
50930,train
19342,train
99211,train
35963,train
68661,train
12559,train
82509,train
84812,train
93510,train
15167,train
61134,train
36343,train
63034,train
96103,train
72406,train
27605,train
61943,train
9611,train
5451,train
6184,train
63760,train
33620,train
69848,train
98735,train
58674,train
31458,train
25990,train
4524,train
83905,train
80965,train
57379,train
54158,train
56057,train
33929,train
4818,train
62420,train
16766,train
88702,train
57260,train
25362,train
7650,train
57179,train
60659,train
32646,train
92476,train
90450,train
7734,train
9339,train
925,train
25455,train
49336,train
63166,train
60375,train
61570,train
47205,train
42311,train
34091,train
58198,train
60714,train
65849,train
26244,train
58688,train
19144,train
43119,train
14119,train
25043,train
58734,train
51222,train
5864,train
80341,train
24081,train
65577,train
87123,train
12465,train
19327,train
44262,train
43272,train
23225,train
10568,train
23613,train
73319,train
75763,train
95651,train
35600,train
59244,train
77564,train
79325,train
25224,train
54038,train
29819,train
72696,train
40944,train
78414,train
98478,train
74346,train
16018,train
7301,train
22855,train
41588,train
35431,train
76082,train
34430,train
63604,train
59214,train
5726,train
64736,train
65163,train
91269,train
23160,train
38541,train
6114,train
73200,train
5461,train
92493,train
19302,train
57803,train
78043,train
52540,train
65122,train
45535,train
2157,train
69687,train
51338,train
49722,train
70041,train
22763,train
50462,train
2249,train
72251,train
89031,train
25648,train
81934,train
25613,train
71042,train
16732,train
69066,train
34314,train
62315,train
20865,train
20345,train
93885,train
75202,train
49995,train
91061,train
89566,train
55433,train
91624,train
90074,train
70838,train
84917,train
54043,train
69143,train
7334,train
77853,train
39229,train
67539,train
34169,train
53695,train
8861,train
71351,train
43519,train
74885,train
82961,train
75953,train
55360,train
46748,train
64857,train
90646,train
63772,train
11084,train
4585,train
42864,train
41763,train
80335,train
63574,train
65966,train
47267,train
20275,train
51118,train
75300,train
40754,train
33772,train
93655,train
92049,train
5751,train
98027,train
18922,train
30624,train
46632,train
75339,train
78710,train
27875,train
36209,train
82013,train
62196,train
13474,train
79438,train
69973,train
42915,train
68,train
17319,train
33824,train
35555,train
33119,train
41559,train
54182,train
74655,train
48167,train
62537,train
1649,train
22826,train
17004,train
30682,train
64565,train
45768,train
81957,train
15112,train
43664,train
30679,train
68050,train
46644,train
69766,train
80475,train
15273,train
5428,train
78008,train
39448,train
89663,train
23100,train
30526,train
18290,train
10547,train
74038,train
59717,train
39010,train
51817,train
40193,train
90591,train
59537,train
7832,train
73686,train
30986,train
29462,train
52793,train
16775,train
39432,train
73009,train
3554,train
69081,train
81146,train
84146,train
28869,train
73077,train
564,train
15857,train
51904,train
79041,train
5483,train
49554,train
91491,train
85592,train
54372,train
2778,train
56674,train
64342,train
12602,train
97250,train
38166,train
80628,train
89513,train
35792,train
85989,train
60197,train
6042,train
82833,train
37938,train
92897,train
41952,train
90441,train
60405,train
96998,train
28513,train
64079,train
92893,train
54338,train
15710,train
82618,train
50324,train
73693,train
98598,train
28155,train
35379,train
69098,train
16132,train
42131,train
95768,train
83818,train
72963,train
86977,train
65465,train
16647,train
13938,train
97950,train
69625,train
72341,train
87826,train
40617,train
69984,train
66108,train
55292,train
77572,train
59518,train
79900,train
93419,train
99129,train
65294,train
27978,train
75237,train
21158,train
19061,train
99581,train
68440,train
48523,train
19216,train
58790,train
65224,train
84562,train
72243,train
2028,train
36905,train
30821,train
56305,train
61025,train
55279,train
47991,train
57446,train
34734,train
56568,train
48291,train
38142,train
97930,train
60211,train
3999,train
35423,train
87631,train
389,train
43958,train
4785,train
15677,train
45740,train
37063,train
32092,train
83862,train
84412,train
58139,train
71922,train
5946,train
23826,train
81813,train
72769,train
83168,train
96973,train
94870,train
33534,train
62432,train
32446,train
23933,train
43019,train
89240,train
55820,train
38269,train
71560,train
72201,train
4010,train
94855,train
44400,train
88981,train
33280,train
84941,train
88464,train
39762,train
60924,train
6602,train
12039,train
93500,train
56160,train
56020,train
81328,train
72679,train
61094,train
30640,train
40079,train
30946,train
25943,train
34156,train
58636,train
91682,train
83637,train
93761,train
50662,train
81699,train
94929,train
23870,train
20668,train
72420,train
93975,train
78684,train
41146,train
76826,train
14688,train
22599,train
33879,train
22519,train
69497,train
75279,train
29998,train
37866,train
19485,train
35581,train
37558,train
68962,train
40362,train
24790,train
25862,train
42434,train
86854,train
62098,train
76954,train
76460,train
31882,train
98221,train
99155,train
3866,train
95561,train
75453,train
69462,train
69401,train
14773,train
59542,train
89510,train
20098,train
74936,train
990,train
48502,train
14181,train
29294,train
52585,train
58815,train
33385,train
46326,train
72094,train
82140,train
52874,train
42481,train
65600,train
48455,train
25667,train
64152,train
43237,train
2871,train
37404,train
21464,train
99836,train
36264,train
45588,train
8428,train
43852,train
33883,train
18495,train
99347,train
62695,train
29204,train
65827,train
52384,train
35749,train
37167,train
20909,train
63408,train
55475,train
89795,train
99019,train
58248,train
77302,train
31191,train
31780,train
62612,train
44706,train
8793,train
97804,train
37549,train
31686,train
79744,train
20073,train
71454,train
50092,train
38423,train
22517,train
77224,train
90760,train
69894,train
94913,train
21569,train
61365,train
95518,train
81116,train
8673,train
93812,train
92963,train
73215,train
276,train
89597,train
19323,train
94792,train
88859,train
92086,train
10953,train
71872,train
21071,train
18687,train
39813,train
58627,train
37121,train
75894,train
35382,train
71442,train
61005,train
51701,train
5196,train
94990,train
84019,train
74188,train
66265,train
49138,train
73082,train
22693,train
14135,train
67665,train
95600,train
66948,train
57185,train
31881,train
25504,train
24922,train
63491,train
90042,train
24338,train
91251,train
1319,train
77345,train
49943,train
17575,train
57347,train
97740,train
27912,train
36194,train
46750,train
57214,train
49219,train
94408,train
48636,train
2440,train
79758,train
23142,train
71047,train
76489,train
92660,train
40146,train
42347,train
87670,train
74726,train
99803,train
89111,train
99652,train
86239,train
87447,train
97745,train
4290,train
4173,train
95509,train
9395,train
79478,train
37491,train
30836,train
85946,train
2070,train
31948,train
56799,train
88395,train
43683,train
62934,train
55118,train
44037,train
8843,train
17125,train
97899,train
44745,train
29245,train
90575,train
35912,train
78376,train
41161,train
18813,train
77473,train
59810,train
21772,train
72060,train
26511,train
7335,train
36102,train
7474,train
21730,train
63943,train
82996,train
15525,train
92497,train
75797,train
68769,train
43838,train
11319,train
94991,train
21518,train
17572,train
20261,train
37075,train
54153,train
94799,train
92981,train
5492,train
64588,train
24929,train
17724,train
50238,train
96122,train
27046,train
36410,train
86501,train
96792,train
1831,train
66226,train
22236,train
9488,train
34178,train
18104,train
16666,train
42770,train
32355,train
52419,train
30543,train
74417,train
1049,train
6728,train
87567,train
12742,train
21748,train
60384,train
99482,train
75523,train
47533,train
20791,train
2574,train
49896,train
70517,train
1629,train
74649,train
78640,train
49215,train
71439,train
8226,train
87923,train
86326,train
4786,train
40553,train
33358,train
47712,train
29012,train
12418,train
72390,train
6651,train
30577,train
69141,train
3775,train
66635,train
83869,train
32879,train
54101,train
58285,train
93309,train
97815,train
86521,train
36224,train
51361,train
24056,train
98006,train
83807,train
39377,train
99569,train
64372,train
57689,train
31758,train
94874,train
8945,train
10580,train
56779,train
96695,train
41775,train
72298,train
7825,train
61221,train
28258,train
7820,train
93118,train
84924,train
40236,train
30630,train
80774,train
255,train
9451,train
64018,train
97655,train
66406,train
28186,train
59356,train
62124,train
54504,train
57845,train
3836,train
68064,train
63811,train
94586,train
32851,train
12857,train
84055,train
19140,train
85500,train
9873,train
23306,train
23580,train
87980,train
41879,train
94590,train
46346,train
10014,train
93256,train
93315,train
40485,train
55460,train
97873,train
97321,train
18074,train
70485,train
39725,train
20397,train
44684,train
91787,train
75804,train
6210,train
53879,train
73310,train
19413,train
75672,train
86857,train
50850,train
67466,train
7699,train
63051,train
64866,train
10743,train
12564,train
31501,train
90955,train
61139,train
12147,train
83965,train
61299,train
17144,train
1441,train
53114,train
11068,train
77841,train
40189,train
8807,train
64979,train
88564,train
62538,train
7464,train
55399,train
4554,train
70278,train
14494,train
77801,train
45011,train
42665,train
24066,train
54127,train
55028,train
53769,train
97138,train
66654,train
26981,train
78615,train
18766,train
72308,train
54138,train
30505,train
70565,train
59155,train
93673,train
59387,train
84101,train
61300,train
69265,train
19693,train
1220,train
31743,train
37782,train
57477,train
77094,train
71277,train
47174,train
95885,train
15938,train
90079,train
64455,train
17497,train
58353,train
16269,train
22579,train
77942,train
86236,train
2261,train
49074,train
43829,train
77126,train
62302,train
61701,train
85944,train
53231,train
41104,train
48263,train
78227,train
98390,train
13686,train
88583,train
44124,train
79043,train
5218,train
72934,train
39330,train
82647,train
51194,train
30118,train
76836,train
12793,train
31092,train
12318,train
87964,train
59238,train
41505,train
91486,train
59291,train
89463,train
51715,train
95204,train
48607,train
33742,train
18434,train
46011,train
92867,train
92787,train
39572,train
69020,train
84237,train
24591,train
17746,train
27244,train
45686,train
37235,train
15870,train
43524,train
21943,train
27959,train
81294,train
10238,train
8395,train
15524,train
64321,train
60806,train
94366,train
67294,train
62627,train
30668,train
86860,train
88483,train
94129,train
54559,train
81142,train
71946,train
99082,train
83953,train
1179,train
67445,train
65737,train
59558,train
76676,train
22921,train
53916,train
90904,train
63674,train
77281,train
18360,train
52925,train
85588,train
20570,train
40935,train
2164,train
62407,train
45746,train
43183,train
62399,train
28877,train
57484,train
44631,train
98519,train
11149,train
66420,train
93624,train
75144,train
8964,train
8050,train
46175,train
57231,train
35235,train
93593,train
35913,train
60873,train
96098,train
63381,train
75394,train
56462,train
46524,train
72887,train
35031,train
75345,train
31766,train
40055,train
49676,train
21788,train
19054,train
28480,train
95653,train
98526,train
12224,train
97508,train
78038,train
62248,train
26544,train
44335,train
17659,train
82978,train
45124,train
10463,train
10751,train
21352,train
56679,train
77376,train
72610,train
86114,train
55743,train
86278,train
52571,train
96306,train
1327,train
80944,train
7946,train
21639,train
42138,train
31537,train
21868,train
75150,train
90393,train
47156,train
9242,train
68320,train
95106,train
51247,train
34732,train
68130,train
98501,train
61933,train
4604,train
46215,train
2059,train
30847,train
11565,train
9892,train
83069,train
44036,train
47448,train
79782,train
41368,train
54190,train
70157,train
62250,train
73660,train
61017,train
80686,train
24323,train
59117,train
71718,train
86874,train
69442,train
44644,train
82779,train
63831,train
99069,train
95499,train
70966,train
1380,train
85552,train
73449,train
43302,train
28733,train
22257,train
16579,train
10713,train
61096,train
24770,train
65116,train
61698,train
15378,train
53331,train
23182,train
14548,train
43900,train
88241,train
48588,train
63840,train
31215,train
81473,train
15991,train
83053,train
89464,train
53249,train
12382,train
35432,train
72822,train
32834,train
90910,train
97151,train
8009,train
52488,train
44295,train
68617,train
30218,train
42906,train
1749,train
86675,train
1513,train
46883,train
36629,train
74320,train
65793,train
2107,train
42650,train
14862,train
73705,train
26541,train
96661,train
86887,train
11566,train
64851,train
25683,train
12244,train
60501,train
55346,train
5956,train
15270,train
31727,train
22707,train
15662,train
8475,train
11233,train
68347,train
43276,train
80924,train
78094,train
71665,train
86711,train
18978,train
98024,train
82667,train
11810,train
68365,train
81337,train
38561,train
88766,train
52830,train
97651,train
57079,train
51149,train
22198,train
80738,train
30771,train
99301,train
1448,train
92026,train
55059,train
56562,train
33394,train
52965,train
52355,train
60409,train
16930,train
99825,train
76903,train
16329,train
5637,train
56196,train
74997,train
83481,train
76697,train
63022,train
11546,train
50774,train
55064,train
55311,train
38058,train
26067,train
22544,train
55951,train
80991,train
98530,train
22082,train
54270,train
19976,train
78065,train
63873,train
7011,train
52063,train
89378,train
13615,train
67312,train
33483,train
33298,train
14098,train
21913,train
95414,train
99583,train
13407,train
35181,train
6562,train
7360,train
35425,train
39236,train
91281,train
43436,train
48708,train
5583,train
82738,train
67559,train
46645,train
65904,train
40029,train
36894,train
49804,train
86733,train
88515,train
51298,train
98336,train
62605,train
41681,train
69335,train
5176,train
39413,train
56463,train
28861,train
80890,train
21966,train
71401,train
40041,train
59735,train
70923,train
70257,train
50435,train
57282,train
28614,train
95046,train
27061,train
24337,train
43688,train
69195,train
93167,train
55325,train
97036,train
803,train
72964,train
8586,train
39539,train
22218,train
97374,train
64428,train
9635,train
99807,train
30534,train
87737,train
82512,train
36751,train
58181,train
35145,train
74206,train
15370,train
51714,train
42508,train
68233,train
83711,train
49624,train
34353,train
72492,train
53633,train
34129,train
60002,train
85825,train
87415,train
33614,train
95686,train
46449,train
23432,train
95765,train
216,train
31223,train
37356,train
86818,train
12136,train
25743,train
93354,train
69794,train
88653,train
50978,train
36093,train
67363,train
47928,train
77895,train
81433,train
8165,train
90622,train
26840,train
33673,train
57893,train
287,train
94730,train
74425,train
19814,train
73920,train
21793,train
87510,train
1511,train
31099,train
28047,train
49476,train
80381,train
90620,train
16054,train
68941,train
27315,train
71350,train
5817,train
88273,train
62732,train
74826,train
94264,train
67530,train
952,train
45127,train
20183,train
36728,train
20159,train
9027,train
9221,train
29542,train
44017,train
93616,train
76094,train
99190,train
34106,train
12520,train
25843,train
39664,train
28284,train
37050,train
98132,train
23338,train
80828,train
75200,train
15269,train
5301,train
79994,train
96001,train
18700,train
57888,train
64328,train
13304,train
25363,train
67142,train
63567,train
45007,train
34770,train
18684,train
81727,train
10044,train
51215,train
94347,train
25333,train
79215,train
42364,train
86084,train
28397,train
52096,train
65626,train
7468,train
2546,train
94361,train
74130,train
69436,train
3264,train
83771,train
81978,train
73655,train
19505,train
6984,train
81723,train
98921,train
42894,train
398,train
62689,train
47037,train
39457,train
39285,train
72349,train
33659,train
95385,train
62988,train
18169,train
1257,train
65022,train
4687,train
7447,train
58107,train
26842,train
93727,train
64713,train
42577,train
69553,train
77241,train
50470,train
7818,train
40487,train
98717,train
26961,train
36178,train
17891,train
72504,train
91545,train
73349,train
93133,train
28440,train
90836,train
34276,train
35461,train
2311,train
11988,train
95355,train
97247,train
61983,train
15214,train
96943,train
15396,train
5465,train
86873,train
279,train
19306,train
34394,train
68435,train
20644,train
94698,train
83774,train
48896,train
85546,train
19143,train
43675,train
56293,train
91914,train
84759,train
81904,train
37324,train
92065,train
74173,train
26492,train
64284,train
73563,train
84406,train
43535,train
72667,train
71220,train
204,train
36082,train
32549,train
60716,train
26434,train
75204,train
53741,train
8622,train
54004,train
54063,train
93389,train
14130,train
89653,train
77848,train
8426,train
38941,train
90675,train
96269,train
17868,train
46062,train
74043,train
90736,train
2994,train
99391,train
41486,train
23615,train
57754,train
69120,train
95183,train
39358,train
60477,train
52549,train
161,train
59956,train
2090,train
19238,train
61334,train
71301,train
13813,train
74611,train
54245,train
36913,train
87037,train
46731,train
43948,train
10606,train
12590,train
52678,train
47964,train
53541,train
86655,train
83738,train
34402,train
83616,train
65505,train
84804,train
42610,train
56212,train
35016,train
1482,train
31592,train
98119,train
31274,train
59858,train
95860,train
94087,train
13850,train
48513,train
93402,train
4456,train
54561,train
4682,train
47173,train
99959,train
21783,train
39414,train
73469,train
12112,train
18375,train
4537,train
89774,train
91595,train
97218,train
74907,train
50690,train
45815,train
18354,train
90797,train
840,train
80102,train
65217,train
85967,train
7604,train
94377,train
83494,train
85032,train
76582,train
95687,train
18366,train
17104,train
11530,train
91078,train
13889,train
12169,train
85745,train
97111,train
73427,train
98110,train
5231,train
46389,train
9988,train
16947,train
88416,train
5801,train
14041,train
88808,train
29431,train
24481,train
87466,train
52811,train
51891,train
20828,train
45710,train
44326,train
87074,train
83709,train
83062,train
62458,train
52343,train
53109,train
86801,train
21040,train
46414,train
50304,train
91171,train
8244,train
92612,train
41361,train
82881,train
74217,train
48457,train
66443,train
80339,train
1124,train
77799,train
81047,train
75007,train
3172,train
23948,train
41034,train
78851,train
36420,train
27894,train
5237,train
13700,train
19744,train
98178,train
62588,train
68947,train
61189,train
773,train
39344,train
85947,train
33815,train
97607,train
84182,train
30778,train
91294,train
4843,train
5610,train
11848,train
98452,train
48032,train
41479,train
1667,train
80819,train
28868,train
56434,train
52689,train
79236,train
91423,train
1912,train
89485,train
41042,train
49292,train
26702,train
49343,train
78054,train
29421,train
13097,train
69456,train
75244,train
55517,train
10765,train
19708,train
88657,train
97559,train
31247,train
199,train
1060,train
77600,train
48680,train
14015,train
47839,train
28705,train
65509,train
14697,train
24647,train
62233,train
80778,train
44529,train
12803,train
10887,train
9624,train
87792,train
39495,train
65625,train
1189,train
42476,train
2357,train
80348,train
57276,train
44658,train
18126,train
13463,train
35492,train
90600,train
3320,train
64211,train
61621,train
94605,train
36638,train
23564,train
90466,train
3997,train
38251,train
60986,train
98987,train
48363,train
46200,train
99048,train
78446,train
27290,train
17830,train
35821,train
53344,train
93847,train
60080,train
16777,train
29912,train
52107,train
93485,train
61891,train
26658,train
23884,train
80477,train
88206,train
75713,train
74802,train
6086,train
40618,train
4963,train
73482,train
56976,train
43129,train
6903,train
32072,train
60708,train
16622,train
38301,train
75068,train
66337,train
79057,train
41707,train
73066,train
9210,train
80886,train
99483,train
43977,train
15031,train
54566,train
30935,train
38775,train
13113,train
84421,train
44393,train
41748,train
10386,train
37165,train
43319,train
65679,train
18176,train
62996,train
59652,train
39466,train
12755,train
41098,train
77619,train
28813,train
43444,train
56594,train
15614,train
5618,train
76068,train
29297,train
49257,train
64623,train
95033,train
42120,train
1385,train
81330,train
19632,train
23023,train
74103,train
77060,train
50485,train
62782,train
96811,train
92409,train
26766,train
36488,train
41534,train
51554,train
51702,train
79005,train
96543,train
25372,train
83176,train
62912,train
68805,train
70090,train
34383,train
24216,train
85897,train
11902,train
29921,train
84324,train
35358,train
73986,train
62914,train
73274,train
33465,train
54605,train
69135,train
85889,train
64238,train
33655,train
33649,train
4355,train
75020,train
69358,train
11582,train
17482,train
68795,train
42503,train
22548,train
4195,train
93316,train
75888,train
30434,train
63666,train
97556,train
97721,train
66964,train
71991,train
25610,train
6639,train
25264,train
80079,train
7545,train
3503,train
6145,train
36749,train
24645,train
93778,train
90276,train
71230,train
4707,train
51825,train
32116,train
35118,train
9963,train
71575,train
68657,train
72110,train
81857,train
41188,train
68743,train
75292,train
73646,train
71445,train
41151,train
67974,train
71868,train
34709,train
98610,train
12303,train
65374,train
7701,train
37768,train
51564,train
12456,train
72186,train
98744,train
43476,train
77821,train
52718,train
97577,train
83816,train
92073,train
79305,train
41228,train
37480,train
7893,train
32143,train
67964,train
79995,train
18218,train
52204,train
70502,train
66790,train
76733,train
56788,train
29715,train
40551,train
18625,train
42233,train
88008,train
77754,train
71160,train
91419,train
83896,train
43497,train
90246,train
47862,train
28340,train
16387,train
22282,train
82899,train
88938,train
77872,train
3839,train
82865,train
70756,train
34656,train
4301,train
79600,train
7340,train
90865,train
16258,train
67760,train
52722,train
80996,train
57508,train
25904,train
58509,train
35929,train
43475,train
26623,train
36434,train
28468,train
72335,train
60083,train
65157,train
69975,train
50347,train
63297,train
44782,train
3131,train
66325,train
11927,train
23477,train
80351,train
95553,train
13610,train
89736,train
86582,train
71793,train
45187,train
17370,train
39485,train
28608,train
65815,train
52552,train
47611,train
71046,train
93916,train
4150,train
49472,train
71911,train
17516,train
96304,train
81443,train
72326,train
32287,train
71730,train
39968,train
50434,train
94406,train
96265,train
65164,train
60192,train
50666,train
54357,train
28858,train
16220,train
99594,train
87001,train
70839,train
34513,train
98860,train
55138,train
7991,train
36617,train
12581,train
5576,train
90633,train
8680,train
48826,train
67826,train
83308,train
20780,train
67139,train
84830,train
63684,train
34296,train
89214,train
6217,train
49158,train
76995,train
58270,train
30861,train
50745,train
40475,train
98968,train
37292,train
78984,train
8643,train
75432,train
42500,train
41455,train
78233,train
90531,train
35615,train
51866,train
95224,train
74794,train
42578,train
40521,train
80337,train
92652,train
53531,train
74917,train
57669,train
61153,train
15643,train
22276,train
80326,train
10133,train
26933,train
75211,train
16937,train
36764,train
92127,train
38920,train
34639,train
77644,train
55213,train
10732,train
84505,train
37441,train
97735,train
79531,train
38660,train
24442,train
13235,train
62223,train
51592,train
95149,train
45767,train
97176,train
3345,train
87751,train
75286,train
58371,train
62180,train
176,train
39093,train
25206,train
23114,train
66748,train
50316,train
62037,train
99934,train
74311,train
70340,train
22279,train
23788,train
28720,train
52402,train
41128,train
84569,train
96179,train
50605,train
21789,train
81805,train
25499,train
92253,train
16696,train
21927,train
2681,train
42056,train
67213,train
61046,train
45613,train
6285,train
28335,train
29396,train
58896,train
22050,train
12851,train
93613,train
55651,train
8354,train
78575,train
90191,train
26112,train
3177,train
24351,train
3569,train
48931,train
53398,train
49585,train
14944,train
24298,train
86674,train
78216,train
77665,train
5322,train
69491,train
15472,train
62595,train
10025,train
94566,train
12402,train
38733,train
80017,train
87518,train
85877,train
26617,train
93607,train
35817,train
31361,train
19483,train
95591,train
33474,train
40446,train
42411,train
54780,train
56265,train
7976,train
6497,train
47499,train
71945,train
48065,train
91848,train
4462,train
38101,train
17476,train
55275,train
2113,train
72138,train
76977,train
42435,train
16356,train
23622,train
24479,train
7829,train
20076,train
91592,train
12249,train
14952,train
25506,train
45337,train
1323,train
86332,train
35072,train
78531,train
57916,train
98160,train
60353,train
63474,train
76166,train
58544,train
55990,train
50308,train
18455,train
64165,train
35837,train
61522,train
31332,train
74092,train
90290,train
32457,train
62716,train
54509,train
28799,train
65426,train
4538,train
45417,train
19229,train
96379,train
56843,train
13849,train
27472,train
17938,train
99456,train
87333,train
31017,train
2865,train
59984,train
57400,train
44325,train
9143,train
1115,train
15649,train
81761,train
7594,train
21483,train
30527,train
48970,train
65139,train
14387,train
19835,train
21972,train
2351,train
88578,train
91211,train
52323,train
27695,train
8216,train
62181,train
77887,train
45429,train
50654,train
74006,train
44813,train
34305,train
65043,train
3529,train
30954,train
35629,train
64659,train
81235,train
48868,train
10476,train
58837,train
9403,train
7573,train
56221,train
61639,train
24746,train
11901,train
58835,train
80642,train
50241,train
49690,train
26457,train
14606,train
37496,train
91224,train
22333,train
82794,train
3221,train
79189,train
73207,train
76618,train
35731,train
3266,train
8980,train
98831,train
83910,train
12896,train
35085,train
18276,train
53329,train
58187,train
35344,train
76149,train
93093,train
76970,train
91919,train
23983,train
82725,train
36939,train
45400,train
46706,train
87401,train
91007,train
55302,train
59115,train
68994,train
78511,train
76728,train
32692,train
98310,train
52520,train
86868,train
9247,train
52631,train
24694,train
6585,train
94644,train
23738,train
11553,train
35434,train
11708,train
56616,train
86406,train
14235,train
32583,train
13599,train
50456,train
44097,train
36635,train
75461,train
27063,train
66258,train
24565,train
56511,train
74400,train
87111,train
35848,train
40847,train
73915,train
70705,train
22704,train
37002,train
91514,train
26012,train
98324,train
42265,train
34620,train
57225,train
44599,train
63343,train
99762,train
74629,train
27994,train
1423,train
11809,train
73624,train
40846,train
47131,train
31931,train
35126,train
35054,train
20451,train
61751,train
60423,train
48226,train
42398,train
62597,train
12684,train
63446,train
7381,train
44974,train
93995,train
13136,train
76696,train
79171,train
97188,train
71725,train
26862,train
80667,train
15355,train
95063,train
42998,train
43930,train
15380,train
918,train
40725,train
5502,train
37358,train
53354,train
53617,train
22727,train
44971,train
73595,train
1344,train
1591,train
54386,train
47093,train
95161,train
67353,train
30920,train
81873,train
15842,train
50425,train
27203,train
51765,train
24244,train
93594,train
81694,train
88625,train
2172,train
48254,train
71120,train
52643,train
43404,train
81771,train
31589,train
56997,train
47269,train
61901,train
69784,train
88182,train
18060,train
81440,train
79695,train
18174,train
27782,train
80040,train
84252,train
4508,train
